{"players": {"GM": "Game master for datingsim", "Player 1": "Mixtral-8x22B-Instruct-v0.1", "Player 2": "Mixtral-8x22B-Instruct-v0.1"}, "turns": [[{"from": "GM", "to": "Player 1", "timestamp": "2024-09-12T14:56:00.042002", "action": {"type": "send message", "content": "You are about to play a game with another player. In this game, you and the other player are both on an dating app, looking for a partner. In this case, both you and the other player decided, that you fancy each other's profile. Your and the other player's GOAL is it, to come to an agreement on what to do on your first date. At the start of the game you will be given two character sheets. The first one is the one, that defines your personality. The second one includes the information you know of the other player based on the information in their Bio on the dating app. You will start the conversation.\nOn each further turn you can react to what the other player tells you. For this you can either continue the conversation if you have not met an agreement yet or are not happy with the proposal, or end the game by agreeing to the proposal. \n\nThere is a total of four agreements throughout the game: \"Agreement on Time\", \"Agreement on Location\", \"Agreement on Action\", \"Overall Agreement\". You and the other player need to find an agreement on each of them.\nYou should only choose \"Overall Agreement\" after you and your date manage to settle an agreement for the other three ones (Time, Location, Action). \nYou have 15 turns to finish the game and find all agreements. \n\nYour answer has to consist ONLY of the following information and follow the given template:\n\n[reason] Your reason for your decision. [end]\n\n[sentiment] Choose one of the following: \"Continue Conversation\", \"Agreement on Time\", \"Agreement on Location\", \"Agreement on Action\", \"Overall Agreement\" [end]\n\n[response] Your response to the other player. This can include your sentiment, opinion, alternative. [end]\n\nYour answer for [response] must NOT exceed 100 tokens.\n\nThe game ends when 1) both you and the other player reply with the sentiment \"Overall Agreement\", 2) one of you chooses the sentiment \"Overall Agreement\" without the other one choosing it in the following turn, 3) you run out of turns to communicate or 4) you do not follow the template.\n\nThis is your character: {'NAME': 'Riley Jones', 'GENDER': 'Non-binary', 'AGE': 38, 'APPEARANCE': 'Buzz cut, warm hazel eyes, androgynous build with toned muscles, wears comfortable yet stylish clothing.', 'OCCUPATION': 'Blacksmith', 'LIKES': 'The rhythm of forging metal, creating functional art, working with their hands.', 'DISLIKES': 'Idleness, pretentiousness, following the rules just for the sake of it.', 'HOBBIES': 'Sculpting metal into art pieces, weightlifting, historical reenactment.', 'SUMMARY': 'Creating jewlry is a passion of mine! Maybe we can forge something together sometime.'}\n\nThis is the character of the other player: ${'NAME': 'Alex Morgan', 'SUMMARY': \"I'd describe myself as a punk, trying to express myself with various types of art.\"}\n\nRemember, your goal is to find the overall agreement for your first date while staying in character.\n\nStart the game with the reason, your sentiment and the opening phrase.\n"}}, {"from": "Player 1", "to": "GM", "timestamp": "2024-09-12T14:56:01.519734", "action": {"type": "get message", "content": "[reason] I'm intrigued by Alex's artistic side and their punk aesthetic. I think it would be interesting to find a date activity that combines our shared love for art and creativity. [end]\n\n[sentiment] Continue Conversation [end]\n\n[response] Hey Alex, I'm Riley. I love your punk style and passion for art. How about we combine our interests and create something unique for our first date? [end]"}}, {"from": "GM", "to": "GM", "timestamp": "2024-09-12T14:56:01.519734", "action": {"type": "parse", "content": "[reason] I'm intrigued by Alex's artistic side and their punk aesthetic. I think it would be interesting to find a date activity that combines our shared love for art and creativity. [end]\n\n[sentiment] Continue Conversation [end]\n\n[response] Hey Alex, I'm Riley. I love your punk style and passion for art. How about we combine our interests and create something unique for our first date? [end] conforms to rules"}}], [{"from": "GM", "to": "Player 2", "timestamp": "2024-09-12T14:56:01.519734", "action": {"type": "send message", "content": "You are about to play a game with another player. In this game, you and the other player are both on an dating app, looking for a partner. In this case, both you and the other player decided, that you fancy each other's profile. Your and the other player's GOAL is it, to come to an agreement on what to do on your first date. At the start of the game you will be given two character sheets. The first one is the one, that defines your personality. The second one includes the information you know of the other player based on the information in their Bio on the dating app. You will be approached by the other player.\nOn each further turn you can react to what the other player tells you. For this you can either continue the conversation if you have not met an agreement yet or are not happy with the proposal, or end the game by agreeing to the proposal. \n\nThere is a total of four agreements throughout the game: \"Agreement on Time\", \"Agreement on Location\", \"Agreement on Action\", \"Overall Agreement\". You and the other player need to find an agreement on each of them.\nYou should only choose \"Overall Agreement\" after you and your date manage to settle an agreement for the other three ones (Time, Location, Action). \nYou have 15 turns to finish the game and find all agreements. \n\nYour answer has to consist ONLY of the following information and follow the given template:\n\n[reason] Your reason for your decision. [end]\n\n[sentiment] Choose one of the following: \"Continue Conversation\", \"Agreement on Time\", \"Agreement on Location\", \"Agreement on Action\", \"Overall Agreement\" [end]\n\n[response] Your response to the other player. This can include your sentiment, opinion, alternative. [end]\n\nYour answer for [response] must NOT exceed 100 tokens.\n\nThe game ends when 1) both you and the other player reply with the sentiment \"Overall Agreement\", 2) one of you chooses the sentiment \"Overall Agreement\" without the other one choosing it in the following turn, 3) you run out of turns to communicate or 4) you do not follow the template.\n\nThis is your character: {'NAME': 'Alex Morgan', 'GENDER': 'Non-binary', 'AGE': 30, 'APPEARANCE': 'Short dyed blue hair, green eyes, androgynous fashion, piercings, confident demeanor.', 'OCCUPATION': 'Tattoo Artist', 'LIKES': 'Street art, alternative music, vegan food.', 'DISLIKES': 'Stereotypes, conformity, pollution.', 'HOBBIES': 'Skateboarding, drawing, attending music festivals.', 'SUMMARY': \"I'd describe myself as a punk, trying to express myself with various types of art.\"}\n\nThis is the character of the other player: ${'NAME': 'Riley Jones', 'SUMMARY': 'Creating jewlry is a passion of mine! Maybe we can forge something together sometime.'}\n\nRemember, your goal is to find the overall agreement for your first date while staying in character.\n\nContinue the game with the reason, your sentiment and an answer phrase to the first message of the other player:\n\nMessage:  Hey Alex, I'm Riley. I love your punk style and passion for art. How about we combine our interests and create something unique for our first date? [end]\n"}}, {"from": "Player 2", "to": "GM", "timestamp": "2024-09-12T14:56:03.119882", "action": {"type": "get message", "content": "[reason] Riley's suggestion to combine our interests and create something unique for our first date aligns with my passion for art and alternative experiences. [end]\n\n[sentiment] Continue Conversation [end]\n\n[response] Hey Riley, I'm Alex. I'm really into your idea of combining our interests. How about we create some custom jewelry together? We could do it at a local art studio or even at my tattoo shop. [end]"}}, {"from": "GM", "to": "GM", "timestamp": "2024-09-12T14:56:03.119882", "action": {"type": "parse", "content": "[reason] Riley's suggestion to combine our interests and create something unique for our first date aligns with my passion for art and alternative experiences. [end]\n\n[sentiment] Continue Conversation [end]\n\n[response] Hey Riley, I'm Alex. I'm really into your idea of combining our interests. How about we create some custom jewelry together? We could do it at a local art studio or even at my tattoo shop. [end] conforms to rules"}}], [{"from": "GM", "to": "Player 1", "timestamp": "2024-09-12T14:56:03.119882", "action": {"type": "send message", "content": "Alex Morgan 's Message:  Hey Riley, I'm Alex. I'm really into your idea of combining our interests. How about we create some custom jewelry together? We could do it at a local art studio or even at my tattoo shop. [end]\n"}}, {"from": "Player 1", "to": "GM", "timestamp": "2024-09-12T14:56:04.537629", "action": {"type": "get message", "content": "[reason] I appreciate Alex's enthusiasm and their suggestion to create custom jewelry together. I think it's a great idea, and I'm excited about the possibility of doing it at their tattoo shop. [end]\n\n[sentiment] Agreement on Action [end]\n\n[response] That sounds amazing, Alex! I'm all for creating custom jewelry together. Your tattoo shop sounds like a perfect location for our artistic collaboration. [end]"}}, {"from": "GM", "to": "GM", "timestamp": "2024-09-12T14:56:04.538706", "action": {"type": "parse", "content": "[reason] I appreciate Alex's enthusiasm and their suggestion to create custom jewelry together. I think it's a great idea, and I'm excited about the possibility of doing it at their tattoo shop. [end]\n\n[sentiment] Agreement on Action [end]\n\n[response] That sounds amazing, Alex! I'm all for creating custom jewelry together. Your tattoo shop sounds like a perfect location for our artistic collaboration. [end] conforms to rules"}}], [{"from": "GM", "to": "Player 2", "timestamp": "2024-09-12T14:56:04.538706", "action": {"type": "send message", "content": "Riley Jones 's Message:  That sounds amazing, Alex! I'm all for creating custom jewelry together. Your tattoo shop sounds like a perfect location for our artistic collaboration. [end]\n"}}, {"from": "Player 2", "to": "GM", "timestamp": "2024-09-12T14:56:05.803624", "action": {"type": "get message", "content": "[reason] Riley is enthusiastic about my suggestion to create custom jewelry together at my tattoo shop. [end]\n\n[sentiment] Agreement on Location [end]\n\n[response] I'm glad you like the idea, Riley! My tattoo shop it is. Now, we just need to decide on a time and date that works for both of us. [end]"}}, {"from": "GM", "to": "GM", "timestamp": "2024-09-12T14:56:05.803624", "action": {"type": "parse", "content": "[reason] Riley is enthusiastic about my suggestion to create custom jewelry together at my tattoo shop. [end]\n\n[sentiment] Agreement on Location [end]\n\n[response] I'm glad you like the idea, Riley! My tattoo shop it is. Now, we just need to decide on a time and date that works for both of us. [end] conforms to rules"}}, {"from": "GM", "to": "GM", "timestamp": "2024-09-12T14:56:05.804620", "action": {"type": "mismatch action agreement", "content": "no action agreement, mismatched sentiment"}}], [{"from": "GM", "to": "Player 1", "timestamp": "2024-09-12T14:56:05.804620", "action": {"type": "send message", "content": "Alex Morgan 's Message:  I'm glad you like the idea, Riley! My tattoo shop it is. Now, we just need to decide on a time and date that works for both of us. [end]\n"}}, {"from": "Player 1", "to": "GM", "timestamp": "2024-09-12T14:56:07.323877", "action": {"type": "get message", "content": "[reason] I'm happy that Alex is on board with the idea of creating custom jewelry at their tattoo shop. Now, we need to find a suitable time and date for our first date. [end]\n\n[sentiment] Continue Conversation [end]\n\n[response] That's great, Alex! How about we find a time and date that works for both of us? I'm usually free on weekends, but I can also make time during the week if needed. [end]"}}, {"from": "GM", "to": "GM", "timestamp": "2024-09-12T14:56:07.324891", "action": {"type": "parse", "content": "[reason] I'm happy that Alex is on board with the idea of creating custom jewelry at their tattoo shop. Now, we need to find a suitable time and date for our first date. [end]\n\n[sentiment] Continue Conversation [end]\n\n[response] That's great, Alex! How about we find a time and date that works for both of us? I'm usually free on weekends, but I can also make time during the week if needed. [end] conforms to rules"}}, {"from": "GM", "to": "GM", "timestamp": "2024-09-12T14:56:07.324891", "action": {"type": "mismatch location agreement", "content": "no location agreement, mismatched sentiment"}}], [{"from": "GM", "to": "Player 2", "timestamp": "2024-09-12T14:56:07.324891", "action": {"type": "send message", "content": "Riley Jones 's Message:  That's great, Alex! How about we find a time and date that works for both of us? I'm usually free on weekends, but I can also make time during the week if needed. [end]\n"}}, {"from": "Player 2", "to": "GM", "timestamp": "2024-09-12T14:56:08.635774", "action": {"type": "get message", "content": "[reason] Riley is flexible with their schedule and is open to meeting on weekends or during the week. [end]\n\n[sentiment] Continue Conversation [end]\n\n[response] I appreciate your flexibility, Riley. I'm usually free on weekends as well. How about we meet at my tattoo shop next Saturday at 2 PM? [end]"}}, {"from": "GM", "to": "GM", "timestamp": "2024-09-12T14:56:08.636774", "action": {"type": "parse", "content": "[reason] Riley is flexible with their schedule and is open to meeting on weekends or during the week. [end]\n\n[sentiment] Continue Conversation [end]\n\n[response] I appreciate your flexibility, Riley. I'm usually free on weekends as well. How about we meet at my tattoo shop next Saturday at 2 PM? [end] conforms to rules"}}], [{"from": "GM", "to": "Player 1", "timestamp": "2024-09-12T14:56:08.636774", "action": {"type": "send message", "content": "Alex Morgan 's Message:  I appreciate your flexibility, Riley. I'm usually free on weekends as well. How about we meet at my tattoo shop next Saturday at 2 PM? [end]\n"}}, {"from": "Player 1", "to": "GM", "timestamp": "2024-09-12T14:56:10.321506", "action": {"type": "get message", "content": "[reason] I'm glad that Alex suggested a time that works for both of us. Meeting at their tattoo shop next Saturday at 2 PM sounds like a perfect plan for our first date. [end]\n\n[sentiment] Agreement on Time [end]\n\n[response] Next Saturday at 2 PM works perfectly for me, Alex! I'm looking forward to our creative date at your tattoo shop. [end]"}}, {"from": "GM", "to": "GM", "timestamp": "2024-09-12T14:56:10.321506", "action": {"type": "parse", "content": "[reason] I'm glad that Alex suggested a time that works for both of us. Meeting at their tattoo shop next Saturday at 2 PM sounds like a perfect plan for our first date. [end]\n\n[sentiment] Agreement on Time [end]\n\n[response] Next Saturday at 2 PM works perfectly for me, Alex! I'm looking forward to our creative date at your tattoo shop. [end] conforms to rules"}}], [{"from": "GM", "to": "Player 2", "timestamp": "2024-09-12T14:56:10.321506", "action": {"type": "send message", "content": "Riley Jones 's Message:  Next Saturday at 2 PM works perfectly for me, Alex! I'm looking forward to our creative date at your tattoo shop. [end]\n"}}, {"from": "Player 2", "to": "GM", "timestamp": "2024-09-12T14:56:11.477143", "action": {"type": "get message", "content": "[reason] Riley has agreed to meet at my tattoo shop next Saturday at 2 PM. [end]\n\n[sentiment] Agreement on Time [end]\n\n[response] I'm glad we could find a time that works for both of us, Riley. I'm really looking forward to our creative date as well. [end]"}}, {"from": "GM", "to": "GM", "timestamp": "2024-09-12T14:56:11.478141", "action": {"type": "parse", "content": "[reason] Riley has agreed to meet at my tattoo shop next Saturday at 2 PM. [end]\n\n[sentiment] Agreement on Time [end]\n\n[response] I'm glad we could find a time that works for both of us, Riley. I'm really looking forward to our creative date as well. [end] conforms to rules"}}, {"from": "GM", "to": "GM", "timestamp": "2024-09-12T14:56:11.478141", "action": {"type": "time agreement", "content": "agreement on time successful"}}], [{"from": "GM", "to": "Player 1", "timestamp": "2024-09-12T14:56:11.478141", "action": {"type": "send message", "content": "Alex Morgan 's Message:  I'm glad we could find a time that works for both of us, Riley. I'm really looking forward to our creative date as well. [end]\n"}}, {"from": "Player 1", "to": "GM", "timestamp": "2024-09-12T14:56:13.003940", "action": {"type": "get message", "content": "[reason] I'm pleased that Alex and I have found a time that works for both of us. Our creative date at their tattoo shop is shaping up to be a memorable experience. [end]\n\n[sentiment] Continue Conversation [end]\n\n[response] Me too, Alex! I can't wait to see what we come up with during our creative date. Is there anything specific you'd like to create or any materials you'd like to use? [end]"}}, {"from": "GM", "to": "GM", "timestamp": "2024-09-12T14:56:13.003940", "action": {"type": "parse", "content": "[reason] I'm pleased that Alex and I have found a time that works for both of us. Our creative date at their tattoo shop is shaping up to be a memorable experience. [end]\n\n[sentiment] Continue Conversation [end]\n\n[response] Me too, Alex! I can't wait to see what we come up with during our creative date. Is there anything specific you'd like to create or any materials you'd like to use? [end] conforms to rules"}}, {"from": "GM", "to": "GM", "timestamp": "2024-09-12T14:56:13.003940", "action": {"type": "mismatch time agreement", "content": "no time agreement, mismatched sentiment"}}], [{"from": "GM", "to": "Player 2", "timestamp": "2024-09-12T14:56:13.003940", "action": {"type": "send message", "content": "Riley Jones 's Message:  Me too, Alex! I can't wait to see what we come up with during our creative date. Is there anything specific you'd like to create or any materials you'd like to use? [end]\n"}}, {"from": "Player 2", "to": "GM", "timestamp": "2024-09-12T14:56:14.471184", "action": {"type": "get message", "content": "[reason] Riley is interested in knowing if I have any specific ideas or materials in mind for our creative date. [end]\n\n[sentiment] Continue Conversation [end]\n\n[response] I'm open to any ideas, Riley. I have a variety of materials at my tattoo shop, including beads, wire, and metal stamps. We can create something unique together based on our shared interests. [end]"}}, {"from": "GM", "to": "GM", "timestamp": "2024-09-12T14:56:14.471184", "action": {"type": "parse", "content": "[reason] Riley is interested in knowing if I have any specific ideas or materials in mind for our creative date. [end]\n\n[sentiment] Continue Conversation [end]\n\n[response] I'm open to any ideas, Riley. I have a variety of materials at my tattoo shop, including beads, wire, and metal stamps. We can create something unique together based on our shared interests. [end] conforms to rules"}}], [{"from": "GM", "to": "Player 1", "timestamp": "2024-09-12T14:56:14.471184", "action": {"type": "send message", "content": "Alex Morgan 's Message:  I'm open to any ideas, Riley. I have a variety of materials at my tattoo shop, including beads, wire, and metal stamps. We can create something unique together based on our shared interests. [end]\n"}}, {"from": "Player 1", "to": "GM", "timestamp": "2024-09-12T14:56:16.314279", "action": {"type": "get message", "content": "[reason] I'm excited that Alex is open to any ideas and has a variety of materials available at their tattoo shop. This will allow us to create something truly unique and personalized during our first date. [end]\n\n[sentiment] Agreement on Location [end]\n\n[response] That's fantastic, Alex! With the materials you have at your tattoo shop, I'm sure we'll create something amazing together. I can't wait to see what we come up with. [end]"}}, {"from": "GM", "to": "GM", "timestamp": "2024-09-12T14:56:16.315276", "action": {"type": "parse", "content": "[reason] I'm excited that Alex is open to any ideas and has a variety of materials available at their tattoo shop. This will allow us to create something truly unique and personalized during our first date. [end]\n\n[sentiment] Agreement on Location [end]\n\n[response] That's fantastic, Alex! With the materials you have at your tattoo shop, I'm sure we'll create something amazing together. I can't wait to see what we come up with. [end] conforms to rules"}}], [{"from": "GM", "to": "Player 2", "timestamp": "2024-09-12T14:56:16.315276", "action": {"type": "send message", "content": "Riley Jones 's Message:  That's fantastic, Alex! With the materials you have at your tattoo shop, I'm sure we'll create something amazing together. I can't wait to see what we come up with. [end]\n"}}, {"from": "Player 2", "to": "GM", "timestamp": "2024-09-12T14:56:17.645123", "action": {"type": "get message", "content": "[reason] Riley is excited about the materials available at my tattoo shop and is looking forward to creating something amazing together. [end]\n\n[sentiment] Agreement on Action [end]\n\n[response] I'm thrilled to hear that, Riley. I'm confident that we'll create something amazing together during our creative date. [end]"}}, {"from": "GM", "to": "GM", "timestamp": "2024-09-12T14:56:17.646121", "action": {"type": "parse", "content": "[reason] Riley is excited about the materials available at my tattoo shop and is looking forward to creating something amazing together. [end]\n\n[sentiment] Agreement on Action [end]\n\n[response] I'm thrilled to hear that, Riley. I'm confident that we'll create something amazing together during our creative date. [end] conforms to rules"}}, {"from": "GM", "to": "GM", "timestamp": "2024-09-12T14:56:17.646121", "action": {"type": "mismatch location agreement", "content": "no location agreement, mismatched sentiment"}}], [{"from": "GM", "to": "Player 1", "timestamp": "2024-09-12T14:56:17.646121", "action": {"type": "send message", "content": "Alex Morgan 's Message:  I'm thrilled to hear that, Riley. I'm confident that we'll create something amazing together during our creative date. [end]\n"}}, {"from": "Player 1", "to": "GM", "timestamp": "2024-09-12T14:56:19.504202", "action": {"type": "get message", "content": "[reason] I'm glad that Alex shares my enthusiasm for our creative date. With our shared interests and the materials available at their tattoo shop, I'm confident that we'll have a memorable first date. [end]\n\n[sentiment] Overall Agreement [end]\n\n[response] I couldn't agree more, Alex! I'm really looking forward to our creative date at your tattoo shop next Saturday at 2 PM. I'm sure it will be a memorable experience for both of us. [end]"}}, {"from": "GM", "to": "GM", "timestamp": "2024-09-12T14:56:19.505211", "action": {"type": "parse", "content": "[reason] I'm glad that Alex shares my enthusiasm for our creative date. With our shared interests and the materials available at their tattoo shop, I'm confident that we'll have a memorable first date. [end]\n\n[sentiment] Overall Agreement [end]\n\n[response] I couldn't agree more, Alex! I'm really looking forward to our creative date at your tattoo shop next Saturday at 2 PM. I'm sure it will be a memorable experience for both of us. [end] conforms to rules"}}, {"from": "GM", "to": "GM", "timestamp": "2024-09-12T14:56:19.505211", "action": {"type": "mismatch action agreement", "content": "no action agreement, mismatched sentiment"}}], [{"from": "GM", "to": "Player 2", "timestamp": "2024-09-12T14:56:19.505211", "action": {"type": "send message", "content": "Riley Jones 's Message:  I couldn't agree more, Alex! I'm really looking forward to our creative date at your tattoo shop next Saturday at 2 PM. I'm sure it will be a memorable experience for both of us. [end]\n"}}, {"from": "Player 2", "to": "GM", "timestamp": "2024-09-12T14:56:20.652008", "action": {"type": "get message", "content": "[reason] Riley is looking forward to our creative date and believes it will be a memorable experience for both of us. [end]\n\n[sentiment] Overall Agreement [end]\n\n[response] I couldn't agree more, Riley. I'm really looking forward to our creative date as well. I'm sure it will be a memorable experience for both of us. [end]"}}, {"from": "GM", "to": "GM", "timestamp": "2024-09-12T14:56:20.653031", "action": {"type": "parse", "content": "[reason] Riley is looking forward to our creative date and believes it will be a memorable experience for both of us. [end]\n\n[sentiment] Overall Agreement [end]\n\n[response] I couldn't agree more, Riley. I'm really looking forward to our creative date as well. I'm sure it will be a memorable experience for both of us. [end] conforms to rules"}}, {"from": "GM", "to": "GM", "timestamp": "2024-09-12T14:56:20.653031", "action": {"type": "overall agreement", "content": "game successful"}}]], "max_turns": 15, "completed_turns": 14, "time_agreement": true, "location_agreement": false, "action_agreement": false}