{"players": {"GM": "Game master for datingsim", "Player 1": "openchat-3.6-8b", "Player 2": "openchat-3.6-8b"}, "turns": [[{"from": "GM", "to": "Player 1", "timestamp": "2024-09-12T18:53:38.240962", "action": {"type": "send message", "content": "You are about to play a game with another player. In this game, you and the other player are both on an dating app, looking for a partner. In this case, both you and the other player decided, that you fancy each other's profile. Your and the other player's GOAL is it, to come to an agreement on what to do on your first date. At the start of the game you will be given two character sheets. The first one is the one, that defines your personality. The second one includes the information you know of the other player based on the information in their Bio on the dating app. You will start the conversation.\nOn each further turn you can react to what the other player tells you. For this you can either continue the conversation if you have not met an agreement yet or are not happy with the proposal, or end the game by agreeing to the proposal. \n\nThere is a total of four agreements throughout the game: \"Agreement on Time\", \"Agreement on Location\", \"Agreement on Action\", \"Overall Agreement\". You and the other player need to find an agreement on each of them.\nYou should only choose \"Overall Agreement\" after you and your date manage to settle an agreement for the other three ones (Time, Location, Action). \nYou have 15 turns to finish the game and find all agreements. \n\nYour answer has to consist ONLY of the following information and follow the given template:\n\n[reason] Your reason for your decision. [end]\n\n[sentiment] Choose one of the following: \"Continue Conversation\", \"Agreement on Time\", \"Agreement on Location\", \"Agreement on Action\", \"Overall Agreement\" [end]\n\n[response] Your response to the other player. This can include your sentiment, opinion, alternative. [end]\n\nYour answer for [response] must NOT exceed 100 tokens.\n\nThe game ends when 1) both you and the other player reply with the sentiment \"Overall Agreement\", 2) one of you chooses the sentiment \"Overall Agreement\" without the other one choosing it in the following turn, 3) you run out of turns to communicate or 4) you do not follow the template.\n\nThis is your character: {'NAME': 'Kai Nakamura', 'GENDER': 'Male', 'AGE': 28, 'APPEARANCE': 'Chiseled jawline, kind eyes, messy black hair, athletic build.', 'OCCUPATION': 'Bakery Owner', 'LIKES': 'Baking, early mornings, seeing people happy with his pastries.', 'DISLIKES': 'Burnt bread, negativity, rushing.', 'HOBBIES': 'Rock climbing, sketching, volunteering at a local animal shelter.', 'SUMMARY': 'I am a baker with a passion for creating delicious treats. I always find time to pursue my hobbies and give back to the community.'}\n\nThis is the character of the other player: ${'NAME': 'Noah Sullivan', 'GENDER': 'Male', 'AGE': 42, 'APPEARANCE': 'Broad shoulders, graying hair, hazel eyes, rugged outdoor look, always has a slight stubble.', 'OCCUPATION': 'Environmental Scientist', 'SUMMARY': \"Noah of the Noah's Ark? Not quite. I believe more in science.\"}\n\nRemember, your goal is to find the overall agreement for your first date while staying in character.\n\nStart the game with the reason, your sentiment and the opening phrase.\n"}}, {"from": "Player 1", "to": "GM", "timestamp": "2024-09-12T18:53:43.279436", "action": {"type": "get message", "content": "[reason] Your profile caught my attention because you seem like a genuine person who loves what he does. [end]\n\n[sentiment] Continue Conversation [end]\n\n[response] That's really nice to hear! I'm always looking for people who appreciate the importance of hard work and dedication. What about you? Do you have any hobbies or interests that you're passionate about? [end]"}}, {"from": "GM", "to": "GM", "timestamp": "2024-09-12T18:53:43.279755", "action": {"type": "parse", "content": "[reason] Your profile caught my attention because you seem like a genuine person who loves what he does. [end]\n\n[sentiment] Continue Conversation [end]\n\n[response] That's really nice to hear! I'm always looking for people who appreciate the importance of hard work and dedication. What about you? Do you have any hobbies or interests that you're passionate about? [end] conforms to rules"}}], [{"from": "GM", "to": "Player 2", "timestamp": "2024-09-12T18:53:43.279849", "action": {"type": "send message", "content": "You are about to play a game with another player. In this game, you and the other player are both on an dating app, looking for a partner. In this case, both you and the other player decided, that you fancy each other's profile. Your and the other player's GOAL is it, to come to an agreement on what to do on your first date. At the start of the game you will be given two character sheets. The first one is the one, that defines your personality. The second one includes the information you know of the other player based on the information in their Bio on the dating app. You will be approached by the other player.\nOn each further turn you can react to what the other player tells you. For this you can either continue the conversation if you have not met an agreement yet or are not happy with the proposal, or end the game by agreeing to the proposal. \n\nThere is a total of four agreements throughout the game: \"Agreement on Time\", \"Agreement on Location\", \"Agreement on Action\", \"Overall Agreement\". You and the other player need to find an agreement on each of them.\nYou should only choose \"Overall Agreement\" after you and your date manage to settle an agreement for the other three ones (Time, Location, Action). \nYou have 15 turns to finish the game and find all agreements. \n\nYour answer has to consist ONLY of the following information and follow the given template:\n\n[reason] Your reason for your decision. [end]\n\n[sentiment] Choose one of the following: \"Continue Conversation\", \"Agreement on Time\", \"Agreement on Location\", \"Agreement on Action\", \"Overall Agreement\" [end]\n\n[response] Your response to the other player. This can include your sentiment, opinion, alternative. [end]\n\nYour answer for [response] must NOT exceed 100 tokens.\n\nThe game ends when 1) both you and the other player reply with the sentiment \"Overall Agreement\", 2) one of you chooses the sentiment \"Overall Agreement\" without the other one choosing it in the following turn, 3) you run out of turns to communicate or 4) you do not follow the template.\n\nThis is your character: {'NAME': 'Noah Sullivan', 'GENDER': 'Male', 'AGE': 42, 'APPEARANCE': 'Broad shoulders, graying hair, hazel eyes, rugged outdoor look, always has a slight stubble.', 'OCCUPATION': 'Environmental Scientist', 'LIKES': 'Nature, reading, sustainable living.', 'DISLIKES': 'Pollution, ignorance, loud noises.', 'HOBBIES': 'Hiking, gardening, birdwatching.', 'SUMMARY': \"Noah of the Noah's Ark? Not quite. I believe more in science.\"}\n\nThis is the character of the other player: ${'NAME': 'Kai Nakamura', 'GENDER': 'Male', 'AGE': 28, 'APPEARANCE': 'Chiseled jawline, kind eyes, messy black hair, athletic build.', 'OCCUPATION': 'Bakery Owner', 'SUMMARY': 'I am a baker with a passion for creating delicious treats. I always find time to pursue my hobbies and give back to the community.'}\n\nRemember, your goal is to find the overall agreement for your first date while staying in character.\n\nContinue the game with the reason, your sentiment and an answer phrase to the first message of the other player:\n\nMessage:  That's really nice to hear! I'm always looking for people who appreciate the importance of hard work and dedication. What about you? Do you have any hobbies or interests that you're passionate about? [end]\n"}}, {"from": "Player 2", "to": "GM", "timestamp": "2024-09-12T18:53:49.058915", "action": {"type": "get message", "content": "[reason] Your reason for your decision. To get to know more about each other's interests. [end]\n\n[sentiment] Continue Conversation [end]\n\n[response] Yes, I enjoy hiking, gardening and birdwatching. How about you? [end]"}}, {"from": "GM", "to": "GM", "timestamp": "2024-09-12T18:53:49.059136", "action": {"type": "parse", "content": "[reason] Your reason for your decision. To get to know more about each other's interests. [end]\n\n[sentiment] Continue Conversation [end]\n\n[response] Yes, I enjoy hiking, gardening and birdwatching. How about you? [end] conforms to rules"}}], [{"from": "GM", "to": "Player 1", "timestamp": "2024-09-12T18:53:49.059214", "action": {"type": "send message", "content": "Noah Sullivan 's Message:  Yes, I enjoy hiking, gardening and birdwatching. How about you? [end]\n"}}, {"from": "Player 1", "to": "GM", "timestamp": "2024-09-12T18:53:57.135271", "action": {"type": "get message", "content": "[reason] It's great to know that you also have a passion for nature! I'm into rock climbing and sketching as well as volunteering at a local animal shelter. What kind of food do you like? [end]\n\n[sentiment] Continue Conversation [end]\n\n[response] I enjoy all kinds of food, but I must say I'm particularly fond of sushi and Italian cuisine. How about you? Do you have any favorite dishes or restaurants? [end]"}}, {"from": "GM", "to": "GM", "timestamp": "2024-09-12T18:53:57.135835", "action": {"type": "parse", "content": "[reason] It's great to know that you also have a passion for nature! I'm into rock climbing and sketching as well as volunteering at a local animal shelter. What kind of food do you like? [end]\n\n[sentiment] Continue Conversation [end]\n\n[response] I enjoy all kinds of food, but I must say I'm particularly fond of sushi and Italian cuisine. How about you? Do you have any favorite dishes or restaurants? [end] conforms to rules"}}], [{"from": "GM", "to": "Player 2", "timestamp": "2024-09-12T18:53:57.135957", "action": {"type": "send message", "content": "Kai Nakamura 's Message:  I enjoy all kinds of food, but I must say I'm particularly fond of sushi and Italian cuisine. How about you? Do you have any favorite dishes or restaurants? [end]\n"}}, {"from": "Player 2", "to": "GM", "timestamp": "2024-09-12T18:54:04.292115", "action": {"type": "get message", "content": "[reason] Your reason for your decision. To share more about myself and learn about Kai's preferences. [end]\n\n[sentiment] Continue Conversation [end]\n\n[response] I love a good pasta dish, especially when it comes to Italian cuisine. As for sushi, I haven't really tried much of it yet. Any recommendations? [end]"}}, {"from": "GM", "to": "GM", "timestamp": "2024-09-12T18:54:04.292531", "action": {"type": "parse", "content": "[reason] Your reason for your decision. To share more about myself and learn about Kai's preferences. [end]\n\n[sentiment] Continue Conversation [end]\n\n[response] I love a good pasta dish, especially when it comes to Italian cuisine. As for sushi, I haven't really tried much of it yet. Any recommendations? [end] conforms to rules"}}], [{"from": "GM", "to": "Player 1", "timestamp": "2024-09-12T18:54:04.292623", "action": {"type": "send message", "content": "Noah Sullivan 's Message:  I love a good pasta dish, especially when it comes to Italian cuisine. As for sushi, I haven't really tried much of it yet. Any recommendations? [end]\n"}}, {"from": "Player 1", "to": "GM", "timestamp": "2024-09-12T18:54:13.188997", "action": {"type": "get message", "content": "[reason] That's great! I'm glad you enjoy Italian food. For sushi, I would recommend trying some from Sushi King in town. They have a wide variety of options and the quality is excellent. Let me know if you want to grab some together sometime! [end]\n\n[sentiment] Agreement on Action [end]\n\n[response] That sounds perfect! I'd love to try some sushi with you. When would be a good time for you? [end]"}}, {"from": "GM", "to": "GM", "timestamp": "2024-09-12T18:54:13.189345", "action": {"type": "parse", "content": "[reason] That's great! I'm glad you enjoy Italian food. For sushi, I would recommend trying some from Sushi King in town. They have a wide variety of options and the quality is excellent. Let me know if you want to grab some together sometime! [end]\n\n[sentiment] Agreement on Action [end]\n\n[response] That sounds perfect! I'd love to try some sushi with you. When would be a good time for you? [end] conforms to rules"}}], [{"from": "GM", "to": "Player 2", "timestamp": "2024-09-12T18:54:13.189425", "action": {"type": "send message", "content": "Kai Nakamura 's Message:  That sounds perfect! I'd love to try some sushi with you. When would be a good time for you? [end]\n"}}, {"from": "Player 2", "to": "GM", "timestamp": "2024-09-12T18:54:20.423036", "action": {"type": "get message", "content": "[reason] Your reason for your decision. To find a suitable date and time that works for both of us. [end]\n\n[sentiment] Agreement on Time [end]\n\n[response] How about next Saturday at 6 PM? I'm free that day. What about you? [end]"}}, {"from": "GM", "to": "GM", "timestamp": "2024-09-12T18:54:20.423397", "action": {"type": "parse", "content": "[reason] Your reason for your decision. To find a suitable date and time that works for both of us. [end]\n\n[sentiment] Agreement on Time [end]\n\n[response] How about next Saturday at 6 PM? I'm free that day. What about you? [end] conforms to rules"}}, {"from": "GM", "to": "GM", "timestamp": "2024-09-12T18:54:20.423571", "action": {"type": "mismatch action agreement", "content": "no action agreement, mismatched sentiment"}}], [{"from": "GM", "to": "Player 1", "timestamp": "2024-09-12T18:54:20.423625", "action": {"type": "send message", "content": "Noah Sullivan 's Message:  How about next Saturday at 6 PM? I'm free that day. What about you? [end]\n"}}, {"from": "Player 1", "to": "GM", "timestamp": "2024-09-12T18:54:28.546486", "action": {"type": "get message", "content": "[reason] That works perfectly for me too! Next Saturday at 6 PM it is. Looking forward to trying some sushi with you! [end]\n\n[sentiment] Overall Agreement [end]\n\n[response] Great, I'll make a reservation at Sushi King for that time. See you there next Saturday! [end]"}}, {"from": "GM", "to": "GM", "timestamp": "2024-09-12T18:54:28.546688", "action": {"type": "parse", "content": "[reason] That works perfectly for me too! Next Saturday at 6 PM it is. Looking forward to trying some sushi with you! [end]\n\n[sentiment] Overall Agreement [end]\n\n[response] Great, I'll make a reservation at Sushi King for that time. See you there next Saturday! [end] conforms to rules"}}, {"from": "GM", "to": "GM", "timestamp": "2024-09-12T18:54:28.546717", "action": {"type": "mismatch time agreement", "content": "no time agreement, mismatched sentiment"}}], [{"from": "GM", "to": "Player 2", "timestamp": "2024-09-12T18:54:28.546761", "action": {"type": "send message", "content": "Kai Nakamura 's Message:  Great, I'll make a reservation at Sushi King for that time. See you there next Saturday! [end]\n"}}, {"from": "Player 2", "to": "GM", "timestamp": "2024-09-12T18:54:36.230085", "action": {"type": "get message", "content": "[reason] Your reason for your decision. To confirm the date and location with Kai. [end]\n\n[sentiment] Overall Agreement [end]\n\n[response] That sounds great! Looking forward to our first date at Sushi King next Saturday at 6 PM. See you there! [end]"}}, {"from": "GM", "to": "GM", "timestamp": "2024-09-12T18:54:36.230340", "action": {"type": "parse", "content": "[reason] Your reason for your decision. To confirm the date and location with Kai. [end]\n\n[sentiment] Overall Agreement [end]\n\n[response] That sounds great! Looking forward to our first date at Sushi King next Saturday at 6 PM. See you there! [end] conforms to rules"}}, {"from": "GM", "to": "GM", "timestamp": "2024-09-12T18:54:36.230408", "action": {"type": "overall agreement", "content": "game successful"}}]], "max_turns": 15, "completed_turns": 8, "time_agreement": false, "location_agreement": false, "action_agreement": false}