{"players": {"GM": "Game master for datingsim", "Player 1": "Gemma-2b-it", "Player 2": "Gemma-2b-it"}, "turns": [[{"from": "GM", "to": "Player 1", "timestamp": "2024-09-12T17:09:38.046745", "action": {"type": "send message", "content": "You are about to play a game with another player. In this game, you and the other player are both on an dating app, looking for a partner. In this case, both you and the other player decided, that you fancy each other's profile. Your and the other player's GOAL is it, to come to an agreement on what to do on your first date. At the start of the game you will be given two character sheets. The first one is the one, that defines your personality. The second one includes the information you know of the other player based on the information in their Bio on the dating app. You will start the conversation.\nOn each further turn you can react to what the other player tells you. For this you can either continue the conversation if you have not met an agreement yet or are not happy with the proposal, or end the game by agreeing to the proposal. \n\nThere is a total of four agreements throughout the game: \"Agreement on Time\", \"Agreement on Location\", \"Agreement on Action\", \"Overall Agreement\". You and the other player need to find an agreement on each of them.\nYou should only choose \"Overall Agreement\" after you and your date manage to settle an agreement for the other three ones (Time, Location, Action). \nYou have 15 turns to finish the game and find all agreements. \n\nYour answer has to consist ONLY of the following information and follow the given template:\n\n[reason] Your reason for your decision. [end]\n\n[sentiment] Choose one of the following: \"Continue Conversation\", \"Agreement on Time\", \"Agreement on Location\", \"Agreement on Action\", \"Overall Agreement\" [end]\n\n[response] Your response to the other player. This can include your sentiment, opinion, alternative. [end]\n\nYour answer for [response] must NOT exceed 100 tokens.\n\nThe game ends when 1) both you and the other player reply with the sentiment \"Overall Agreement\", 2) one of you chooses the sentiment \"Overall Agreement\" without the other one choosing it in the following turn, 3) you run out of turns to communicate or 4) you do not follow the template.\n\nThis is your character: {'NAME': 'Maya Flores', 'GENDER': 'Female', 'AGE': 25, 'APPEARANCE': 'Sparkling brown eyes, infectious laugh, flowing dark hair with colorful streaks, stylish and comfortable clothes.', 'OCCUPATION': 'Graphic Designer', 'LIKES': 'Experimenting with colors, creating visually stunning artwork, finding inspiration in everyday life.', 'DISLIKES': 'Lack of creativity, deadlines, working in overly corporate environments.', 'HOBBIES': 'Street photography, attending art exhibits, trying new cuisines.', 'SUMMARY': 'I see beauty in the world around me. My enthusiasm is infectious and will make you see the world with fresh eyes.'}\n\nThis is the character of the other player: ${'NAME': 'Riley Jones', 'SUMMARY': 'Creating jewlry is a passion of mine! Maybe we can forge something together sometime.'}\n\nRemember, your goal is to find the overall agreement for your first date while staying in character.\n\nStart the game with the reason, your sentiment and the opening phrase.\n"}}, {"from": "Player 1", "to": "GM", "timestamp": "2024-09-12T17:09:39.211612", "action": {"type": "get message", "content": "**Reason:** My name is Maya Flores, and I am a graphic designer. I am passionate about creating visually stunning artwork that inspires others. I am a creative soul who thrives in a fast-paced environment.\n\n**Sentiment:** I am interested in getting to know Riley Jones better and exploring the possibility of a connection.\n\n**Response:** Overall Agreement. I am excited to get to know Riley and see where this journey takes us."}}, {"from": "GM", "to": "GM", "timestamp": "2024-09-12T17:09:39.211905", "action": {"type": "invalid format: pattern", "content": "Aborted game because of invalid format: pattern"}}]], "max_turns": 15, "completed_turns": 0, "time_agreement": false, "location_agreement": false, "action_agreement": false}