{"players": {"GM": "Game master for datingsim", "Player 1": "Mixtral-8x22B-Instruct-v0.1", "Player 2": "Mixtral-8x22B-Instruct-v0.1"}, "turns": [[{"from": "GM", "to": "Player 1", "timestamp": "2024-09-12T14:20:00.263517", "action": {"type": "send message", "content": "You are about to play a game with another player. In this game, you and the other player are both on an dating app, looking for a partner. In this case, both you and the other player decided, that you fancy each other's profile. Your and the other player's GOAL is it, to come to an agreement on what to do on your first date. At the start of the game you will be given two character sheets. The first one is the one, that defines your personality. The second one includes the information you know of the other player based on the information in their Bio on the dating app. You will start the conversation.\nOn each further turn you can react to what the other player tells you. For this you can either continue the conversation if you have not met an agreement yet or are not happy with the proposal, or end the game by agreeing to the proposal. \n\nThere is a total of four agreements throughout the game: \"Agreement on Time\", \"Agreement on Location\", \"Agreement on Action\", \"Overall Agreement\". You and the other player need to find an agreement on each of them.\nYou should only choose \"Overall Agreement\" after you and your date manage to settle an agreement for the other three ones (Time, Location, Action). \nYou have 15 turns to finish the game and find all agreements. \n\nYour answer has to consist ONLY of the following information and follow the given template:\n\n[reason] Your reason for your decision. [end]\n\n[sentiment] Choose one of the following: \"Continue Conversation\", \"Agreement on Time\", \"Agreement on Location\", \"Agreement on Action\", \"Overall Agreement\" [end]\n\n[response] Your response to the other player. This can include your sentiment, opinion, alternative. [end]\n\nYour answer for [response] must NOT exceed 100 tokens.\n\nThe game ends when 1) both you and the other player reply with the sentiment \"Overall Agreement\", 2) one of you chooses the sentiment \"Overall Agreement\" without the other one choosing it in the following turn, 3) you run out of turns to communicate or 4) you do not follow the template.\n\nThis is your character: {'NAME': 'Noah Sullivan', 'GENDER': 'Male', 'AGE': 42, 'APPEARANCE': 'Broad shoulders, graying hair, hazel eyes, rugged outdoor look, always has a slight stubble.', 'OCCUPATION': 'Environmental Scientist', 'LIKES': 'Nature, reading, sustainable living.', 'DISLIKES': 'Pollution, ignorance, loud noises.', 'HOBBIES': 'Hiking, gardening, birdwatching.', 'SUMMARY': \"Noah of the Noah's Ark? Not quite. I believe more in science.\"}\n\nThis is the character of the other player: ${'NAME': 'Alex Morgan', 'GENDER': 'Non-binary', 'AGE': 30, 'APPEARANCE': 'Short dyed blue hair, green eyes, androgynous fashion, piercings, confident demeanor.', 'OCCUPATION': 'Tattoo Artist', 'SUMMARY': \"I'd describe myself as a punk, trying to express myself with various types of art.\"}\n\nRemember, your goal is to find the overall agreement for your first date while staying in character.\n\nStart the game with the reason, your sentiment and the opening phrase.\n"}}, {"from": "Player 1", "to": "GM", "timestamp": "2024-09-12T14:20:01.629751", "action": {"type": "get message", "content": "[reason] I'm excited to meet someone who shares a passion for art and self-expression. [end]\n\n[sentiment] Continue Conversation [end]\n\n[response] Hi Alex, I'm Noah. I must say, your profile really caught my eye. I'm intrigued by your work as a tattoo artist and your unique style. I'm wondering if you'd be interested in meeting up for a first date? [end]"}}, {"from": "GM", "to": "GM", "timestamp": "2024-09-12T14:20:01.630746", "action": {"type": "parse", "content": "[reason] I'm excited to meet someone who shares a passion for art and self-expression. [end]\n\n[sentiment] Continue Conversation [end]\n\n[response] Hi Alex, I'm Noah. I must say, your profile really caught my eye. I'm intrigued by your work as a tattoo artist and your unique style. I'm wondering if you'd be interested in meeting up for a first date? [end] conforms to rules"}}], [{"from": "GM", "to": "Player 2", "timestamp": "2024-09-12T14:20:01.630746", "action": {"type": "send message", "content": "You are about to play a game with another player. In this game, you and the other player are both on an dating app, looking for a partner. In this case, both you and the other player decided, that you fancy each other's profile. Your and the other player's GOAL is it, to come to an agreement on what to do on your first date. At the start of the game you will be given two character sheets. The first one is the one, that defines your personality. The second one includes the information you know of the other player based on the information in their Bio on the dating app. You will be approached by the other player.\nOn each further turn you can react to what the other player tells you. For this you can either continue the conversation if you have not met an agreement yet or are not happy with the proposal, or end the game by agreeing to the proposal. \n\nThere is a total of four agreements throughout the game: \"Agreement on Time\", \"Agreement on Location\", \"Agreement on Action\", \"Overall Agreement\". You and the other player need to find an agreement on each of them.\nYou should only choose \"Overall Agreement\" after you and your date manage to settle an agreement for the other three ones (Time, Location, Action). \nYou have 15 turns to finish the game and find all agreements. \n\nYour answer has to consist ONLY of the following information and follow the given template:\n\n[reason] Your reason for your decision. [end]\n\n[sentiment] Choose one of the following: \"Continue Conversation\", \"Agreement on Time\", \"Agreement on Location\", \"Agreement on Action\", \"Overall Agreement\" [end]\n\n[response] Your response to the other player. This can include your sentiment, opinion, alternative. [end]\n\nYour answer for [response] must NOT exceed 100 tokens.\n\nThe game ends when 1) both you and the other player reply with the sentiment \"Overall Agreement\", 2) one of you chooses the sentiment \"Overall Agreement\" without the other one choosing it in the following turn, 3) you run out of turns to communicate or 4) you do not follow the template.\n\nThis is your character: {'NAME': 'Alex Morgan', 'GENDER': 'Non-binary', 'AGE': 30, 'APPEARANCE': 'Short dyed blue hair, green eyes, androgynous fashion, piercings, confident demeanor.', 'OCCUPATION': 'Tattoo Artist', 'LIKES': 'Street art, alternative music, vegan food.', 'DISLIKES': 'Stereotypes, conformity, pollution.', 'HOBBIES': 'Skateboarding, drawing, attending music festivals.', 'SUMMARY': \"I'd describe myself as a punk, trying to express myself with various types of art.\"}\n\nThis is the character of the other player: ${'NAME': 'Noah Sullivan', 'GENDER': 'Male', 'AGE': 42, 'APPEARANCE': 'Broad shoulders, graying hair, hazel eyes, rugged outdoor look, always has a slight stubble.', 'OCCUPATION': 'Environmental Scientist', 'SUMMARY': \"Noah of the Noah's Ark? Not quite. I believe more in science.\"}\n\nRemember, your goal is to find the overall agreement for your first date while staying in character.\n\nContinue the game with the reason, your sentiment and an answer phrase to the first message of the other player:\n\nMessage:  Hi Alex, I'm Noah. I must say, your profile really caught my eye. I'm intrigued by your work as a tattoo artist and your unique style. I'm wondering if you'd be interested in meeting up for a first date? [end]\n"}}, {"from": "Player 2", "to": "GM", "timestamp": "2024-09-12T14:20:03.054929", "action": {"type": "get message", "content": "[reason] Noah's interest in my profile and his profession as an environmental scientist aligns with my values and interests. [end]\n\n[sentiment] Continue Conversation [end]\n\n[response] Hi Noah, thanks for reaching out! I'm glad my profile caught your eye. I'm definitely interested in meeting up. How about we start by discussing a time that works for both of us? [end]"}}, {"from": "GM", "to": "GM", "timestamp": "2024-09-12T14:20:03.055932", "action": {"type": "parse", "content": "[reason] Noah's interest in my profile and his profession as an environmental scientist aligns with my values and interests. [end]\n\n[sentiment] Continue Conversation [end]\n\n[response] Hi Noah, thanks for reaching out! I'm glad my profile caught your eye. I'm definitely interested in meeting up. How about we start by discussing a time that works for both of us? [end] conforms to rules"}}], [{"from": "GM", "to": "Player 1", "timestamp": "2024-09-12T14:20:03.055932", "action": {"type": "send message", "content": "Alex Morgan 's Message:  Hi Noah, thanks for reaching out! I'm glad my profile caught your eye. I'm definitely interested in meeting up. How about we start by discussing a time that works for both of us? [end]\n"}}, {"from": "Player 1", "to": "GM", "timestamp": "2024-09-12T14:20:04.738511", "action": {"type": "get message", "content": "[reason] I'm happy that Alex is interested in meeting up and I'm looking forward to finding a time that works for both of us. [end]\n\n[sentiment] Continue Conversation [end]\n\n[response] Hi Alex, I'm glad to hear that you're interested in meeting up. I'm free most evenings after 6pm, but I'm also available on weekends. What time works best for you? [end]"}}, {"from": "GM", "to": "GM", "timestamp": "2024-09-12T14:20:04.739495", "action": {"type": "parse", "content": "[reason] I'm happy that Alex is interested in meeting up and I'm looking forward to finding a time that works for both of us. [end]\n\n[sentiment] Continue Conversation [end]\n\n[response] Hi Alex, I'm glad to hear that you're interested in meeting up. I'm free most evenings after 6pm, but I'm also available on weekends. What time works best for you? [end] conforms to rules"}}], [{"from": "GM", "to": "Player 2", "timestamp": "2024-09-12T14:20:04.739495", "action": {"type": "send message", "content": "Noah Sullivan 's Message:  Hi Alex, I'm glad to hear that you're interested in meeting up. I'm free most evenings after 6pm, but I'm also available on weekends. What time works best for you? [end]\n"}}, {"from": "Player 2", "to": "GM", "timestamp": "2024-09-12T14:20:06.493387", "action": {"type": "get message", "content": "[reason] Noah's availability aligns with my schedule, and I prefer evenings or weekends for dates. [end]\n\n[sentiment] Agreement on Time [end]\n\n[response] Great, Noah! I'm also free most evenings after 6pm and on weekends. Let's plan for a Saturday evening, say around 7pm? [end]"}}, {"from": "GM", "to": "GM", "timestamp": "2024-09-12T14:20:06.494385", "action": {"type": "parse", "content": "[reason] Noah's availability aligns with my schedule, and I prefer evenings or weekends for dates. [end]\n\n[sentiment] Agreement on Time [end]\n\n[response] Great, Noah! I'm also free most evenings after 6pm and on weekends. Let's plan for a Saturday evening, say around 7pm? [end] conforms to rules"}}], [{"from": "GM", "to": "Player 1", "timestamp": "2024-09-12T14:20:06.494385", "action": {"type": "send message", "content": "Alex Morgan 's Message:  Great, Noah! I'm also free most evenings after 6pm and on weekends. Let's plan for a Saturday evening, say around 7pm? [end]\n"}}, {"from": "Player 1", "to": "GM", "timestamp": "2024-09-12T14:20:08.033215", "action": {"type": "get message", "content": "[reason] I'm glad that we were able to find a time that works for both of us. [end]\n\n[sentiment] Agreement on Time [end]\n\n[response] Sounds like a plan, Alex. I'm looking forward to our date on Saturday evening at 7pm. [end]"}}, {"from": "GM", "to": "GM", "timestamp": "2024-09-12T14:20:08.033215", "action": {"type": "parse", "content": "[reason] I'm glad that we were able to find a time that works for both of us. [end]\n\n[sentiment] Agreement on Time [end]\n\n[response] Sounds like a plan, Alex. I'm looking forward to our date on Saturday evening at 7pm. [end] conforms to rules"}}, {"from": "GM", "to": "GM", "timestamp": "2024-09-12T14:20:08.033215", "action": {"type": "time agreement", "content": "agreement on time successful"}}], [{"from": "GM", "to": "Player 2", "timestamp": "2024-09-12T14:20:08.034250", "action": {"type": "send message", "content": "Noah Sullivan 's Message:  Sounds like a plan, Alex. I'm looking forward to our date on Saturday evening at 7pm. [end]\n"}}, {"from": "Player 2", "to": "GM", "timestamp": "2024-09-12T14:20:09.552086", "action": {"type": "get message", "content": "[reason] Noah has agreed to the proposed time, and I'm looking forward to our date. [end]\n\n[sentiment] Continue Conversation [end]\n\n[response] I'm excited too, Noah! Now that we have the time settled, let's discuss the location. I'm open to suggestions, but I'd prefer a place that reflects our shared interests. [end]"}}, {"from": "GM", "to": "GM", "timestamp": "2024-09-12T14:20:09.553087", "action": {"type": "parse", "content": "[reason] Noah has agreed to the proposed time, and I'm looking forward to our date. [end]\n\n[sentiment] Continue Conversation [end]\n\n[response] I'm excited too, Noah! Now that we have the time settled, let's discuss the location. I'm open to suggestions, but I'd prefer a place that reflects our shared interests. [end] conforms to rules"}}, {"from": "GM", "to": "GM", "timestamp": "2024-09-12T14:20:09.553087", "action": {"type": "mismatch time agreement", "content": "no time agreement, mismatched sentiment"}}], [{"from": "GM", "to": "Player 1", "timestamp": "2024-09-12T14:20:09.553087", "action": {"type": "send message", "content": "Alex Morgan 's Message:  I'm excited too, Noah! Now that we have the time settled, let's discuss the location. I'm open to suggestions, but I'd prefer a place that reflects our shared interests. [end]\n"}}, {"from": "Player 1", "to": "GM", "timestamp": "2024-09-12T14:20:11.091287", "action": {"type": "get message", "content": "[reason] I'm glad that Alex is open to suggestions and I'm looking forward to finding a location that reflects our shared interests. [end]\n\n[sentiment] Continue Conversation [end]\n\n[response] Hi Alex, I'm glad that you're open to suggestions. I was thinking that we could go to a local art gallery or museum, as I know that you're an artist and I enjoy art as well. What do you think? [end]"}}, {"from": "GM", "to": "GM", "timestamp": "2024-09-12T14:20:11.092278", "action": {"type": "parse", "content": "[reason] I'm glad that Alex is open to suggestions and I'm looking forward to finding a location that reflects our shared interests. [end]\n\n[sentiment] Continue Conversation [end]\n\n[response] Hi Alex, I'm glad that you're open to suggestions. I was thinking that we could go to a local art gallery or museum, as I know that you're an artist and I enjoy art as well. What do you think? [end] conforms to rules"}}], [{"from": "GM", "to": "Player 2", "timestamp": "2024-09-12T14:20:11.092278", "action": {"type": "send message", "content": "Noah Sullivan 's Message:  Hi Alex, I'm glad that you're open to suggestions. I was thinking that we could go to a local art gallery or museum, as I know that you're an artist and I enjoy art as well. What do you think? [end]\n"}}, {"from": "Player 2", "to": "GM", "timestamp": "2024-09-12T14:20:12.520081", "action": {"type": "get message", "content": "[reason] Noah's suggestion of an art gallery or museum aligns with my interests and is a great idea for our first date. [end]\n\n[sentiment] Agreement on Location [end]\n\n[response] That sounds like a fantastic idea, Noah! I'd love to visit a local art gallery or museum with you. Let's make it happen! [end]"}}, {"from": "GM", "to": "GM", "timestamp": "2024-09-12T14:20:12.521083", "action": {"type": "parse", "content": "[reason] Noah's suggestion of an art gallery or museum aligns with my interests and is a great idea for our first date. [end]\n\n[sentiment] Agreement on Location [end]\n\n[response] That sounds like a fantastic idea, Noah! I'd love to visit a local art gallery or museum with you. Let's make it happen! [end] conforms to rules"}}], [{"from": "GM", "to": "Player 1", "timestamp": "2024-09-12T14:20:12.521083", "action": {"type": "send message", "content": "Alex Morgan 's Message:  That sounds like a fantastic idea, Noah! I'd love to visit a local art gallery or museum with you. Let's make it happen! [end]\n"}}, {"from": "Player 1", "to": "GM", "timestamp": "2024-09-12T14:20:14.061505", "action": {"type": "get message", "content": "[reason] I'm glad that Alex is on board with my suggestion and I'm looking forward to visiting a local art gallery or museum with them. [end]\n\n[sentiment] Agreement on Location [end]\n\n[response] I'm glad that you're excited about my suggestion, Alex. I'm looking forward to visiting a local art gallery or museum with you on Saturday evening. [end]"}}, {"from": "GM", "to": "GM", "timestamp": "2024-09-12T14:20:14.062503", "action": {"type": "parse", "content": "[reason] I'm glad that Alex is on board with my suggestion and I'm looking forward to visiting a local art gallery or museum with them. [end]\n\n[sentiment] Agreement on Location [end]\n\n[response] I'm glad that you're excited about my suggestion, Alex. I'm looking forward to visiting a local art gallery or museum with you on Saturday evening. [end] conforms to rules"}}, {"from": "GM", "to": "GM", "timestamp": "2024-09-12T14:20:14.062503", "action": {"type": "location agreement", "content": "agreement on location successful"}}], [{"from": "GM", "to": "Player 2", "timestamp": "2024-09-12T14:20:14.062503", "action": {"type": "send message", "content": "Noah Sullivan 's Message:  I'm glad that you're excited about my suggestion, Alex. I'm looking forward to visiting a local art gallery or museum with you on Saturday evening. [end]\n"}}, {"from": "Player 2", "to": "GM", "timestamp": "2024-09-12T14:20:15.627696", "action": {"type": "get message", "content": "[reason] Noah has agreed to the proposed location, and I'm looking forward to our date. [end]\n\n[sentiment] Continue Conversation [end]\n\n[response] I'm thrilled too, Noah! Now that we have the time and location settled, let's discuss what we'd like to do during our date. I'm open to ideas, but I'd prefer an activity that allows us to get to know each other better. [end]"}}, {"from": "GM", "to": "GM", "timestamp": "2024-09-12T14:20:15.627696", "action": {"type": "parse", "content": "[reason] Noah has agreed to the proposed location, and I'm looking forward to our date. [end]\n\n[sentiment] Continue Conversation [end]\n\n[response] I'm thrilled too, Noah! Now that we have the time and location settled, let's discuss what we'd like to do during our date. I'm open to ideas, but I'd prefer an activity that allows us to get to know each other better. [end] conforms to rules"}}, {"from": "GM", "to": "GM", "timestamp": "2024-09-12T14:20:15.627696", "action": {"type": "mismatch location agreement", "content": "no location agreement, mismatched sentiment"}}], [{"from": "GM", "to": "Player 1", "timestamp": "2024-09-12T14:20:15.628692", "action": {"type": "send message", "content": "Alex Morgan 's Message:  I'm thrilled too, Noah! Now that we have the time and location settled, let's discuss what we'd like to do during our date. I'm open to ideas, but I'd prefer an activity that allows us to get to know each other better. [end]\n"}}, {"from": "Player 1", "to": "GM", "timestamp": "2024-09-12T14:20:17.747555", "action": {"type": "get message", "content": "[reason] I'm glad that Alex is open to ideas and I'm looking forward to finding an activity that allows us to get to know each other better. [end]\n\n[sentiment] Continue Conversation [end]\n\n[response] Hi Alex, I'm glad that you're open to ideas. I was thinking that we could take a leisurely stroll through the art gallery or museum, and then grab a bite to eat at a nearby restaurant. This way, we can enjoy the art and have a chance to talk and get to know each other better. What do you think? [end]"}}, {"from": "GM", "to": "GM", "timestamp": "2024-09-12T14:20:17.748673", "action": {"type": "parse", "content": "[reason] I'm glad that Alex is open to ideas and I'm looking forward to finding an activity that allows us to get to know each other better. [end]\n\n[sentiment] Continue Conversation [end]\n\n[response] Hi Alex, I'm glad that you're open to ideas. I was thinking that we could take a leisurely stroll through the art gallery or museum, and then grab a bite to eat at a nearby restaurant. This way, we can enjoy the art and have a chance to talk and get to know each other better. What do you think? [end] conforms to rules"}}], [{"from": "GM", "to": "Player 2", "timestamp": "2024-09-12T14:20:17.748673", "action": {"type": "send message", "content": "Noah Sullivan 's Message:  Hi Alex, I'm glad that you're open to ideas. I was thinking that we could take a leisurely stroll through the art gallery or museum, and then grab a bite to eat at a nearby restaurant. This way, we can enjoy the art and have a chance to talk and get to know each other better. What do you think? [end]\n"}}, {"from": "Player 2", "to": "GM", "timestamp": "2024-09-12T14:20:19.384236", "action": {"type": "get message", "content": "[reason] Noah's suggestion of a leisurely stroll through the art gallery or museum and then grabbing a bite to eat is a great idea for our first date. It allows us to enjoy the art and have a chance to talk and get to know each other better. [end]\n\n[sentiment] Agreement on Action [end]\n\n[response] That sounds like a perfect plan, Noah! I'm looking forward to our leisurely stroll through the art gallery or museum and then grabbing a bite to eat at a nearby restaurant. [end]"}}, {"from": "GM", "to": "GM", "timestamp": "2024-09-12T14:20:19.385234", "action": {"type": "parse", "content": "[reason] Noah's suggestion of a leisurely stroll through the art gallery or museum and then grabbing a bite to eat is a great idea for our first date. It allows us to enjoy the art and have a chance to talk and get to know each other better. [end]\n\n[sentiment] Agreement on Action [end]\n\n[response] That sounds like a perfect plan, Noah! I'm looking forward to our leisurely stroll through the art gallery or museum and then grabbing a bite to eat at a nearby restaurant. [end] conforms to rules"}}], [{"from": "GM", "to": "Player 1", "timestamp": "2024-09-12T14:20:19.385234", "action": {"type": "send message", "content": "Alex Morgan 's Message:  That sounds like a perfect plan, Noah! I'm looking forward to our leisurely stroll through the art gallery or museum and then grabbing a bite to eat at a nearby restaurant. [end]\n"}}, {"from": "Player 1", "to": "GM", "timestamp": "2024-09-12T14:20:20.998586", "action": {"type": "get message", "content": "[reason] I'm glad that Alex is on board with my plan and I'm looking forward to our leisurely stroll through the art gallery or museum and then grabbing a bite to eat at a nearby restaurant. [end]\n\n[sentiment] Agreement on Action [end]\n\n[response] I'm glad that you're excited about my plan, Alex. I'm looking forward to our leisurely stroll through the art gallery or museum and then grabbing a bite to eat at a nearby restaurant on Saturday evening. [end]"}}, {"from": "GM", "to": "GM", "timestamp": "2024-09-12T14:20:20.999586", "action": {"type": "parse", "content": "[reason] I'm glad that Alex is on board with my plan and I'm looking forward to our leisurely stroll through the art gallery or museum and then grabbing a bite to eat at a nearby restaurant. [end]\n\n[sentiment] Agreement on Action [end]\n\n[response] I'm glad that you're excited about my plan, Alex. I'm looking forward to our leisurely stroll through the art gallery or museum and then grabbing a bite to eat at a nearby restaurant on Saturday evening. [end] conforms to rules"}}, {"from": "GM", "to": "GM", "timestamp": "2024-09-12T14:20:20.999586", "action": {"type": "action agreement", "content": "agreement on action successful"}}], [{"from": "GM", "to": "Player 2", "timestamp": "2024-09-12T14:20:20.999586", "action": {"type": "send message", "content": "Noah Sullivan 's Message:  I'm glad that you're excited about my plan, Alex. I'm looking forward to our leisurely stroll through the art gallery or museum and then grabbing a bite to eat at a nearby restaurant on Saturday evening. [end]\n"}}, {"from": "Player 2", "to": "GM", "timestamp": "2024-09-12T14:20:22.554517", "action": {"type": "get message", "content": "[reason] Noah has agreed to the proposed action, and I'm looking forward to our date. [end]\n\n[sentiment] Overall Agreement [end]\n\n[response] I'm thrilled too, Noah! I can't wait for our first date on Saturday evening. I'm sure it's going to be a great time. See you then! [end]"}}, {"from": "GM", "to": "GM", "timestamp": "2024-09-12T14:20:22.555515", "action": {"type": "parse", "content": "[reason] Noah has agreed to the proposed action, and I'm looking forward to our date. [end]\n\n[sentiment] Overall Agreement [end]\n\n[response] I'm thrilled too, Noah! I can't wait for our first date on Saturday evening. I'm sure it's going to be a great time. See you then! [end] conforms to rules"}}, {"from": "GM", "to": "GM", "timestamp": "2024-09-12T14:20:22.555515", "action": {"type": "mismatch action agreement", "content": "no action agreement, mismatched sentiment"}}], [{"from": "GM", "to": "Player 1", "timestamp": "2024-09-12T14:20:22.555515", "action": {"type": "send message", "content": "Alex Morgan 's Message:  I'm thrilled too, Noah! I can't wait for our first date on Saturday evening. I'm sure it's going to be a great time. See you then! [end]\n"}}, {"from": "Player 1", "to": "GM", "timestamp": "2024-09-12T14:20:24.093769", "action": {"type": "get message", "content": "[reason] I'm glad that Alex is looking forward to our first date and I'm excited to spend time with them on Saturday evening. [end]\n\n[sentiment] Overall Agreement [end]\n\n[response] I'm looking forward to our first date on Saturday evening as well, Alex. I'm sure it's going to be a great time. See you then! [end]"}}, {"from": "GM", "to": "GM", "timestamp": "2024-09-12T14:20:24.094767", "action": {"type": "parse", "content": "[reason] I'm glad that Alex is looking forward to our first date and I'm excited to spend time with them on Saturday evening. [end]\n\n[sentiment] Overall Agreement [end]\n\n[response] I'm looking forward to our first date on Saturday evening as well, Alex. I'm sure it's going to be a great time. See you then! [end] conforms to rules"}}, {"from": "GM", "to": "GM", "timestamp": "2024-09-12T14:20:24.094767", "action": {"type": "overall agreement", "content": "game successful"}}]], "max_turns": 15, "completed_turns": 15, "time_agreement": true, "location_agreement": true, "action_agreement": true}