{"players": {"GM": "Game master for datingsim", "Player 1": "openchat-3.6-8b", "Player 2": "openchat-3.6-8b"}, "turns": [[{"from": "GM", "to": "Player 1", "timestamp": "2024-09-12T17:34:02.076868", "action": {"type": "send message", "content": "You are about to play a game with another player. In this game, you and the other player are both on an dating app, looking for a partner. In this case, both you and the other player decided, that you fancy each other's profile. Your and the other player's GOAL is it, to come to an agreement on what to do on your first date. At the start of the game you will be given two character sheets. The first one is the one, that defines your personality. The second one includes the information you know of the other player based on the information in their Bio on the dating app. You will start the conversation.\nOn each further turn you can react to what the other player tells you. For this you can either continue the conversation if you have not met an agreement yet or are not happy with the proposal, or end the game by agreeing to the proposal. \n\nThere is a total of four agreements throughout the game: \"Agreement on Time\", \"Agreement on Location\", \"Agreement on Action\", \"Overall Agreement\". You and the other player need to find an agreement on each of them.\nYou should only choose \"Overall Agreement\" after you and your date manage to settle an agreement for the other three ones (Time, Location, Action). \nYou have 15 turns to finish the game and find all agreements. \n\nYour answer has to consist ONLY of the following information and follow the given template:\n\n[reason] Your reason for your decision. [end]\n\n[sentiment] Choose one of the following: \"Continue Conversation\", \"Agreement on Time\", \"Agreement on Location\", \"Agreement on Action\", \"Overall Agreement\" [end]\n\n[response] Your response to the other player. This can include your sentiment, opinion, alternative. [end]\n\nYour answer for [response] must NOT exceed 100 tokens.\n\nThe game ends when 1) both you and the other player reply with the sentiment \"Overall Agreement\", 2) one of you chooses the sentiment \"Overall Agreement\" without the other one choosing it in the following turn, 3) you run out of turns to communicate or 4) you do not follow the template.\n\nThis is your character: {'NAME': 'Casey Rivers', 'GENDER': 'Non-binary', 'AGE': 25, 'APPEARANCE': 'Long auburn hair, hazel eyes, casual chic attire, freckles, soft-spokenr.', 'OCCUPATION': 'Bookstore Owner', 'LIKES': 'Poetry, herbal tea, rainy days.', 'DISLIKES': 'Loud environments, fast fashion, injustice.', 'HOBBIES': 'Writing, gardening, knitting.', 'SUMMARY': 'Some might say I have grandma hobbies, others however appreciate the quality and time I invest to handmade them clothes.'}\n\nThis is the character of the other player: ${'NAME': 'Leo Rodriguez', 'GENDER': 'Male', 'AGE': 35, 'APPEARANCE': 'Tanned skin, warm brown eyes, charming smile, wears stylish glasses.', 'OCCUPATION': 'Travel Photographer', 'SUMMARY': \"Adventure? I am your man! Let's pack your bags and join me on my next journey.\"}\n\nRemember, your goal is to find the overall agreement for your first date while staying in character.\n\nStart the game with the reason, your sentiment and the opening phrase.\n"}}, {"from": "Player 1", "to": "GM", "timestamp": "2024-09-12T17:34:07.519342", "action": {"type": "get message", "content": "[reason] Your profile caught my attention because of our shared love for poetry. [end]\n\n[sentiment] Continue Conversation [end]\n\n[response] That's great! I'm a big fan of poetry too. What do you like to read? [end]"}}, {"from": "GM", "to": "GM", "timestamp": "2024-09-12T17:34:07.519554", "action": {"type": "parse", "content": "[reason] Your profile caught my attention because of our shared love for poetry. [end]\n\n[sentiment] Continue Conversation [end]\n\n[response] That's great! I'm a big fan of poetry too. What do you like to read? [end] conforms to rules"}}], [{"from": "GM", "to": "Player 2", "timestamp": "2024-09-12T17:34:07.519653", "action": {"type": "send message", "content": "You are about to play a game with another player. In this game, you and the other player are both on an dating app, looking for a partner. In this case, both you and the other player decided, that you fancy each other's profile. Your and the other player's GOAL is it, to come to an agreement on what to do on your first date. At the start of the game you will be given two character sheets. The first one is the one, that defines your personality. The second one includes the information you know of the other player based on the information in their Bio on the dating app. You will be approached by the other player.\nOn each further turn you can react to what the other player tells you. For this you can either continue the conversation if you have not met an agreement yet or are not happy with the proposal, or end the game by agreeing to the proposal. \n\nThere is a total of four agreements throughout the game: \"Agreement on Time\", \"Agreement on Location\", \"Agreement on Action\", \"Overall Agreement\". You and the other player need to find an agreement on each of them.\nYou should only choose \"Overall Agreement\" after you and your date manage to settle an agreement for the other three ones (Time, Location, Action). \nYou have 15 turns to finish the game and find all agreements. \n\nYour answer has to consist ONLY of the following information and follow the given template:\n\n[reason] Your reason for your decision. [end]\n\n[sentiment] Choose one of the following: \"Continue Conversation\", \"Agreement on Time\", \"Agreement on Location\", \"Agreement on Action\", \"Overall Agreement\" [end]\n\n[response] Your response to the other player. This can include your sentiment, opinion, alternative. [end]\n\nYour answer for [response] must NOT exceed 100 tokens.\n\nThe game ends when 1) both you and the other player reply with the sentiment \"Overall Agreement\", 2) one of you chooses the sentiment \"Overall Agreement\" without the other one choosing it in the following turn, 3) you run out of turns to communicate or 4) you do not follow the template.\n\nThis is your character: {'NAME': 'Leo Rodriguez', 'GENDER': 'Male', 'AGE': 35, 'APPEARANCE': 'Tanned skin, warm brown eyes, charming smile, wears stylish glasses.', 'OCCUPATION': 'Travel Photographer', 'LIKES': 'Exploring new places, capturing breathtaking moments, meeting interesting people.', 'DISLIKES': 'Routine, bad weather, being stuck indoors for too long.', 'HOBBIES': 'Learning new languages, playing the guitar, collecting souvenirs from his travels.', 'SUMMARY': \"Adventure? I am your man! Let's pack your bags and join me on my next journey.\"}\n\nThis is the character of the other player: ${'NAME': 'Casey Rivers', 'GENDER': 'Non-binary', 'AGE': 25, 'APPEARANCE': 'Long auburn hair, hazel eyes, casual chic attire, freckles, soft-spokenr.', 'OCCUPATION': 'Bookstore Owner', 'SUMMARY': 'Some might say I have grandma hobbies, others however appreciate the quality and time I invest to handmade them clothes.'}\n\nRemember, your goal is to find the overall agreement for your first date while staying in character.\n\nContinue the game with the reason, your sentiment and an answer phrase to the first message of the other player:\n\nMessage:  That's great! I'm a big fan of poetry too. What do you like to read? [end]\n"}}, {"from": "Player 2", "to": "GM", "timestamp": "2024-09-12T17:34:11.760126", "action": {"type": "get message", "content": "[reason] Your question about my reading preferences is interesting. [end]\n\n[response] Continue Conversation [end]"}}, {"from": "GM", "to": "GM", "timestamp": "2024-09-12T17:34:11.760434", "action": {"type": "invalid format: pattern", "content": "Aborted game because of invalid format: pattern"}}]], "max_turns": 15, "completed_turns": 1, "time_agreement": false, "location_agreement": false, "action_agreement": false}