{"players": {"GM": "Game master for datingsim", "Player 1": "Mixtral-8x22B-Instruct-v0.1", "Player 2": "Mixtral-8x22B-Instruct-v0.1"}, "turns": [[{"from": "GM", "to": "Player 1", "timestamp": "2024-09-12T14:54:05.226691", "action": {"type": "send message", "content": "You are about to play a game with another player. In this game, you and the other player are both on an dating app, looking for a partner. In this case, both you and the other player decided, that you fancy each other's profile. Your and the other player's GOAL is it, to come to an agreement on what to do on your first date. At the start of the game you will be given two character sheets. The first one is the one, that defines your personality. The second one includes the information you know of the other player based on the information in their Bio on the dating app. You will start the conversation.\nOn each further turn you can react to what the other player tells you. For this you can either continue the conversation if you have not met an agreement yet or are not happy with the proposal, or end the game by agreeing to the proposal. \n\nThere is a total of four agreements throughout the game: \"Agreement on Time\", \"Agreement on Location\", \"Agreement on Action\", \"Overall Agreement\". You and the other player need to find an agreement on each of them.\nYou should only choose \"Overall Agreement\" after you and your date manage to settle an agreement for the other three ones (Time, Location, Action). \nYou have 15 turns to finish the game and find all agreements. \n\nYour answer has to consist ONLY of the following information and follow the given template:\n\n[reason] Your reason for your decision. [end]\n\n[sentiment] Choose one of the following: \"Continue Conversation\", \"Agreement on Time\", \"Agreement on Location\", \"Agreement on Action\", \"Overall Agreement\" [end]\n\n[response] Your response to the other player. This can include your sentiment, opinion, alternative. [end]\n\nYour answer for [response] must NOT exceed 100 tokens.\n\nThe game ends when 1) both you and the other player reply with the sentiment \"Overall Agreement\", 2) one of you chooses the sentiment \"Overall Agreement\" without the other one choosing it in the following turn, 3) you run out of turns to communicate or 4) you do not follow the template.\n\nThis is your character: {'NAME': 'Riley Jones', 'GENDER': 'Non-binary', 'AGE': 38, 'APPEARANCE': 'Buzz cut, warm hazel eyes, androgynous build with toned muscles, wears comfortable yet stylish clothing.', 'OCCUPATION': 'Blacksmith', 'LIKES': 'The rhythm of forging metal, creating functional art, working with their hands.', 'DISLIKES': 'Idleness, pretentiousness, following the rules just for the sake of it.', 'HOBBIES': 'Sculpting metal into art pieces, weightlifting, historical reenactment.', 'SUMMARY': 'Creating jewlry is a passion of mine! Maybe we can forge something together sometime.'}\n\nThis is the character of the other player: ${'NAME': 'Riley Taylor', 'SUMMARY': 'I am an architect with a passion for modern design and sustainability.'}\n\nRemember, your goal is to find the overall agreement for your first date while staying in character.\n\nStart the game with the reason, your sentiment and the opening phrase.\n"}}, {"from": "Player 1", "to": "GM", "timestamp": "2024-09-12T14:54:07.082094", "action": {"type": "get message", "content": "[reason] I'm excited to meet someone who shares my passion for creating and appreciates the beauty of functional art. [end]\n\n[sentiment] Continue Conversation [end]\n\n[response] Hi Riley Taylor, it's great to connect with another Riley who shares a love for design and creation. I'm intrigued by your passion for modern design and sustainability. How about we start planning our first date? [end]"}}, {"from": "GM", "to": "GM", "timestamp": "2024-09-12T14:54:07.082094", "action": {"type": "parse", "content": "[reason] I'm excited to meet someone who shares my passion for creating and appreciates the beauty of functional art. [end]\n\n[sentiment] Continue Conversation [end]\n\n[response] Hi Riley Taylor, it's great to connect with another Riley who shares a love for design and creation. I'm intrigued by your passion for modern design and sustainability. How about we start planning our first date? [end] conforms to rules"}}], [{"from": "GM", "to": "Player 2", "timestamp": "2024-09-12T14:54:07.083085", "action": {"type": "send message", "content": "You are about to play a game with another player. In this game, you and the other player are both on an dating app, looking for a partner. In this case, both you and the other player decided, that you fancy each other's profile. Your and the other player's GOAL is it, to come to an agreement on what to do on your first date. At the start of the game you will be given two character sheets. The first one is the one, that defines your personality. The second one includes the information you know of the other player based on the information in their Bio on the dating app. You will be approached by the other player.\nOn each further turn you can react to what the other player tells you. For this you can either continue the conversation if you have not met an agreement yet or are not happy with the proposal, or end the game by agreeing to the proposal. \n\nThere is a total of four agreements throughout the game: \"Agreement on Time\", \"Agreement on Location\", \"Agreement on Action\", \"Overall Agreement\". You and the other player need to find an agreement on each of them.\nYou should only choose \"Overall Agreement\" after you and your date manage to settle an agreement for the other three ones (Time, Location, Action). \nYou have 15 turns to finish the game and find all agreements. \n\nYour answer has to consist ONLY of the following information and follow the given template:\n\n[reason] Your reason for your decision. [end]\n\n[sentiment] Choose one of the following: \"Continue Conversation\", \"Agreement on Time\", \"Agreement on Location\", \"Agreement on Action\", \"Overall Agreement\" [end]\n\n[response] Your response to the other player. This can include your sentiment, opinion, alternative. [end]\n\nYour answer for [response] must NOT exceed 100 tokens.\n\nThe game ends when 1) both you and the other player reply with the sentiment \"Overall Agreement\", 2) one of you chooses the sentiment \"Overall Agreement\" without the other one choosing it in the following turn, 3) you run out of turns to communicate or 4) you do not follow the template.\n\nThis is your character: {'NAME': 'Riley Taylor', 'GENDER': 'Non-binary', 'AGE': 38, 'APPEARANCE': 'Short silver hair, dark eyes, modern professional attire, glasses, calm and composed.', 'OCCUPATION': 'Architect', 'LIKES': 'Modern design, sustainability, jazz music.', 'DISLIKES': 'Wastefulness, misinformation, extreme heat.', 'HOBBIES': 'Sketching, visiting art museums, playing the saxophone.', 'SUMMARY': 'I am an architect with a passion for modern design and sustainability.'}\n\nThis is the character of the other player: ${'NAME': 'Riley Jones', 'SUMMARY': 'Creating jewlry is a passion of mine! Maybe we can forge something together sometime.'}\n\nRemember, your goal is to find the overall agreement for your first date while staying in character.\n\nContinue the game with the reason, your sentiment and an answer phrase to the first message of the other player:\n\nMessage:  Hi Riley Taylor, it's great to connect with another Riley who shares a love for design and creation. I'm intrigued by your passion for modern design and sustainability. How about we start planning our first date? [end]\n"}}, {"from": "Player 2", "to": "GM", "timestamp": "2024-09-12T14:54:08.892305", "action": {"type": "get message", "content": "[reason] The other player shares a similar name and a passion for creation, which is a great conversation starter. [end]\n\n[sentiment] Continue Conversation [end]\n\n[response] Hi Riley Jones, it's a pleasure to meet you! I'm thrilled to find someone who appreciates the beauty of design and creation. Let's definitely start planning our first date. How about we start with deciding on a time that works best for both of us? [end]"}}, {"from": "GM", "to": "GM", "timestamp": "2024-09-12T14:54:08.893277", "action": {"type": "parse", "content": "[reason] The other player shares a similar name and a passion for creation, which is a great conversation starter. [end]\n\n[sentiment] Continue Conversation [end]\n\n[response] Hi Riley Jones, it's a pleasure to meet you! I'm thrilled to find someone who appreciates the beauty of design and creation. Let's definitely start planning our first date. How about we start with deciding on a time that works best for both of us? [end] conforms to rules"}}], [{"from": "GM", "to": "Player 1", "timestamp": "2024-09-12T14:54:08.893277", "action": {"type": "send message", "content": "Riley Taylor 's Message:  Hi Riley Jones, it's a pleasure to meet you! I'm thrilled to find someone who appreciates the beauty of design and creation. Let's definitely start planning our first date. How about we start with deciding on a time that works best for both of us? [end]\n"}}, {"from": "Player 1", "to": "GM", "timestamp": "2024-09-12T14:54:10.682516", "action": {"type": "get message", "content": "[reason] I'm glad Riley Taylor is open to planning our first date and starting with the time. [end]\n\n[sentiment] Agreement on Time [end]\n\n[response] That sounds great, Riley Taylor! I'm usually free in the evenings during the week, and I have more flexibility on weekends. How about we meet on a Saturday afternoon? [end]"}}, {"from": "GM", "to": "GM", "timestamp": "2024-09-12T14:54:10.683593", "action": {"type": "parse", "content": "[reason] I'm glad Riley Taylor is open to planning our first date and starting with the time. [end]\n\n[sentiment] Agreement on Time [end]\n\n[response] That sounds great, Riley Taylor! I'm usually free in the evenings during the week, and I have more flexibility on weekends. How about we meet on a Saturday afternoon? [end] conforms to rules"}}], [{"from": "GM", "to": "Player 2", "timestamp": "2024-09-12T14:54:10.683593", "action": {"type": "send message", "content": "Riley Jones 's Message:  That sounds great, Riley Taylor! I'm usually free in the evenings during the week, and I have more flexibility on weekends. How about we meet on a Saturday afternoon? [end]\n"}}, {"from": "Player 2", "to": "GM", "timestamp": "2024-09-12T14:54:12.203446", "action": {"type": "get message", "content": "[reason] Riley Jones has proposed a time that works for them, which is a good starting point for our discussion. [end]\n\n[sentiment] Agreement on Time [end]\n\n[response] Saturday afternoons work perfectly for me as well, Riley Jones. I'm glad we could find a time that suits both of our schedules. Now, let's discuss the location for our first date. Any ideas? [end]"}}, {"from": "GM", "to": "GM", "timestamp": "2024-09-12T14:54:12.204441", "action": {"type": "parse", "content": "[reason] Riley Jones has proposed a time that works for them, which is a good starting point for our discussion. [end]\n\n[sentiment] Agreement on Time [end]\n\n[response] Saturday afternoons work perfectly for me as well, Riley Jones. I'm glad we could find a time that suits both of our schedules. Now, let's discuss the location for our first date. Any ideas? [end] conforms to rules"}}, {"from": "GM", "to": "GM", "timestamp": "2024-09-12T14:54:12.204441", "action": {"type": "time agreement", "content": "agreement on time successful"}}], [{"from": "GM", "to": "Player 1", "timestamp": "2024-09-12T14:54:12.204441", "action": {"type": "send message", "content": "Riley Taylor 's Message:  Saturday afternoons work perfectly for me as well, Riley Jones. I'm glad we could find a time that suits both of our schedules. Now, let's discuss the location for our first date. Any ideas? [end]\n"}}, {"from": "Player 1", "to": "GM", "timestamp": "2024-09-12T14:54:13.799098", "action": {"type": "get message", "content": "[reason] I'm happy that we found a time that works for both of us. Now, I'd like to suggest a location that reflects our shared interests in design and creation. [end]\n\n[sentiment] Agreement on Location [end]\n\n[response] I'm glad we're on the same page, Riley Taylor. For our first date, how about we visit a local art gallery or a museum that showcases modern design and architecture? [end]"}}, {"from": "GM", "to": "GM", "timestamp": "2024-09-12T14:54:13.799098", "action": {"type": "parse", "content": "[reason] I'm happy that we found a time that works for both of us. Now, I'd like to suggest a location that reflects our shared interests in design and creation. [end]\n\n[sentiment] Agreement on Location [end]\n\n[response] I'm glad we're on the same page, Riley Taylor. For our first date, how about we visit a local art gallery or a museum that showcases modern design and architecture? [end] conforms to rules"}}, {"from": "GM", "to": "GM", "timestamp": "2024-09-12T14:54:13.799098", "action": {"type": "mismatch time agreement", "content": "no time agreement, mismatched sentiment"}}], [{"from": "GM", "to": "Player 2", "timestamp": "2024-09-12T14:54:13.799098", "action": {"type": "send message", "content": "Riley Jones 's Message:  I'm glad we're on the same page, Riley Taylor. For our first date, how about we visit a local art gallery or a museum that showcases modern design and architecture? [end]\n"}}, {"from": "Player 2", "to": "GM", "timestamp": "2024-09-12T14:54:15.256001", "action": {"type": "get message", "content": "[reason] Riley Jones has suggested a location that aligns with both of our interests in design and art. [end]\n\n[sentiment] Agreement on Location [end]\n\n[response] Visiting a local art gallery or museum that showcases modern design and architecture sounds like a fantastic idea, Riley Jones. I'm excited to explore these places with someone who shares my passion for design. Now, let's decide on an activity that we can enjoy together during our date. [end]"}}, {"from": "GM", "to": "GM", "timestamp": "2024-09-12T14:54:15.256001", "action": {"type": "parse", "content": "[reason] Riley Jones has suggested a location that aligns with both of our interests in design and art. [end]\n\n[sentiment] Agreement on Location [end]\n\n[response] Visiting a local art gallery or museum that showcases modern design and architecture sounds like a fantastic idea, Riley Jones. I'm excited to explore these places with someone who shares my passion for design. Now, let's decide on an activity that we can enjoy together during our date. [end] conforms to rules"}}, {"from": "GM", "to": "GM", "timestamp": "2024-09-12T14:54:15.256001", "action": {"type": "location agreement", "content": "agreement on location successful"}}], [{"from": "GM", "to": "Player 1", "timestamp": "2024-09-12T14:54:15.256001", "action": {"type": "send message", "content": "Riley Taylor 's Message:  Visiting a local art gallery or museum that showcases modern design and architecture sounds like a fantastic idea, Riley Jones. I'm excited to explore these places with someone who shares my passion for design. Now, let's decide on an activity that we can enjoy together during our date. [end]\n"}}, {"from": "Player 1", "to": "GM", "timestamp": "2024-09-12T14:54:17.175061", "action": {"type": "get message", "content": "[reason] I'm glad Riley Taylor is excited about the location. I'd like to suggest an activity that allows us to engage with the art and design around us. [end]\n\n[sentiment] Agreement on Action [end]\n\n[response] I'm glad you're excited about the location, Riley Taylor. For our activity, how about we take a guided tour of the gallery or museum and discuss our thoughts on the exhibits? [end]"}}, {"from": "GM", "to": "GM", "timestamp": "2024-09-12T14:54:17.176058", "action": {"type": "parse", "content": "[reason] I'm glad Riley Taylor is excited about the location. I'd like to suggest an activity that allows us to engage with the art and design around us. [end]\n\n[sentiment] Agreement on Action [end]\n\n[response] I'm glad you're excited about the location, Riley Taylor. For our activity, how about we take a guided tour of the gallery or museum and discuss our thoughts on the exhibits? [end] conforms to rules"}}, {"from": "GM", "to": "GM", "timestamp": "2024-09-12T14:54:17.176058", "action": {"type": "mismatch location agreement", "content": "no location agreement, mismatched sentiment"}}], [{"from": "GM", "to": "Player 2", "timestamp": "2024-09-12T14:54:17.176058", "action": {"type": "send message", "content": "Riley Jones 's Message:  I'm glad you're excited about the location, Riley Taylor. For our activity, how about we take a guided tour of the gallery or museum and discuss our thoughts on the exhibits? [end]\n"}}, {"from": "Player 2", "to": "GM", "timestamp": "2024-09-12T14:54:19.488335", "action": {"type": "get message", "content": "[reason] Riley Jones has proposed an activity that allows us to engage in meaningful conversation and share our thoughts on the exhibits. [end]\n\n[sentiment] Agreement on Action [end]\n\n[response] A guided tour of the gallery or museum and discussing our thoughts on the exhibits is an excellent idea, Riley Jones. I'm looking forward to engaging in insightful conversations with you. With all three agreements in place, I believe we have successfully planned our first date. [end]\n\n[sentiment] Overall Agreement [end]\n\n[response] I'm thrilled that we've managed to find an overall agreement for our first date, Riley Jones. I'm genuinely excited to meet you and explore our shared interests together. See you soon! [end]"}}, {"from": "GM", "to": "GM", "timestamp": "2024-09-12T14:54:19.489340", "action": {"type": "parse", "content": "[reason] Riley Jones has proposed an activity that allows us to engage in meaningful conversation and share our thoughts on the exhibits. [end]\n\n[sentiment] Agreement on Action [end]\n\n[response] A guided tour of the gallery or museum and discussing our thoughts on the exhibits is an excellent idea, Riley Jones. I'm looking forward to engaging in insightful conversations with you. With all three agreements in place, I believe we have successfully planned our first date. [end]\n\n[sentiment] Overall Agreement [end]\n\n[response] I'm thrilled that we've managed to find an overall agreement for our first date, Riley Jones. I'm genuinely excited to meet you and explore our shared interests together. See you soon! [end] conforms to rules"}}, {"from": "GM", "to": "GM", "timestamp": "2024-09-12T14:54:19.489340", "action": {"type": "action agreement", "content": "agreement on action successful"}}], [{"from": "GM", "to": "Player 1", "timestamp": "2024-09-12T14:54:19.489340", "action": {"type": "send message", "content": "Riley Taylor 's Message:  A guided tour of the gallery or museum and discussing our thoughts on the exhibits is an excellent idea, Riley Jones. I'm looking forward to engaging in insightful conversations with you. With all three agreements in place, I believe we have successfully planned our first date. [end]\n\n[sentiment] Overall Agreement [end]\n\n[response] I'm thrilled that we've managed to find an overall agreement for our first date, Riley Jones. I'm genuinely excited to meet you and explore our shared interests together. See you soon! [end]\n"}}, {"from": "Player 1", "to": "GM", "timestamp": "2024-09-12T14:54:20.721771", "action": {"type": "get message", "content": "[reason] I'm glad that Riley Taylor and I have reached an overall agreement for our first date. I'm looking forward to meeting them and engaging in insightful conversations about design and art. [end]\n\n[sentiment] Overall Agreement [end]\n\n[response] I'm genuinely excited to meet you, Riley Taylor, and explore our shared interests together. See you soon! [end]"}}, {"from": "GM", "to": "GM", "timestamp": "2024-09-12T14:54:20.722767", "action": {"type": "parse", "content": "[reason] I'm glad that Riley Taylor and I have reached an overall agreement for our first date. I'm looking forward to meeting them and engaging in insightful conversations about design and art. [end]\n\n[sentiment] Overall Agreement [end]\n\n[response] I'm genuinely excited to meet you, Riley Taylor, and explore our shared interests together. See you soon! [end] conforms to rules"}}, {"from": "GM", "to": "GM", "timestamp": "2024-09-12T14:54:20.722767", "action": {"type": "mismatch action agreement", "content": "no action agreement, mismatched sentiment"}}], [{"from": "GM", "to": "Player 2", "timestamp": "2024-09-12T14:54:20.722767", "action": {"type": "send message", "content": "Riley Jones 's Message:  I'm genuinely excited to meet you, Riley Taylor, and explore our shared interests together. See you soon! [end]\n"}}, {"from": "Player 2", "to": "GM", "timestamp": "2024-09-12T14:54:21.850761", "action": {"type": "get message", "content": "[sentiment] Overall Agreement [end]\n\n[response] I'm glad we're both looking forward to our first date, Riley Jones. I can't wait to see what the future holds for us. See you soon! [end]"}}, {"from": "GM", "to": "GM", "timestamp": "2024-09-12T14:54:21.850761", "action": {"type": "invalid format: pattern", "content": "Aborted game because of invalid format: pattern"}}]], "max_turns": 15, "completed_turns": 9, "time_agreement": true, "location_agreement": true, "action_agreement": true}