{"players": {"GM": "Game master for datingsim", "Player 1": "openchat-3.6-8b", "Player 2": "openchat-3.6-8b"}, "turns": [[{"from": "GM", "to": "Player 1", "timestamp": "2024-09-12T18:11:25.123872", "action": {"type": "send message", "content": "You are about to play a game with another player. In this game, you and the other player are both on an dating app, looking for a partner. In this case, both you and the other player decided, that you fancy each other's profile. Your and the other player's GOAL is it, to come to an agreement on what to do on your first date. At the start of the game you will be given two character sheets. The first one is the one, that defines your personality. The second one includes the information you know of the other player based on the information in their Bio on the dating app. You will start the conversation.\nOn each further turn you can react to what the other player tells you. For this you can either continue the conversation if you have not met an agreement yet or are not happy with the proposal, or end the game by agreeing to the proposal. \n\nThere is a total of four agreements throughout the game: \"Agreement on Time\", \"Agreement on Location\", \"Agreement on Action\", \"Overall Agreement\". You and the other player need to find an agreement on each of them.\nYou should only choose \"Overall Agreement\" after you and your date manage to settle an agreement for the other three ones (Time, Location, Action). \nYou have 15 turns to finish the game and find all agreements. \n\nYour answer has to consist ONLY of the following information and follow the given template:\n\n[reason] Your reason for your decision. [end]\n\n[sentiment] Choose one of the following: \"Continue Conversation\", \"Agreement on Time\", \"Agreement on Location\", \"Agreement on Action\", \"Overall Agreement\" [end]\n\n[response] Your response to the other player. This can include your sentiment, opinion, alternative. [end]\n\nYour answer for [response] must NOT exceed 100 tokens.\n\nThe game ends when 1) both you and the other player reply with the sentiment \"Overall Agreement\", 2) one of you chooses the sentiment \"Overall Agreement\" without the other one choosing it in the following turn, 3) you run out of turns to communicate or 4) you do not follow the template.\n\nThis is your character: {'NAME': 'Ethan Moore', 'GENDER': 'Male', 'AGE': 42, 'APPEARANCE': 'Salt and pepper hair, warm smile, crinkled eyes when he laughs, wears well-fitting suits.', 'OCCUPATION': 'University Professor (Literature)', 'LIKES': 'Engaging discussions, classic literature, a good cup of tea.', 'DISLIKES': 'Superficiality, technology dependence, loud noises.', 'HOBBIES': 'Reading, attending plays and concerts, spending time in nature.', 'SUMMARY': 'Good books are twice as fun when you converse about them with a nice cup of tea. This pretty much describes me as a person.'}\n\nThis is the character of the other player: ${'NAME': 'Chloe Kim', 'SUMMARY': 'I am a pretty confident mechanic who looves a good challenge.'}\n\nRemember, your goal is to find the overall agreement for your first date while staying in character.\n\nStart the game with the reason, your sentiment and the opening phrase.\n"}}, {"from": "Player 1", "to": "GM", "timestamp": "2024-09-12T18:11:29.578060", "action": {"type": "get message", "content": "[reason] I'm glad we matched on this dating app. It's been quite some time since I've met someone who shares my love for literature. [end]\n\n[sentiment] Continue Conversation [end]\n\n[response] That's great to hear! I'm a big fan of books too. What are your favorite genres? [end]"}}, {"from": "GM", "to": "GM", "timestamp": "2024-09-12T18:11:29.578362", "action": {"type": "parse", "content": "[reason] I'm glad we matched on this dating app. It's been quite some time since I've met someone who shares my love for literature. [end]\n\n[sentiment] Continue Conversation [end]\n\n[response] That's great to hear! I'm a big fan of books too. What are your favorite genres? [end] conforms to rules"}}], [{"from": "GM", "to": "Player 2", "timestamp": "2024-09-12T18:11:29.578453", "action": {"type": "send message", "content": "You are about to play a game with another player. In this game, you and the other player are both on an dating app, looking for a partner. In this case, both you and the other player decided, that you fancy each other's profile. Your and the other player's GOAL is it, to come to an agreement on what to do on your first date. At the start of the game you will be given two character sheets. The first one is the one, that defines your personality. The second one includes the information you know of the other player based on the information in their Bio on the dating app. You will be approached by the other player.\nOn each further turn you can react to what the other player tells you. For this you can either continue the conversation if you have not met an agreement yet or are not happy with the proposal, or end the game by agreeing to the proposal. \n\nThere is a total of four agreements throughout the game: \"Agreement on Time\", \"Agreement on Location\", \"Agreement on Action\", \"Overall Agreement\". You and the other player need to find an agreement on each of them.\nYou should only choose \"Overall Agreement\" after you and your date manage to settle an agreement for the other three ones (Time, Location, Action). \nYou have 15 turns to finish the game and find all agreements. \n\nYour answer has to consist ONLY of the following information and follow the given template:\n\n[reason] Your reason for your decision. [end]\n\n[sentiment] Choose one of the following: \"Continue Conversation\", \"Agreement on Time\", \"Agreement on Location\", \"Agreement on Action\", \"Overall Agreement\" [end]\n\n[response] Your response to the other player. This can include your sentiment, opinion, alternative. [end]\n\nYour answer for [response] must NOT exceed 100 tokens.\n\nThe game ends when 1) both you and the other player reply with the sentiment \"Overall Agreement\", 2) one of you chooses the sentiment \"Overall Agreement\" without the other one choosing it in the following turn, 3) you run out of turns to communicate or 4) you do not follow the template.\n\nThis is your character: {'NAME': 'Chloe Kim', 'GENDER': 'Female', 'AGE': 21, 'APPEARANCE': 'Confident smirk, bright green eyes, athletic build, wears comfortable clothes with a sporty flair.', 'OCCUPATION': 'Lead Mechanic at a Motorcycle Repair Shop', 'LIKES': 'Fixing things with her own hands, the roar of a motorcycle engine, a good challenge.', 'DISLIKES': 'Idleness, people who give up easily, following the crowd.', 'HOBBIES': 'Motocross racing (competitively), tinkering with old machines, participating in hackathons.', 'SUMMARY': 'I am a pretty confident mechanic who looves a good challenge.'}\n\nThis is the character of the other player: ${'NAME': 'Ethan Moore', 'SUMMARY': 'Good books are twice as fun when you converse about them with a nice cup of tea. This pretty much describes me as a person.'}\n\nRemember, your goal is to find the overall agreement for your first date while staying in character.\n\nContinue the game with the reason, your sentiment and an answer phrase to the first message of the other player:\n\nMessage:  That's great to hear! I'm a big fan of books too. What are your favorite genres? [end]\n"}}, {"from": "Player 2", "to": "GM", "timestamp": "2024-09-12T18:11:33.653712", "action": {"type": "get message", "content": "[reason] Your question about my favorite genres is interesting. [end]\n\n[response] Continue Conversation [end]"}}, {"from": "GM", "to": "GM", "timestamp": "2024-09-12T18:11:33.654037", "action": {"type": "invalid format: pattern", "content": "invalid format: pattern, reprompt needed"}}, {"from": "GM", "to": "Player 2", "timestamp": "2024-09-12T18:11:33.654167", "action": {"type": "reprompt", "content": "Your answer does not follow the following template: \n\n[reason] Your reason for your decision. [end]\n\n[sentiment] Choose one of the following: \"Found Agreement\", \"Continue Conversation\" [end]\n\n[response] Your response to the other player. This can include your sentiment, opinion, alternative. [end]\n\nYour answer for [response] must NOT exceed 100 tokens.\n\nTry again and DO NOT APOLOGIZE OR WHATEVER. JUST USE THE PATTERN\"\"\"\n"}}, {"from": "Player 2", "to": "GM", "timestamp": "2024-09-12T18:11:35.876355", "action": {"type": "get message", "content": "[reason] I like a variety of genres but mostly mystery and science fiction. What about you? [end]\n\n[response] Continue Conversation [end]"}}, {"from": "GM", "to": "GM", "timestamp": "2024-09-12T18:11:35.876603", "action": {"type": "invalid format: pattern", "content": "invalid format: pattern, reprompt needed"}}, {"from": "GM", "to": "GM", "timestamp": "2024-09-12T18:11:35.876712", "action": {"type": "out of retries", "content": "The game is aborted: no reprompt retries left."}}]], "max_turns": 15, "completed_turns": 1, "time_agreement": false, "location_agreement": false, "action_agreement": false}