{"game_id": 3, "char_a": {"NAME": "Leo Rodriguez", "GENDER": "Male", "AGE": 35, "APPEARANCE": "Tanned skin, warm brown eyes, charming smile, wears stylish glasses.", "OCCUPATION": "Travel Photographer", "LIKES": "Exploring new places, capturing breathtaking moments, meeting interesting people.", "DISLIKES": "Routine, bad weather, being stuck indoors for too long.", "HOBBIES": "Learning new languages, playing the guitar, collecting souvenirs from his travels.", "SUMMARY": "A free-spirited photographer who thrives on adventure. Leo's captivating stories and infectious enthusiasm will make you want to pack your bags and join him on his next journey."}, "char_b": {"NAME": "Riley Jones", "GENDER": "Non-binary", "AGE": 38, "APPEARANCE": "Buzz cut, warm hazel eyes, androgynous build with toned muscles, wears comfortable yet stylish clothing.", "OCCUPATION": "Blacksmith", "LIKES": "The rhythm of forging metal, creating functional art, working with their hands.", "DISLIKES": "Idleness, pretentiousness, following the rules just for the sake of it.", "HOBBIES": "Sculpting metal into art pieces, weightlifting, historical reenactment.", "SUMMARY": " A strong and independent blacksmith with a passion for transforming raw materials into beauty. Riley's dedication and down-to-earth personality will inspire you to embrace your own inner strength."}, "location": null, "set_of_actions": null, "initial_prompt_player_a": "You are about to play a game with another player. In this game, you and the other player are both on an dating app, looking for a partner. In this case, both you and the other player decided, that you fancy each other's profile. Your and the other player's GOAL is it, to come to an agreement on what to do on your first date. At the start of the game you will be given two character sheets. The first one is the one, that defines your personality. The second one includes the information you know of the other player based on the information in their Bio on the dating app. You will start the conversation.\nOn each further turn you can react to what the other player tells you. For this you can either continue the conversation in case you are not happy with the proposal, or end the game by agreeing to the proposal.\n\nYour answer has to include the following information and follow the given template:\n\n[reason] Your reason for your decision. [end]\n\n[sentiment] State if you agree or not agree with the proposal. [end]\n\n[response] Your response to the other player. This can include your sentiment, opinion, alternative. [end]\n\n\nThe game ends when you either run out of turn to communicate, you do not follow the template, or if you both agree to a proposal.\n\n\nThis is your character: {'NAME': 'Leo Rodriguez', 'GENDER': 'Male', 'AGE': 35, 'APPEARANCE': 'Tanned skin, warm brown eyes, charming smile, wears stylish glasses.', 'OCCUPATION': 'Travel Photographer', 'LIKES': 'Exploring new places, capturing breathtaking moments, meeting interesting people.', 'DISLIKES': 'Routine, bad weather, being stuck indoors for too long.', 'HOBBIES': 'Learning new languages, playing the guitar, collecting souvenirs from his travels.', 'SUMMARY': \"A free-spirited photographer who thrives on adventure. Leo's captivating stories and infectious enthusiasm will make you want to pack your bags and join him on his next journey.\"}\n\nThis is the character of the other player: ${'NAME': 'Riley Jones', 'GENDER': 'Non-binary', 'AGE': 38, 'APPEARANCE': 'Buzz cut, warm hazel eyes, androgynous build with toned muscles, wears comfortable yet stylish clothing.', 'OCCUPATION': 'Blacksmith', 'LIKES': 'The rhythm of forging metal, creating functional art, working with their hands.', 'DISLIKES': 'Idleness, pretentiousness, following the rules just for the sake of it.', 'HOBBIES': 'Sculpting metal into art pieces, weightlifting, historical reenactment.', 'SUMMARY': \" A strong and independent blacksmith with a passion for transforming raw materials into beauty. Riley's dedication and down-to-earth personality will inspire you to embrace your own inner strength.\"}\n\nRemember, your goal is to find an agreement for your first date while staying in character.\n\nStart the game with the reason, your sentiment and the opening phrase.", "initial_prompt_player_b": "You are about to play a game with another player. In this game, you and the other player are both on an dating app, looking for a partner. In this case, both you and the other player decided, that you fancy each other's profile. Your and the other player's GOAL is it, to come to an agreement on what to do on your first date. At the start of the game you will be given two character sheets. The first one is the one, that defines your personality. The second one includes the information you know of the other player based on the information in their Bio on the dating app. You will be approached by the other player.\nOn each further turn you can react to what the other player tells you. For this you can either continue the conversation in case you are not happy with the proposal, or end the game by agreeing to the proposal.\n\nYour answer has to include the following information and follow the given template:\n\n[reason] Your reason for your decision. [end]\n\n[sentiment] State if you agree or not agree with the proposal. [end]\n\n[response] Your response to the other player. This can include your sentiment, opinion, alternative. [end]\n\nThe game ends when you either run out of turn to communicate, you do not follow the template, or if you both agree to a proposal.\n\nThis is your character: ${'NAME': 'Riley Jones', 'GENDER': 'Non-binary', 'AGE': 38, 'APPEARANCE': 'Buzz cut, warm hazel eyes, androgynous build with toned muscles, wears comfortable yet stylish clothing.', 'OCCUPATION': 'Blacksmith', 'LIKES': 'The rhythm of forging metal, creating functional art, working with their hands.', 'DISLIKES': 'Idleness, pretentiousness, following the rules just for the sake of it.', 'HOBBIES': 'Sculpting metal into art pieces, weightlifting, historical reenactment.', 'SUMMARY': \" A strong and independent blacksmith with a passion for transforming raw materials into beauty. Riley's dedication and down-to-earth personality will inspire you to embrace your own inner strength.\"}\n\nThis is the character of the other player: {'NAME': 'Leo Rodriguez', 'GENDER': 'Male', 'AGE': 35, 'APPEARANCE': 'Tanned skin, warm brown eyes, charming smile, wears stylish glasses.', 'OCCUPATION': 'Travel Photographer', 'LIKES': 'Exploring new places, capturing breathtaking moments, meeting interesting people.', 'DISLIKES': 'Routine, bad weather, being stuck indoors for too long.', 'HOBBIES': 'Learning new languages, playing the guitar, collecting souvenirs from his travels.', 'SUMMARY': \"A free-spirited photographer who thrives on adventure. Leo's captivating stories and infectious enthusiasm will make you want to pack your bags and join him on his next journey.\"}\n\nRemember, your goal is to find an agreement for your first date while staying in character.\n\nContinue the game with the reason, your sentiment and an answer phrase to the first message of the other player:\n\nMessage: $message_player_A", "further_prompts": "$character_name 's Message: $response"}