{"players": {"GM": "Game master for datingsim", "Player 1": "Mixtral-8x22B-Instruct-v0.1", "Player 2": "Mixtral-8x22B-Instruct-v0.1"}, "turns": [[{"from": "GM", "to": "Player 1", "timestamp": "2024-09-12T14:41:46.150065", "action": {"type": "send message", "content": "You are about to play a game with another player. In this game, you and the other player are both on an dating app, looking for a partner. In this case, both you and the other player decided, that you fancy each other's profile. Your and the other player's GOAL is it, to come to an agreement on what to do on your first date. At the start of the game you will be given two character sheets. The first one is the one, that defines your personality. The second one includes the information you know of the other player based on the information in their Bio on the dating app. You will start the conversation.\nOn each further turn you can react to what the other player tells you. For this you can either continue the conversation if you have not met an agreement yet or are not happy with the proposal, or end the game by agreeing to the proposal. \n\nThere is a total of four agreements throughout the game: \"Agreement on Time\", \"Agreement on Location\", \"Agreement on Action\", \"Overall Agreement\". You and the other player need to find an agreement on each of them.\nYou should only choose \"Overall Agreement\" after you and your date manage to settle an agreement for the other three ones (Time, Location, Action). \nYou have 15 turns to finish the game and find all agreements. \n\nYour answer has to consist ONLY of the following information and follow the given template:\n\n[reason] Your reason for your decision. [end]\n\n[sentiment] Choose one of the following: \"Continue Conversation\", \"Agreement on Time\", \"Agreement on Location\", \"Agreement on Action\", \"Overall Agreement\" [end]\n\n[response] Your response to the other player. This can include your sentiment, opinion, alternative. [end]\n\nYour answer for [response] must NOT exceed 100 tokens.\n\nThe game ends when 1) both you and the other player reply with the sentiment \"Overall Agreement\", 2) one of you chooses the sentiment \"Overall Agreement\" without the other one choosing it in the following turn, 3) you run out of turns to communicate or 4) you do not follow the template.\n\nThis is your character: {'NAME': 'Sophia Martinez', 'GENDER': 'Female', 'AGE': 27, 'APPEARANCE': 'Curly dark hair, brown eyes, petite, stylish outfits, warm smile.', 'OCCUPATION': 'Graphic Designer', 'LIKES': 'Art galleries, spicy food, romantic movies.', 'DISLIKES': 'Cold weather, arrogance, traffic.', 'HOBBIES': 'Painting, dancing, yoga.', 'SUMMARY': 'Just a girl, preferring and enjoying the warm summer days.'}\n\nThis is the character of the other player: ${'NAME': 'Sophia Martinez', 'GENDER': 'Female', 'AGE': 27, 'APPEARANCE': 'Curly dark hair, brown eyes, petite, stylish outfits, warm smile.', 'OCCUPATION': 'Graphic Designer', 'SUMMARY': 'Just a girl, preferring and enjoying the warm summer days.'}\n\nRemember, your goal is to find the overall agreement for your first date while staying in character.\n\nStart the game with the reason, your sentiment and the opening phrase.\n"}}, {"from": "Player 1", "to": "GM", "timestamp": "2024-09-12T14:41:47.365214", "action": {"type": "get message", "content": "[reason] I'm excited to get to know Sophia Martinez better and find a suitable activity for our first date. [end]\n\n[sentiment] Continue Conversation [end]\n\n[response] Hi Sophia, it's great to connect with someone who shares my passion for art and design. I was thinking, how about we meet up for our first date? [end]"}}, {"from": "GM", "to": "GM", "timestamp": "2024-09-12T14:41:47.366216", "action": {"type": "parse", "content": "[reason] I'm excited to get to know Sophia Martinez better and find a suitable activity for our first date. [end]\n\n[sentiment] Continue Conversation [end]\n\n[response] Hi Sophia, it's great to connect with someone who shares my passion for art and design. I was thinking, how about we meet up for our first date? [end] conforms to rules"}}], [{"from": "GM", "to": "Player 2", "timestamp": "2024-09-12T14:41:47.366216", "action": {"type": "send message", "content": "You are about to play a game with another player. In this game, you and the other player are both on an dating app, looking for a partner. In this case, both you and the other player decided, that you fancy each other's profile. Your and the other player's GOAL is it, to come to an agreement on what to do on your first date. At the start of the game you will be given two character sheets. The first one is the one, that defines your personality. The second one includes the information you know of the other player based on the information in their Bio on the dating app. You will be approached by the other player.\nOn each further turn you can react to what the other player tells you. For this you can either continue the conversation if you have not met an agreement yet or are not happy with the proposal, or end the game by agreeing to the proposal. \n\nThere is a total of four agreements throughout the game: \"Agreement on Time\", \"Agreement on Location\", \"Agreement on Action\", \"Overall Agreement\". You and the other player need to find an agreement on each of them.\nYou should only choose \"Overall Agreement\" after you and your date manage to settle an agreement for the other three ones (Time, Location, Action). \nYou have 15 turns to finish the game and find all agreements. \n\nYour answer has to consist ONLY of the following information and follow the given template:\n\n[reason] Your reason for your decision. [end]\n\n[sentiment] Choose one of the following: \"Continue Conversation\", \"Agreement on Time\", \"Agreement on Location\", \"Agreement on Action\", \"Overall Agreement\" [end]\n\n[response] Your response to the other player. This can include your sentiment, opinion, alternative. [end]\n\nYour answer for [response] must NOT exceed 100 tokens.\n\nThe game ends when 1) both you and the other player reply with the sentiment \"Overall Agreement\", 2) one of you chooses the sentiment \"Overall Agreement\" without the other one choosing it in the following turn, 3) you run out of turns to communicate or 4) you do not follow the template.\n\nThis is your character: {'NAME': 'Sophia Martinez', 'GENDER': 'Female', 'AGE': 27, 'APPEARANCE': 'Curly dark hair, brown eyes, petite, stylish outfits, warm smile.', 'OCCUPATION': 'Graphic Designer', 'LIKES': 'Art galleries, spicy food, romantic movies.', 'DISLIKES': 'Cold weather, arrogance, traffic.', 'HOBBIES': 'Painting, dancing, yoga.', 'SUMMARY': 'Just a girl, preferring and enjoying the warm summer days.'}\n\nThis is the character of the other player: ${'NAME': 'Sophia Martinez', 'GENDER': 'Female', 'AGE': 27, 'APPEARANCE': 'Curly dark hair, brown eyes, petite, stylish outfits, warm smile.', 'OCCUPATION': 'Graphic Designer', 'SUMMARY': 'Just a girl, preferring and enjoying the warm summer days.'}\n\nRemember, your goal is to find the overall agreement for your first date while staying in character.\n\nContinue the game with the reason, your sentiment and an answer phrase to the first message of the other player:\n\nMessage:  Hi Sophia, it's great to connect with someone who shares my passion for art and design. I was thinking, how about we meet up for our first date? [end]\n"}}, {"from": "Player 2", "to": "GM", "timestamp": "2024-09-12T14:41:48.661351", "action": {"type": "get message", "content": "[reason] The other player shares my interests and has initiated the conversation about our first date. [end]\n\n[sentiment] Continue Conversation [end]\n\n[response] Hi there! I'm thrilled to meet someone who appreciates art as much as I do. I'd love to hear your ideas for our first date. [end]"}}, {"from": "GM", "to": "GM", "timestamp": "2024-09-12T14:41:48.662351", "action": {"type": "parse", "content": "[reason] The other player shares my interests and has initiated the conversation about our first date. [end]\n\n[sentiment] Continue Conversation [end]\n\n[response] Hi there! I'm thrilled to meet someone who appreciates art as much as I do. I'd love to hear your ideas for our first date. [end] conforms to rules"}}], [{"from": "GM", "to": "Player 1", "timestamp": "2024-09-12T14:41:48.662351", "action": {"type": "send message", "content": "Sophia Martinez 's Message:  Hi there! I'm thrilled to meet someone who appreciates art as much as I do. I'd love to hear your ideas for our first date. [end]\n"}}, {"from": "Player 1", "to": "GM", "timestamp": "2024-09-12T14:41:50.383327", "action": {"type": "get message", "content": "[reason] I'm glad Sophia is open to my suggestions and shares my enthusiasm for art. [end]\n\n[sentiment] Continue Conversation [end]\n\n[response] That's wonderful, Sophia! I was thinking we could visit an art gallery and then grab some spicy food afterwards. How does that sound? [end]"}}, {"from": "GM", "to": "GM", "timestamp": "2024-09-12T14:41:50.384342", "action": {"type": "parse", "content": "[reason] I'm glad Sophia is open to my suggestions and shares my enthusiasm for art. [end]\n\n[sentiment] Continue Conversation [end]\n\n[response] That's wonderful, Sophia! I was thinking we could visit an art gallery and then grab some spicy food afterwards. How does that sound? [end] conforms to rules"}}], [{"from": "GM", "to": "Player 2", "timestamp": "2024-09-12T14:41:50.384342", "action": {"type": "send message", "content": "Sophia Martinez 's Message:  That's wonderful, Sophia! I was thinking we could visit an art gallery and then grab some spicy food afterwards. How does that sound? [end]\n"}}, {"from": "Player 2", "to": "GM", "timestamp": "2024-09-12T14:41:51.792857", "action": {"type": "get message", "content": "[reason] The other player has suggested an art gallery and spicy food, which aligns with my interests. [end]\n\n[sentiment] Agreement on Action [end]\n\n[response] I absolutely love that idea! Visiting an art gallery and enjoying some spicy food sounds like a perfect first date. [end]"}}, {"from": "GM", "to": "GM", "timestamp": "2024-09-12T14:41:51.792857", "action": {"type": "parse", "content": "[reason] The other player has suggested an art gallery and spicy food, which aligns with my interests. [end]\n\n[sentiment] Agreement on Action [end]\n\n[response] I absolutely love that idea! Visiting an art gallery and enjoying some spicy food sounds like a perfect first date. [end] conforms to rules"}}], [{"from": "GM", "to": "Player 1", "timestamp": "2024-09-12T14:41:51.793856", "action": {"type": "send message", "content": "Sophia Martinez 's Message:  I absolutely love that idea! Visiting an art gallery and enjoying some spicy food sounds like a perfect first date. [end]\n"}}, {"from": "Player 1", "to": "GM", "timestamp": "2024-09-12T14:41:53.061422", "action": {"type": "get message", "content": "[reason] I'm happy that Sophia is on board with my suggestion and we share similar interests. [end]\n\n[sentiment] Agreement on Action [end]\n\n[response] I'm so glad you like the idea, Sophia! I can't wait to explore an art gallery with you and indulge in some delicious spicy food. [end]"}}, {"from": "GM", "to": "GM", "timestamp": "2024-09-12T14:41:53.062427", "action": {"type": "parse", "content": "[reason] I'm happy that Sophia is on board with my suggestion and we share similar interests. [end]\n\n[sentiment] Agreement on Action [end]\n\n[response] I'm so glad you like the idea, Sophia! I can't wait to explore an art gallery with you and indulge in some delicious spicy food. [end] conforms to rules"}}, {"from": "GM", "to": "GM", "timestamp": "2024-09-12T14:41:53.062427", "action": {"type": "action agreement", "content": "agreement on action successful"}}], [{"from": "GM", "to": "Player 2", "timestamp": "2024-09-12T14:41:53.062427", "action": {"type": "send message", "content": "Sophia Martinez 's Message:  I'm so glad you like the idea, Sophia! I can't wait to explore an art gallery with you and indulge in some delicious spicy food. [end]\n"}}, {"from": "Player 2", "to": "GM", "timestamp": "2024-09-12T14:41:54.368782", "action": {"type": "get message", "content": "[reason] The other player is enthusiastic about our shared interests and the proposed date plan. [end]\n\n[sentiment] Continue Conversation [end]\n\n[response] Me too! I'm really looking forward to our date. Now, we just need to decide on a time and location. [end]"}}, {"from": "GM", "to": "GM", "timestamp": "2024-09-12T14:41:54.369795", "action": {"type": "parse", "content": "[reason] The other player is enthusiastic about our shared interests and the proposed date plan. [end]\n\n[sentiment] Continue Conversation [end]\n\n[response] Me too! I'm really looking forward to our date. Now, we just need to decide on a time and location. [end] conforms to rules"}}, {"from": "GM", "to": "GM", "timestamp": "2024-09-12T14:41:54.369795", "action": {"type": "mismatch action agreement", "content": "no action agreement, mismatched sentiment"}}], [{"from": "GM", "to": "Player 1", "timestamp": "2024-09-12T14:41:54.369795", "action": {"type": "send message", "content": "Sophia Martinez 's Message:  Me too! I'm really looking forward to our date. Now, we just need to decide on a time and location. [end]\n"}}, {"from": "Player 1", "to": "GM", "timestamp": "2024-09-12T14:41:55.726415", "action": {"type": "get message", "content": "[reason] I'm eager to finalize the details of our date and make it happen. [end]\n\n[sentiment] Continue Conversation [end]\n\n[response] Absolutely, Sophia! How about we meet at the Modern Art Gallery on Saturday at 2 PM? It's a beautiful gallery with a great collection. [end]"}}, {"from": "GM", "to": "GM", "timestamp": "2024-09-12T14:41:55.726948", "action": {"type": "parse", "content": "[reason] I'm eager to finalize the details of our date and make it happen. [end]\n\n[sentiment] Continue Conversation [end]\n\n[response] Absolutely, Sophia! How about we meet at the Modern Art Gallery on Saturday at 2 PM? It's a beautiful gallery with a great collection. [end] conforms to rules"}}], [{"from": "GM", "to": "Player 2", "timestamp": "2024-09-12T14:41:55.726948", "action": {"type": "send message", "content": "Sophia Martinez 's Message:  Absolutely, Sophia! How about we meet at the Modern Art Gallery on Saturday at 2 PM? It's a beautiful gallery with a great collection. [end]\n"}}, {"from": "Player 2", "to": "GM", "timestamp": "2024-09-12T14:41:56.929991", "action": {"type": "get message", "content": "[reason] The other player has suggested a specific time and location for our date. [end]\n\n[sentiment] Agreement on Time and Location [end]\n\n[response] The Modern Art Gallery sounds fantastic! I'm available on Saturday at 2 PM, so that works perfectly for me. [end]"}}, {"from": "GM", "to": "GM", "timestamp": "2024-09-12T14:41:56.930969", "action": {"type": "invalid format: pattern", "content": "Aborted game because of invalid format: pattern"}}]], "max_turns": 15, "completed_turns": 7, "time_agreement": false, "location_agreement": false, "action_agreement": true}