{"players": {"GM": "Game master for datingsim", "Player 1": "Mixtral-8x22B-Instruct-v0.1", "Player 2": "Mixtral-8x22B-Instruct-v0.1"}, "turns": [[{"from": "GM", "to": "Player 1", "timestamp": "2024-09-12T14:31:00.223216", "action": {"type": "send message", "content": "You are about to play a game with another player. In this game, you and the other player are both on an dating app, looking for a partner. In this case, both you and the other player decided, that you fancy each other's profile. Your and the other player's GOAL is it, to come to an agreement on what to do on your first date. At the start of the game you will be given two character sheets. The first one is the one, that defines your personality. The second one includes the information you know of the other player based on the information in their Bio on the dating app. You will start the conversation.\nOn each further turn you can react to what the other player tells you. For this you can either continue the conversation if you have not met an agreement yet or are not happy with the proposal, or end the game by agreeing to the proposal. \n\nThere is a total of four agreements throughout the game: \"Agreement on Time\", \"Agreement on Location\", \"Agreement on Action\", \"Overall Agreement\". You and the other player need to find an agreement on each of them.\nYou should only choose \"Overall Agreement\" after you and your date manage to settle an agreement for the other three ones (Time, Location, Action). \nYou have 15 turns to finish the game and find all agreements. \n\nYour answer has to consist ONLY of the following information and follow the given template:\n\n[reason] Your reason for your decision. [end]\n\n[sentiment] Choose one of the following: \"Continue Conversation\", \"Agreement on Time\", \"Agreement on Location\", \"Agreement on Action\", \"Overall Agreement\" [end]\n\n[response] Your response to the other player. This can include your sentiment, opinion, alternative. [end]\n\nYour answer for [response] must NOT exceed 100 tokens.\n\nThe game ends when 1) both you and the other player reply with the sentiment \"Overall Agreement\", 2) one of you chooses the sentiment \"Overall Agreement\" without the other one choosing it in the following turn, 3) you run out of turns to communicate or 4) you do not follow the template.\n\nThis is your character: {'NAME': 'Sakura Nakamura', 'GENDER': 'Female', 'AGE': 32, 'APPEARANCE': 'Calm and gentle demeanor, kind eyes, long silky black hair, wears flowy dresses with traditional Japanese touches.', 'OCCUPATION': 'Tea Ceremony Master', 'LIKES': 'Maintaining traditions, fostering inner peace, creating a beautiful and harmonious atmosphere.', 'DISLIKES': 'Disharmony, disrespect, rushing through life.', 'HOBBIES': 'Calligraphy, flower arranging (Ikebana), practicing mindfulness meditation.', 'SUMMARY': \"Hi, I'm Sakura, a tea ceremony master who cherishes tranquility, mindfulness, and the beauty of tradition.\"}\n\nThis is the character of the other player: ${'NAME': 'Aiden Reyes', 'GENDER': 'Male', 'AGE': 26, 'APPEARANCE': 'Lean and fit, short black hair, green eyes, casual yet trendy clothing, tattoo sleeve on left arm.', 'OCCUPATION': 'Photographer', 'SUMMARY': 'I like spontanious actions that keep me and my mind active.'}\n\nRemember, your goal is to find the overall agreement for your first date while staying in character.\n\nStart the game with the reason, your sentiment and the opening phrase.\n"}}, {"from": "Player 1", "to": "GM", "timestamp": "2024-09-12T14:31:01.840220", "action": {"type": "get message", "content": "[reason] I am drawn to Aiden's creative and adventurous spirit, and I believe our shared appreciation for beauty and art can make for an interesting first date. [end]\n\n[sentiment] Continue Conversation [end]\n\n[response] Hello Aiden, I'm Sakura. I'm intrigued by your passion for photography and spontaneous actions. I'd love to plan a first date that combines our interests. How about we start by discussing a suitable time for both of us? [end]"}}, {"from": "GM", "to": "GM", "timestamp": "2024-09-12T14:31:01.841220", "action": {"type": "parse", "content": "[reason] I am drawn to Aiden's creative and adventurous spirit, and I believe our shared appreciation for beauty and art can make for an interesting first date. [end]\n\n[sentiment] Continue Conversation [end]\n\n[response] Hello Aiden, I'm Sakura. I'm intrigued by your passion for photography and spontaneous actions. I'd love to plan a first date that combines our interests. How about we start by discussing a suitable time for both of us? [end] conforms to rules"}}], [{"from": "GM", "to": "Player 2", "timestamp": "2024-09-12T14:31:01.841220", "action": {"type": "send message", "content": "You are about to play a game with another player. In this game, you and the other player are both on an dating app, looking for a partner. In this case, both you and the other player decided, that you fancy each other's profile. Your and the other player's GOAL is it, to come to an agreement on what to do on your first date. At the start of the game you will be given two character sheets. The first one is the one, that defines your personality. The second one includes the information you know of the other player based on the information in their Bio on the dating app. You will be approached by the other player.\nOn each further turn you can react to what the other player tells you. For this you can either continue the conversation if you have not met an agreement yet or are not happy with the proposal, or end the game by agreeing to the proposal. \n\nThere is a total of four agreements throughout the game: \"Agreement on Time\", \"Agreement on Location\", \"Agreement on Action\", \"Overall Agreement\". You and the other player need to find an agreement on each of them.\nYou should only choose \"Overall Agreement\" after you and your date manage to settle an agreement for the other three ones (Time, Location, Action). \nYou have 15 turns to finish the game and find all agreements. \n\nYour answer has to consist ONLY of the following information and follow the given template:\n\n[reason] Your reason for your decision. [end]\n\n[sentiment] Choose one of the following: \"Continue Conversation\", \"Agreement on Time\", \"Agreement on Location\", \"Agreement on Action\", \"Overall Agreement\" [end]\n\n[response] Your response to the other player. This can include your sentiment, opinion, alternative. [end]\n\nYour answer for [response] must NOT exceed 100 tokens.\n\nThe game ends when 1) both you and the other player reply with the sentiment \"Overall Agreement\", 2) one of you chooses the sentiment \"Overall Agreement\" without the other one choosing it in the following turn, 3) you run out of turns to communicate or 4) you do not follow the template.\n\nThis is your character: {'NAME': 'Aiden Reyes', 'GENDER': 'Male', 'AGE': 26, 'APPEARANCE': 'Lean and fit, short black hair, green eyes, casual yet trendy clothing, tattoo sleeve on left arm.', 'OCCUPATION': 'Photographer', 'LIKES': 'Street art, animals, spontaneous trips.', 'DISLIKES': 'Routine, pessimism, junk food.', 'HOBBIES': 'Urban exploration, skateboarding, wildlife photography.', 'SUMMARY': 'I like spontanious actions that keep me and my mind active.'}\n\nThis is the character of the other player: ${'NAME': 'Sakura Nakamura', 'GENDER': 'Female', 'AGE': 32, 'APPEARANCE': 'Calm and gentle demeanor, kind eyes, long silky black hair, wears flowy dresses with traditional Japanese touches.', 'OCCUPATION': 'Tea Ceremony Master', 'SUMMARY': \"Hi, I'm Sakura, a tea ceremony master who cherishes tranquility, mindfulness, and the beauty of tradition.\"}\n\nRemember, your goal is to find the overall agreement for your first date while staying in character.\n\nContinue the game with the reason, your sentiment and an answer phrase to the first message of the other player:\n\nMessage:  Hello Aiden, I'm Sakura. I'm intrigued by your passion for photography and spontaneous actions. I'd love to plan a first date that combines our interests. How about we start by discussing a suitable time for both of us? [end]\n"}}, {"from": "Player 2", "to": "GM", "timestamp": "2024-09-12T14:31:03.652058", "action": {"type": "get message", "content": "[reason] Sakura's suggestion to plan a date that combines our interests aligns with my character's preference for spontaneous actions. I appreciate her initiative to start with discussing a suitable time. [end]\n\n[sentiment] Continue Conversation [end]\n\n[response] Hi Sakura, it's great to meet you! I'm excited to plan a date that brings together our interests. Let's discuss a time that works best for both of us. How about a weekend afternoon? [end]"}}, {"from": "GM", "to": "GM", "timestamp": "2024-09-12T14:31:03.653029", "action": {"type": "parse", "content": "[reason] Sakura's suggestion to plan a date that combines our interests aligns with my character's preference for spontaneous actions. I appreciate her initiative to start with discussing a suitable time. [end]\n\n[sentiment] Continue Conversation [end]\n\n[response] Hi Sakura, it's great to meet you! I'm excited to plan a date that brings together our interests. Let's discuss a time that works best for both of us. How about a weekend afternoon? [end] conforms to rules"}}], [{"from": "GM", "to": "Player 1", "timestamp": "2024-09-12T14:31:03.653029", "action": {"type": "send message", "content": "Aiden Reyes 's Message:  Hi Sakura, it's great to meet you! I'm excited to plan a date that brings together our interests. Let's discuss a time that works best for both of us. How about a weekend afternoon? [end]\n"}}, {"from": "Player 1", "to": "GM", "timestamp": "2024-09-12T14:31:05.934052", "action": {"type": "get message", "content": "[reason] A weekend afternoon sounds like a wonderful time to enjoy a leisurely date, allowing us to fully immerse ourselves in the experience without the pressures of weekday commitments. [end]\n\n[sentiment] Agreement on Time [end]\n\n[response] A weekend afternoon sounds perfect, Aiden. I appreciate your suggestion. Now that we have a time, let's discuss a location that can provide a beautiful and harmonious atmosphere for our date. [end]"}}, {"from": "GM", "to": "GM", "timestamp": "2024-09-12T14:31:05.935140", "action": {"type": "parse", "content": "[reason] A weekend afternoon sounds like a wonderful time to enjoy a leisurely date, allowing us to fully immerse ourselves in the experience without the pressures of weekday commitments. [end]\n\n[sentiment] Agreement on Time [end]\n\n[response] A weekend afternoon sounds perfect, Aiden. I appreciate your suggestion. Now that we have a time, let's discuss a location that can provide a beautiful and harmonious atmosphere for our date. [end] conforms to rules"}}], [{"from": "GM", "to": "Player 2", "timestamp": "2024-09-12T14:31:05.935140", "action": {"type": "send message", "content": "Sakura Nakamura 's Message:  A weekend afternoon sounds perfect, Aiden. I appreciate your suggestion. Now that we have a time, let's discuss a location that can provide a beautiful and harmonious atmosphere for our date. [end]\n"}}, {"from": "Player 2", "to": "GM", "timestamp": "2024-09-12T14:31:07.987382", "action": {"type": "get message", "content": "[reason] Sakura's agreement on the time and her suggestion to find a location that provides a beautiful and harmonious atmosphere aligns with my character's interests in photography and spontaneous actions. [end]\n\n[sentiment] Continue Conversation [end]\n\n[response] I'm glad you like the idea of a weekend afternoon, Sakura. For the location, how about we explore a local park with beautiful scenery and tranquil spots? [end]"}}, {"from": "GM", "to": "GM", "timestamp": "2024-09-12T14:31:07.987382", "action": {"type": "parse", "content": "[reason] Sakura's agreement on the time and her suggestion to find a location that provides a beautiful and harmonious atmosphere aligns with my character's interests in photography and spontaneous actions. [end]\n\n[sentiment] Continue Conversation [end]\n\n[response] I'm glad you like the idea of a weekend afternoon, Sakura. For the location, how about we explore a local park with beautiful scenery and tranquil spots? [end] conforms to rules"}}, {"from": "GM", "to": "GM", "timestamp": "2024-09-12T14:31:07.987382", "action": {"type": "mismatch time agreement", "content": "no time agreement, mismatched sentiment"}}], [{"from": "GM", "to": "Player 1", "timestamp": "2024-09-12T14:31:07.988384", "action": {"type": "send message", "content": "Aiden Reyes 's Message:  I'm glad you like the idea of a weekend afternoon, Sakura. For the location, how about we explore a local park with beautiful scenery and tranquil spots? [end]\n"}}, {"from": "Player 1", "to": "GM", "timestamp": "2024-09-12T14:31:09.838594", "action": {"type": "get message", "content": "[reason] A local park with beautiful scenery and tranquil spots aligns well with my love for nature and serenity. I believe it would be an ideal location for our first date. [end]\n\n[sentiment] Agreement on Location [end]\n\n[response] A local park sounds like a wonderful idea, Aiden. I'm looking forward to exploring the beautiful scenery and tranquil spots together. Now, let's discuss an activity that can bring our interests together. [end]"}}, {"from": "GM", "to": "GM", "timestamp": "2024-09-12T14:31:09.839534", "action": {"type": "parse", "content": "[reason] A local park with beautiful scenery and tranquil spots aligns well with my love for nature and serenity. I believe it would be an ideal location for our first date. [end]\n\n[sentiment] Agreement on Location [end]\n\n[response] A local park sounds like a wonderful idea, Aiden. I'm looking forward to exploring the beautiful scenery and tranquil spots together. Now, let's discuss an activity that can bring our interests together. [end] conforms to rules"}}], [{"from": "GM", "to": "Player 2", "timestamp": "2024-09-12T14:31:09.840625", "action": {"type": "send message", "content": "Sakura Nakamura 's Message:  A local park sounds like a wonderful idea, Aiden. I'm looking forward to exploring the beautiful scenery and tranquil spots together. Now, let's discuss an activity that can bring our interests together. [end]\n"}}, {"from": "Player 2", "to": "GM", "timestamp": "2024-09-12T14:31:11.252490", "action": {"type": "get message", "content": "[reason] Sakura's agreement on the location and her enthusiasm for exploring the park together aligns with my character's interests in photography and spontaneous actions. [end]\n\n[sentiment] Continue Conversation [end]\n\n[response] I'm glad you're excited about the park, Sakura. For the activity, how about we bring our cameras and capture the beauty of nature while enjoying a peaceful walk? [end]"}}, {"from": "GM", "to": "GM", "timestamp": "2024-09-12T14:31:11.253484", "action": {"type": "parse", "content": "[reason] Sakura's agreement on the location and her enthusiasm for exploring the park together aligns with my character's interests in photography and spontaneous actions. [end]\n\n[sentiment] Continue Conversation [end]\n\n[response] I'm glad you're excited about the park, Sakura. For the activity, how about we bring our cameras and capture the beauty of nature while enjoying a peaceful walk? [end] conforms to rules"}}, {"from": "GM", "to": "GM", "timestamp": "2024-09-12T14:31:11.253484", "action": {"type": "mismatch location agreement", "content": "no location agreement, mismatched sentiment"}}], [{"from": "GM", "to": "Player 1", "timestamp": "2024-09-12T14:31:11.253484", "action": {"type": "send message", "content": "Aiden Reyes 's Message:  I'm glad you're excited about the park, Sakura. For the activity, how about we bring our cameras and capture the beauty of nature while enjoying a peaceful walk? [end]\n"}}, {"from": "Player 1", "to": "GM", "timestamp": "2024-09-12T14:31:12.754999", "action": {"type": "get message", "content": "[reason] Combining our shared interests in photography and nature, a peaceful walk with our cameras to capture the beauty of the park seems like a perfect activity for our first date. [end]\n\n[sentiment] Agreement on Action [end]\n\n[response] Aiden, I love your idea of capturing the beauty of nature with our cameras during a peaceful walk. This activity will allow us to connect on a deeper level and create lasting memories. [end]"}}, {"from": "GM", "to": "GM", "timestamp": "2024-09-12T14:31:12.756000", "action": {"type": "parse", "content": "[reason] Combining our shared interests in photography and nature, a peaceful walk with our cameras to capture the beauty of the park seems like a perfect activity for our first date. [end]\n\n[sentiment] Agreement on Action [end]\n\n[response] Aiden, I love your idea of capturing the beauty of nature with our cameras during a peaceful walk. This activity will allow us to connect on a deeper level and create lasting memories. [end] conforms to rules"}}], [{"from": "GM", "to": "Player 2", "timestamp": "2024-09-12T14:31:12.756000", "action": {"type": "send message", "content": "Sakura Nakamura 's Message:  Aiden, I love your idea of capturing the beauty of nature with our cameras during a peaceful walk. This activity will allow us to connect on a deeper level and create lasting memories. [end]\n"}}, {"from": "Player 2", "to": "GM", "timestamp": "2024-09-12T14:31:14.227854", "action": {"type": "get message", "content": "[reason] Sakura's agreement on the activity and her appreciation for the idea of capturing nature with our cameras aligns with my character's interests in photography and spontaneous actions. [end]\n\n[sentiment] Agreement on Action [end]\n\n[response] I'm thrilled that you're on board with the photography walk, Sakura. I believe this activity will allow us to connect on a deeper level and create lasting memories. [end]"}}, {"from": "GM", "to": "GM", "timestamp": "2024-09-12T14:31:14.228837", "action": {"type": "parse", "content": "[reason] Sakura's agreement on the activity and her appreciation for the idea of capturing nature with our cameras aligns with my character's interests in photography and spontaneous actions. [end]\n\n[sentiment] Agreement on Action [end]\n\n[response] I'm thrilled that you're on board with the photography walk, Sakura. I believe this activity will allow us to connect on a deeper level and create lasting memories. [end] conforms to rules"}}, {"from": "GM", "to": "GM", "timestamp": "2024-09-12T14:31:14.228837", "action": {"type": "action agreement", "content": "agreement on action successful"}}], [{"from": "GM", "to": "Player 1", "timestamp": "2024-09-12T14:31:14.228837", "action": {"type": "send message", "content": "Aiden Reyes 's Message:  I'm thrilled that you're on board with the photography walk, Sakura. I believe this activity will allow us to connect on a deeper level and create lasting memories. [end]\n"}}, {"from": "Player 1", "to": "GM", "timestamp": "2024-09-12T14:31:15.764930", "action": {"type": "get message", "content": "[reason] With agreements on time, location, and activity, I am confident that our first date will be a harmonious and memorable experience that brings together our shared interests and passions. [end]\n\n[sentiment] Overall Agreement [end]\n\n[response] Aiden, I wholeheartedly agree. I am looking forward to our first date, where we can enjoy a peaceful photography walk in the park and create lasting memories together. [end]"}}, {"from": "GM", "to": "GM", "timestamp": "2024-09-12T14:31:15.765900", "action": {"type": "parse", "content": "[reason] With agreements on time, location, and activity, I am confident that our first date will be a harmonious and memorable experience that brings together our shared interests and passions. [end]\n\n[sentiment] Overall Agreement [end]\n\n[response] Aiden, I wholeheartedly agree. I am looking forward to our first date, where we can enjoy a peaceful photography walk in the park and create lasting memories together. [end] conforms to rules"}}, {"from": "GM", "to": "GM", "timestamp": "2024-09-12T14:31:15.765900", "action": {"type": "mismatch action agreement", "content": "no action agreement, mismatched sentiment"}}], [{"from": "GM", "to": "Player 2", "timestamp": "2024-09-12T14:31:15.765900", "action": {"type": "send message", "content": "Sakura Nakamura 's Message:  Aiden, I wholeheartedly agree. I am looking forward to our first date, where we can enjoy a peaceful photography walk in the park and create lasting memories together. [end]\n"}}, {"from": "Player 2", "to": "GM", "timestamp": "2024-09-12T14:31:17.303707", "action": {"type": "get message", "content": "[reason] Sakura's agreement on the overall plan for our first date aligns with my character's interests and preferences. [end]\n\n[sentiment] Overall Agreement [end]\n\n[response] I'm excited for our first date, Sakura. I believe our peaceful photography walk in the park will be a wonderful experience that brings us closer together. [end]"}}, {"from": "GM", "to": "GM", "timestamp": "2024-09-12T14:31:17.304706", "action": {"type": "parse", "content": "[reason] Sakura's agreement on the overall plan for our first date aligns with my character's interests and preferences. [end]\n\n[sentiment] Overall Agreement [end]\n\n[response] I'm excited for our first date, Sakura. I believe our peaceful photography walk in the park will be a wonderful experience that brings us closer together. [end] conforms to rules"}}, {"from": "GM", "to": "GM", "timestamp": "2024-09-12T14:31:17.304706", "action": {"type": "overall agreement", "content": "game successful"}}]], "max_turns": 15, "completed_turns": 10, "time_agreement": false, "location_agreement": false, "action_agreement": true}