{"players": {"GM": "Game master for datingsim", "Player 1": "openchat-3.6-8b", "Player 2": "openchat-3.6-8b"}, "turns": [[{"from": "GM", "to": "Player 1", "timestamp": "2024-09-12T18:43:56.826488", "action": {"type": "send message", "content": "You are about to play a game with another player. In this game, you and the other player are both on an dating app, looking for a partner. In this case, both you and the other player decided, that you fancy each other's profile. Your and the other player's GOAL is it, to come to an agreement on what to do on your first date. At the start of the game you will be given two character sheets. The first one is the one, that defines your personality. The second one includes the information you know of the other player based on the information in their Bio on the dating app. You will start the conversation.\nOn each further turn you can react to what the other player tells you. For this you can either continue the conversation if you have not met an agreement yet or are not happy with the proposal, or end the game by agreeing to the proposal. \n\nThere is a total of four agreements throughout the game: \"Agreement on Time\", \"Agreement on Location\", \"Agreement on Action\", \"Overall Agreement\". You and the other player need to find an agreement on each of them.\nYou should only choose \"Overall Agreement\" after you and your date manage to settle an agreement for the other three ones (Time, Location, Action). \nYou have 15 turns to finish the game and find all agreements. \n\nYour answer has to consist ONLY of the following information and follow the given template:\n\n[reason] Your reason for your decision. [end]\n\n[sentiment] Choose one of the following: \"Continue Conversation\", \"Agreement on Time\", \"Agreement on Location\", \"Agreement on Action\", \"Overall Agreement\" [end]\n\n[response] Your response to the other player. This can include your sentiment, opinion, alternative. [end]\n\nYour answer for [response] must NOT exceed 100 tokens.\n\nThe game ends when 1) both you and the other player reply with the sentiment \"Overall Agreement\", 2) one of you chooses the sentiment \"Overall Agreement\" without the other one choosing it in the following turn, 3) you run out of turns to communicate or 4) you do not follow the template.\n\nThis is your character: {'NAME': 'Olivia Thompson', 'GENDER': 'Female', 'AGE': 35, 'APPEARANCE': 'Athletic build, blonde hair in a ponytail, blue eyes, casual and sporty attire, energetic presence.', 'OCCUPATION': 'Fitness Instructor', 'LIKES': 'Outdoor activities, healthy eating, comedy shows.', 'DISLIKES': 'Laziness, fast food, dishonesty.', 'HOBBIES': 'Running, cycling, hiking.', 'SUMMARY': \"I'm an energetic fitness instructor who loves to stay on her feet and enjoys good jokes.\"}\n\nThis is the character of the other player: ${'NAME': 'Olivia Thompson', 'SUMMARY': \"I'm an energetic fitness instructor who loves to stay on her feet and enjoys good jokes.\"}\n\nRemember, your goal is to find the overall agreement for your first date while staying in character.\n\nStart the game with the reason, your sentiment and the opening phrase.\n"}}, {"from": "Player 1", "to": "GM", "timestamp": "2024-09-12T18:44:00.401383", "action": {"type": "get message", "content": "[reason] I am very interested in getting to know you better. [end]\n\n[sentiment] Continue Conversation [end]\n\n[response] That sounds great! What do you think about going for a run together? It's something we both enjoy. [end]"}}, {"from": "GM", "to": "GM", "timestamp": "2024-09-12T18:44:00.401676", "action": {"type": "parse", "content": "[reason] I am very interested in getting to know you better. [end]\n\n[sentiment] Continue Conversation [end]\n\n[response] That sounds great! What do you think about going for a run together? It's something we both enjoy. [end] conforms to rules"}}], [{"from": "GM", "to": "Player 2", "timestamp": "2024-09-12T18:44:00.401778", "action": {"type": "send message", "content": "You are about to play a game with another player. In this game, you and the other player are both on an dating app, looking for a partner. In this case, both you and the other player decided, that you fancy each other's profile. Your and the other player's GOAL is it, to come to an agreement on what to do on your first date. At the start of the game you will be given two character sheets. The first one is the one, that defines your personality. The second one includes the information you know of the other player based on the information in their Bio on the dating app. You will be approached by the other player.\nOn each further turn you can react to what the other player tells you. For this you can either continue the conversation if you have not met an agreement yet or are not happy with the proposal, or end the game by agreeing to the proposal. \n\nThere is a total of four agreements throughout the game: \"Agreement on Time\", \"Agreement on Location\", \"Agreement on Action\", \"Overall Agreement\". You and the other player need to find an agreement on each of them.\nYou should only choose \"Overall Agreement\" after you and your date manage to settle an agreement for the other three ones (Time, Location, Action). \nYou have 15 turns to finish the game and find all agreements. \n\nYour answer has to consist ONLY of the following information and follow the given template:\n\n[reason] Your reason for your decision. [end]\n\n[sentiment] Choose one of the following: \"Continue Conversation\", \"Agreement on Time\", \"Agreement on Location\", \"Agreement on Action\", \"Overall Agreement\" [end]\n\n[response] Your response to the other player. This can include your sentiment, opinion, alternative. [end]\n\nYour answer for [response] must NOT exceed 100 tokens.\n\nThe game ends when 1) both you and the other player reply with the sentiment \"Overall Agreement\", 2) one of you chooses the sentiment \"Overall Agreement\" without the other one choosing it in the following turn, 3) you run out of turns to communicate or 4) you do not follow the template.\n\nThis is your character: {'NAME': 'Olivia Thompson', 'GENDER': 'Female', 'AGE': 35, 'APPEARANCE': 'Athletic build, blonde hair in a ponytail, blue eyes, casual and sporty attire, energetic presence.', 'OCCUPATION': 'Fitness Instructor', 'LIKES': 'Outdoor activities, healthy eating, comedy shows.', 'DISLIKES': 'Laziness, fast food, dishonesty.', 'HOBBIES': 'Running, cycling, hiking.', 'SUMMARY': \"I'm an energetic fitness instructor who loves to stay on her feet and enjoys good jokes.\"}\n\nThis is the character of the other player: ${'NAME': 'Olivia Thompson', 'SUMMARY': \"I'm an energetic fitness instructor who loves to stay on her feet and enjoys good jokes.\"}\n\nRemember, your goal is to find the overall agreement for your first date while staying in character.\n\nContinue the game with the reason, your sentiment and an answer phrase to the first message of the other player:\n\nMessage:  That sounds great! What do you think about going for a run together? It's something we both enjoy. [end]\n"}}, {"from": "Player 2", "to": "GM", "timestamp": "2024-09-12T18:44:05.565291", "action": {"type": "get message", "content": "[reason] I'm glad you suggested that! Running is one of my favorite hobbies. [end]\n\n[sentiment] Agreement on Action [end]\n\n[response] I agree, running together would be perfect. Let's do it! [end]"}}, {"from": "GM", "to": "GM", "timestamp": "2024-09-12T18:44:05.565557", "action": {"type": "parse", "content": "[reason] I'm glad you suggested that! Running is one of my favorite hobbies. [end]\n\n[sentiment] Agreement on Action [end]\n\n[response] I agree, running together would be perfect. Let's do it! [end] conforms to rules"}}], [{"from": "GM", "to": "Player 1", "timestamp": "2024-09-12T18:44:05.565636", "action": {"type": "send message", "content": "Olivia Thompson 's Message:  I agree, running together would be perfect. Let's do it! [end]\n"}}, {"from": "Player 1", "to": "GM", "timestamp": "2024-09-12T18:44:11.516017", "action": {"type": "get message", "content": "[reason] I'm glad you're on board with the idea. [end]\n\n[sentiment] Agreement on Action [end]\n\n[response] Great! So we've agreed on the action. Now let's move on to the time. What time would you prefer? [end]"}}, {"from": "GM", "to": "GM", "timestamp": "2024-09-12T18:44:11.516266", "action": {"type": "parse", "content": "[reason] I'm glad you're on board with the idea. [end]\n\n[sentiment] Agreement on Action [end]\n\n[response] Great! So we've agreed on the action. Now let's move on to the time. What time would you prefer? [end] conforms to rules"}}, {"from": "GM", "to": "GM", "timestamp": "2024-09-12T18:44:11.516315", "action": {"type": "action agreement", "content": "agreement on action successful"}}], [{"from": "GM", "to": "Player 2", "timestamp": "2024-09-12T18:44:11.516364", "action": {"type": "send message", "content": "Olivia Thompson 's Message:  Great! So we've agreed on the action. Now let's move on to the time. What time would you prefer? [end]\n"}}, {"from": "Player 2", "to": "GM", "timestamp": "2024-09-12T18:44:17.592859", "action": {"type": "get message", "content": "[reason] I'm happy that we have agreed on running together. As for the time, how about 6 pm? [end]\n\n[sentiment] Agreement on Time [end]\n\n[response] That works perfectly for me! Let's meet at 6 pm. [end]"}}, {"from": "GM", "to": "GM", "timestamp": "2024-09-12T18:44:17.593141", "action": {"type": "parse", "content": "[reason] I'm happy that we have agreed on running together. As for the time, how about 6 pm? [end]\n\n[sentiment] Agreement on Time [end]\n\n[response] That works perfectly for me! Let's meet at 6 pm. [end] conforms to rules"}}, {"from": "GM", "to": "GM", "timestamp": "2024-09-12T18:44:17.593224", "action": {"type": "mismatch action agreement", "content": "no action agreement, mismatched sentiment"}}], [{"from": "GM", "to": "Player 1", "timestamp": "2024-09-12T18:44:17.593360", "action": {"type": "send message", "content": "Olivia Thompson 's Message:  That works perfectly for me! Let's meet at 6 pm. [end]\n"}}, {"from": "Player 1", "to": "GM", "timestamp": "2024-09-12T18:44:24.064277", "action": {"type": "get message", "content": "[reason] I'm happy that it suits both of us. [end]\n\n[sentiment] Agreement on Time [end]\n\n[response] Awesome, we've agreed on the time now. The last thing left is the location. Where would you like to go? [end]"}}, {"from": "GM", "to": "GM", "timestamp": "2024-09-12T18:44:24.064581", "action": {"type": "parse", "content": "[reason] I'm happy that it suits both of us. [end]\n\n[sentiment] Agreement on Time [end]\n\n[response] Awesome, we've agreed on the time now. The last thing left is the location. Where would you like to go? [end] conforms to rules"}}, {"from": "GM", "to": "GM", "timestamp": "2024-09-12T18:44:24.064656", "action": {"type": "time agreement", "content": "agreement on time successful"}}], [{"from": "GM", "to": "Player 2", "timestamp": "2024-09-12T18:44:24.064859", "action": {"type": "send message", "content": "Olivia Thompson 's Message:  Awesome, we've agreed on the time now. The last thing left is the location. Where would you like to go? [end]\n"}}, {"from": "Player 2", "to": "GM", "timestamp": "2024-09-12T18:44:30.972241", "action": {"type": "get message", "content": "[reason] I think it would be great if we could run in a park. Do you have any suggestions for a specific one? [end]\n\n[sentiment] Agreement on Location [end]\n\n[response] How about Central Park? It's beautiful and has plenty of paths to run on. [end]"}}, {"from": "GM", "to": "GM", "timestamp": "2024-09-12T18:44:30.972541", "action": {"type": "parse", "content": "[reason] I think it would be great if we could run in a park. Do you have any suggestions for a specific one? [end]\n\n[sentiment] Agreement on Location [end]\n\n[response] How about Central Park? It's beautiful and has plenty of paths to run on. [end] conforms to rules"}}, {"from": "GM", "to": "GM", "timestamp": "2024-09-12T18:44:30.972612", "action": {"type": "mismatch time agreement", "content": "no time agreement, mismatched sentiment"}}], [{"from": "GM", "to": "Player 1", "timestamp": "2024-09-12T18:44:30.972726", "action": {"type": "send message", "content": "Olivia Thompson 's Message:  How about Central Park? It's beautiful and has plenty of paths to run on. [end]\n"}}, {"from": "Player 1", "to": "GM", "timestamp": "2024-09-12T18:44:37.788967", "action": {"type": "get message", "content": "[reason] That sounds perfect! A lovely park for a run. [end]\n\n[sentiment] Agreement on Location [end]\n\n[response] Great, we've agreed on the location too. Now we just need to finalize everything with an overall agreement. Are you ready? [end]"}}, {"from": "GM", "to": "GM", "timestamp": "2024-09-12T18:44:37.789278", "action": {"type": "parse", "content": "[reason] That sounds perfect! A lovely park for a run. [end]\n\n[sentiment] Agreement on Location [end]\n\n[response] Great, we've agreed on the location too. Now we just need to finalize everything with an overall agreement. Are you ready? [end] conforms to rules"}}, {"from": "GM", "to": "GM", "timestamp": "2024-09-12T18:44:37.789321", "action": {"type": "location agreement", "content": "agreement on location successful"}}], [{"from": "GM", "to": "Player 2", "timestamp": "2024-09-12T18:44:37.789381", "action": {"type": "send message", "content": "Olivia Thompson 's Message:  Great, we've agreed on the location too. Now we just need to finalize everything with an overall agreement. Are you ready? [end]\n"}}, {"from": "Player 2", "to": "GM", "timestamp": "2024-09-12T18:44:45.295081", "action": {"type": "get message", "content": "[reason] Yes, I'm ready! Central Park at 6 pm for a run sounds perfect. Let's do it! [end]\n\n[sentiment] Overall Agreement [end]\n\n[response] I'm so excited for our first date! See you at 6 pm in Central Park. [end]"}}, {"from": "GM", "to": "GM", "timestamp": "2024-09-12T18:44:45.295750", "action": {"type": "parse", "content": "[reason] Yes, I'm ready! Central Park at 6 pm for a run sounds perfect. Let's do it! [end]\n\n[sentiment] Overall Agreement [end]\n\n[response] I'm so excited for our first date! See you at 6 pm in Central Park. [end] conforms to rules"}}, {"from": "GM", "to": "GM", "timestamp": "2024-09-12T18:44:45.298929", "action": {"type": "mismatch location agreement", "content": "no location agreement, mismatched sentiment"}}], [{"from": "GM", "to": "Player 1", "timestamp": "2024-09-12T18:44:45.299112", "action": {"type": "send message", "content": "Olivia Thompson 's Message:  I'm so excited for our first date! See you at 6 pm in Central Park. [end]\n"}}, {"from": "Player 1", "to": "GM", "timestamp": "2024-09-12T18:44:52.430646", "action": {"type": "get message", "content": "[reason] I'm thrilled as well, can't wait to see you there. [end]\n\n[sentiment] Overall Agreement [end]\n\n[response] Perfect, we've agreed on everything. Looking forward to seeing you at 6 pm in Central Park! [end]"}}, {"from": "GM", "to": "GM", "timestamp": "2024-09-12T18:44:52.430953", "action": {"type": "parse", "content": "[reason] I'm thrilled as well, can't wait to see you there. [end]\n\n[sentiment] Overall Agreement [end]\n\n[response] Perfect, we've agreed on everything. Looking forward to seeing you at 6 pm in Central Park! [end] conforms to rules"}}, {"from": "GM", "to": "GM", "timestamp": "2024-09-12T18:44:52.431026", "action": {"type": "overall agreement", "content": "game successful"}}]], "max_turns": 15, "completed_turns": 9, "time_agreement": true, "location_agreement": true, "action_agreement": true}