{"players": {"GM": "Game master for datingsim", "Player 1": "openchat-3.6-8b", "Player 2": "openchat-3.6-8b"}, "turns": [[{"from": "GM", "to": "Player 1", "timestamp": "2024-09-12T19:07:34.733990", "action": {"type": "send message", "content": "You are about to play a game with another player. In this game, you and the other player are both on an dating app, looking for a partner. In this case, both you and the other player decided, that you fancy each other's profile. Your and the other player's GOAL is it, to come to an agreement on what to do on your first date. At the start of the game you will be given two character sheets. The first one is the one, that defines your personality. The second one includes the information you know of the other player based on the information in their Bio on the dating app. You will start the conversation.\nOn each further turn you can react to what the other player tells you. For this you can either continue the conversation if you have not met an agreement yet or are not happy with the proposal, or end the game by agreeing to the proposal. \n\nThere is a total of four agreements throughout the game: \"Agreement on Time\", \"Agreement on Location\", \"Agreement on Action\", \"Overall Agreement\". You and the other player need to find an agreement on each of them.\nYou should only choose \"Overall Agreement\" after you and your date manage to settle an agreement for the other three ones (Time, Location, Action). \nYou have 15 turns to finish the game and find all agreements. \n\nYour answer has to consist ONLY of the following information and follow the given template:\n\n[reason] Your reason for your decision. [end]\n\n[sentiment] Choose one of the following: \"Continue Conversation\", \"Agreement on Time\", \"Agreement on Location\", \"Agreement on Action\", \"Overall Agreement\" [end]\n\n[response] Your response to the other player. This can include your sentiment, opinion, alternative. [end]\n\nYour answer for [response] must NOT exceed 100 tokens.\n\nThe game ends when 1) both you and the other player reply with the sentiment \"Overall Agreement\", 2) one of you chooses the sentiment \"Overall Agreement\" without the other one choosing it in the following turn, 3) you run out of turns to communicate or 4) you do not follow the template.\n\nThis is your character: {'NAME': 'Taylor Jordan', 'GENDER': 'Non-binary', 'AGE': 29, 'APPEARANCE': 'Curly brown hair, warm brown eyes, eclectic fashion, colorful accessories, enthusiastic.', 'OCCUPATION': 'Event Planner', 'LIKES': 'Festivals, fashion, spicy cuisine.', 'DISLIKES': 'Monotony, pessimism, early mornings.', 'HOBBIES': 'Dancing, crafting, exploring new restaurants.', 'SUMMARY': 'Nothing describes me better than this: Party Owl through and through!'}\n\nThis is the character of the other player: ${'NAME': 'Jamie Park', 'SUMMARY': 'A passionate tattoo artist is who I am with which I try to tell stories and express individuality.'}\n\nRemember, your goal is to find the overall agreement for your first date while staying in character.\n\nStart the game with the reason, your sentiment and the opening phrase.\n"}}, {"from": "Player 1", "to": "GM", "timestamp": "2024-09-12T19:07:39.871096", "action": {"type": "get message", "content": "[reason] Your profile caught my attention because of your tattoos. They seem so unique and expressive! I'm an event planner, so I love organizing fun events and parties. [end]\n\n[sentiment] Agreement on Time [end]\n\n[response] That's awesome! I'm a tattoo artist myself, so we have something in common already. What time works best for you? [end]"}}, {"from": "GM", "to": "GM", "timestamp": "2024-09-12T19:07:39.871442", "action": {"type": "parse", "content": "[reason] Your profile caught my attention because of your tattoos. They seem so unique and expressive! I'm an event planner, so I love organizing fun events and parties. [end]\n\n[sentiment] Agreement on Time [end]\n\n[response] That's awesome! I'm a tattoo artist myself, so we have something in common already. What time works best for you? [end] conforms to rules"}}], [{"from": "GM", "to": "Player 2", "timestamp": "2024-09-12T19:07:39.871527", "action": {"type": "send message", "content": "You are about to play a game with another player. In this game, you and the other player are both on an dating app, looking for a partner. In this case, both you and the other player decided, that you fancy each other's profile. Your and the other player's GOAL is it, to come to an agreement on what to do on your first date. At the start of the game you will be given two character sheets. The first one is the one, that defines your personality. The second one includes the information you know of the other player based on the information in their Bio on the dating app. You will be approached by the other player.\nOn each further turn you can react to what the other player tells you. For this you can either continue the conversation if you have not met an agreement yet or are not happy with the proposal, or end the game by agreeing to the proposal. \n\nThere is a total of four agreements throughout the game: \"Agreement on Time\", \"Agreement on Location\", \"Agreement on Action\", \"Overall Agreement\". You and the other player need to find an agreement on each of them.\nYou should only choose \"Overall Agreement\" after you and your date manage to settle an agreement for the other three ones (Time, Location, Action). \nYou have 15 turns to finish the game and find all agreements. \n\nYour answer has to consist ONLY of the following information and follow the given template:\n\n[reason] Your reason for your decision. [end]\n\n[sentiment] Choose one of the following: \"Continue Conversation\", \"Agreement on Time\", \"Agreement on Location\", \"Agreement on Action\", \"Overall Agreement\" [end]\n\n[response] Your response to the other player. This can include your sentiment, opinion, alternative. [end]\n\nYour answer for [response] must NOT exceed 100 tokens.\n\nThe game ends when 1) both you and the other player reply with the sentiment \"Overall Agreement\", 2) one of you chooses the sentiment \"Overall Agreement\" without the other one choosing it in the following turn, 3) you run out of turns to communicate or 4) you do not follow the template.\n\nThis is your character: {'NAME': 'Jamie Park', 'GENDER': 'Non-binary', 'AGE': 21, 'APPEARANCE': 'Vibrant dyed hair (changes color often), bright and expressive eyes, wears bold and trendy clothing that reflects their artistic personality.', 'OCCUPATION': 'Tattoo Artist', 'LIKES': 'Creating meaningful and personalized tattoos, expressing their artistic vision, connecting with people through their work.', 'DISLIKES': 'Conformity, negativity, limitations on creativity.', 'HOBBIES': 'Painting, attending art festivals, experimenting with different artistic mediums.', 'SUMMARY': 'A passionate tattoo artist is who I am with which I try to tell stories and express individuality.'}\n\nThis is the character of the other player: ${'NAME': 'Taylor Jordan', 'SUMMARY': 'Nothing describes me better than this: Party Owl through and through!'}\n\nRemember, your goal is to find the overall agreement for your first date while staying in character.\n\nContinue the game with the reason, your sentiment and an answer phrase to the first message of the other player:\n\nMessage:  That's awesome! I'm a tattoo artist myself, so we have something in common already. What time works best for you? [end]\n"}}, {"from": "Player 2", "to": "GM", "timestamp": "2024-09-12T19:07:45.842758", "action": {"type": "get message", "content": "[reason] Your reason for your decision. We both share a passion for tattoos which is great. [end]\n\n[sentiment] Agreement on Time [end]\n\n[response] That's awesome! I'm a tattoo artist myself, so we have something in common already. What time works best for you? [end]"}}, {"from": "GM", "to": "GM", "timestamp": "2024-09-12T19:07:45.843109", "action": {"type": "parse", "content": "[reason] Your reason for your decision. We both share a passion for tattoos which is great. [end]\n\n[sentiment] Agreement on Time [end]\n\n[response] That's awesome! I'm a tattoo artist myself, so we have something in common already. What time works best for you? [end] conforms to rules"}}], [{"from": "GM", "to": "Player 1", "timestamp": "2024-09-12T19:07:45.843210", "action": {"type": "send message", "content": "Jamie Park 's Message:  That's awesome! I'm a tattoo artist myself, so we have something in common already. What time works best for you? [end]\n"}}, {"from": "Player 1", "to": "GM", "timestamp": "2024-09-12T19:07:52.508641", "action": {"type": "get message", "content": "[reason] I usually work on weekends, but I'm free most weekdays after 6 pm. How about that? [end]\n\n[sentiment] Agreement on Time [end]\n\n[response] That sounds great! I'm usually available on weekdays too. Let's go with Wednesday at 7 pm. Does that work for you? [end]"}}, {"from": "GM", "to": "GM", "timestamp": "2024-09-12T19:07:52.508944", "action": {"type": "parse", "content": "[reason] I usually work on weekends, but I'm free most weekdays after 6 pm. How about that? [end]\n\n[sentiment] Agreement on Time [end]\n\n[response] That sounds great! I'm usually available on weekdays too. Let's go with Wednesday at 7 pm. Does that work for you? [end] conforms to rules"}}, {"from": "GM", "to": "GM", "timestamp": "2024-09-12T19:07:52.509305", "action": {"type": "time agreement", "content": "agreement on time successful"}}], [{"from": "GM", "to": "Player 2", "timestamp": "2024-09-12T19:07:52.509967", "action": {"type": "send message", "content": "Taylor Jordan 's Message:  That sounds great! I'm usually available on weekdays too. Let's go with Wednesday at 7 pm. Does that work for you? [end]\n"}}, {"from": "Player 2", "to": "GM", "timestamp": "2024-09-12T19:07:59.497640", "action": {"type": "get message", "content": "[reason] Your reason for your decision. It is a weekday and it gives us time to enjoy each other's company after work. [end]\n\n[sentiment] Agreement on Time [end]\n\n[response] That sounds great! I'm usually available on weekdays too. Let's go with Wednesday at 7 pm. Does that work for you? [end]"}}, {"from": "GM", "to": "GM", "timestamp": "2024-09-12T19:07:59.497919", "action": {"type": "parse", "content": "[reason] Your reason for your decision. It is a weekday and it gives us time to enjoy each other's company after work. [end]\n\n[sentiment] Agreement on Time [end]\n\n[response] That sounds great! I'm usually available on weekdays too. Let's go with Wednesday at 7 pm. Does that work for you? [end] conforms to rules"}}, {"from": "GM", "to": "GM", "timestamp": "2024-09-12T19:07:59.497954", "action": {"type": "already agreed", "content": "Agreement on Time was already achieved."}}], [{"from": "GM", "to": "Player 1", "timestamp": "2024-09-12T19:07:59.497996", "action": {"type": "send message", "content": "Jamie Park 's Message:  That sounds great! I'm usually available on weekdays too. Let's go with Wednesday at 7 pm. Does that work for you? [end]\n"}}, {"from": "Player 1", "to": "GM", "timestamp": "2024-09-12T19:08:06.984080", "action": {"type": "get message", "content": "[reason] Yes, it works perfectly for me! I can't wait to see your tattoos in person and share my event planning ideas with you. [end]\n\n[sentiment] Agreement on Time [end]\n\n[response] That's fantastic! I'm excited too. We'll have a great time together. Where do you want to meet? [end]"}}, {"from": "GM", "to": "GM", "timestamp": "2024-09-12T19:08:06.984308", "action": {"type": "parse", "content": "[reason] Yes, it works perfectly for me! I can't wait to see your tattoos in person and share my event planning ideas with you. [end]\n\n[sentiment] Agreement on Time [end]\n\n[response] That's fantastic! I'm excited too. We'll have a great time together. Where do you want to meet? [end] conforms to rules"}}, {"from": "GM", "to": "GM", "timestamp": "2024-09-12T19:08:06.984375", "action": {"type": "already agreed", "content": "Agreement on Time was already achieved."}}], [{"from": "GM", "to": "Player 2", "timestamp": "2024-09-12T19:08:06.984485", "action": {"type": "send message", "content": "Taylor Jordan 's Message:  That's fantastic! I'm excited too. We'll have a great time together. Where do you want to meet? [end]\n"}}, {"from": "Player 2", "to": "GM", "timestamp": "2024-09-12T19:08:14.548461", "action": {"type": "get message", "content": "[reason] Your reason for your decision. A coffee shop would be a good place to start getting to know each other better. [end]\n\n[sentiment] Agreement on Location [end]\n\n[response] That's fantastic! I'm excited too. We'll have a great time together. Where do you want to meet? [end]"}}, {"from": "GM", "to": "GM", "timestamp": "2024-09-12T19:08:14.548838", "action": {"type": "parse", "content": "[reason] Your reason for your decision. A coffee shop would be a good place to start getting to know each other better. [end]\n\n[sentiment] Agreement on Location [end]\n\n[response] That's fantastic! I'm excited too. We'll have a great time together. Where do you want to meet? [end] conforms to rules"}}, {"from": "GM", "to": "GM", "timestamp": "2024-09-12T19:08:14.548930", "action": {"type": "mismatch time agreement", "content": "no time agreement, mismatched sentiment"}}], [{"from": "GM", "to": "Player 1", "timestamp": "2024-09-12T19:08:14.549076", "action": {"type": "send message", "content": "Jamie Park 's Message:  That's fantastic! I'm excited too. We'll have a great time together. Where do you want to meet? [end]\n"}}, {"from": "Player 1", "to": "GM", "timestamp": "2024-09-12T19:08:22.688450", "action": {"type": "get message", "content": "[reason] How about we meet at that new coffee shop downtown? It has a cool vibe and lots of interesting people. What do you think? [end]\n\n[sentiment] Agreement on Location [end]\n\n[response] That sounds perfect! I love trying out new places. Let's go for it. What activity would you like to do during our date? [end]"}}, {"from": "GM", "to": "GM", "timestamp": "2024-09-12T19:08:22.688702", "action": {"type": "parse", "content": "[reason] How about we meet at that new coffee shop downtown? It has a cool vibe and lots of interesting people. What do you think? [end]\n\n[sentiment] Agreement on Location [end]\n\n[response] That sounds perfect! I love trying out new places. Let's go for it. What activity would you like to do during our date? [end] conforms to rules"}}, {"from": "GM", "to": "GM", "timestamp": "2024-09-12T19:08:22.688778", "action": {"type": "location agreement", "content": "agreement on location successful"}}], [{"from": "GM", "to": "Player 2", "timestamp": "2024-09-12T19:08:22.688891", "action": {"type": "send message", "content": "Taylor Jordan 's Message:  That sounds perfect! I love trying out new places. Let's go for it. What activity would you like to do during our date? [end]\n"}}, {"from": "Player 2", "to": "GM", "timestamp": "2024-09-12T19:08:30.867636", "action": {"type": "get message", "content": "[reason] Your reason for your decision. A coffee shop would be a good place to start getting to know each other better. [end]\n\n[sentiment] Agreement on Location [end]\n\n[response] That sounds perfect! I love trying out new places. Let's go for it. What activity would you like to do during our date? [end]"}}, {"from": "GM", "to": "GM", "timestamp": "2024-09-12T19:08:30.867918", "action": {"type": "parse", "content": "[reason] Your reason for your decision. A coffee shop would be a good place to start getting to know each other better. [end]\n\n[sentiment] Agreement on Location [end]\n\n[response] That sounds perfect! I love trying out new places. Let's go for it. What activity would you like to do during our date? [end] conforms to rules"}}, {"from": "GM", "to": "GM", "timestamp": "2024-09-12T19:08:30.867994", "action": {"type": "already agreed", "content": "Agreement on Location was already achieved."}}], [{"from": "GM", "to": "Player 1", "timestamp": "2024-09-12T19:08:30.868208", "action": {"type": "send message", "content": "Jamie Park 's Message:  That sounds perfect! I love trying out new places. Let's go for it. What activity would you like to do during our date? [end]\n"}}, {"from": "Player 1", "to": "GM", "timestamp": "2024-09-12T19:08:40.416794", "action": {"type": "get message", "content": "[reason] Since we both have creative interests, how about we visit an art gallery or museum together? It'll be a fun way to learn more about each other's work. [end]\n\n[sentiment] Agreement on Action [end]\n\n[response] That's a great idea! I'd love to show you my artwork and see yours too. Let's do it! Are we all set for our first date now? [end]"}}, {"from": "GM", "to": "GM", "timestamp": "2024-09-12T19:08:40.416919", "action": {"type": "parse", "content": "[reason] Since we both have creative interests, how about we visit an art gallery or museum together? It'll be a fun way to learn more about each other's work. [end]\n\n[sentiment] Agreement on Action [end]\n\n[response] That's a great idea! I'd love to show you my artwork and see yours too. Let's do it! Are we all set for our first date now? [end] conforms to rules"}}, {"from": "GM", "to": "GM", "timestamp": "2024-09-12T19:08:40.416943", "action": {"type": "mismatch location agreement", "content": "no location agreement, mismatched sentiment"}}], [{"from": "GM", "to": "Player 2", "timestamp": "2024-09-12T19:08:40.416987", "action": {"type": "send message", "content": "Taylor Jordan 's Message:  That's a great idea! I'd love to show you my artwork and see yours too. Let's do it! Are we all set for our first date now? [end]\n"}}, {"from": "Player 2", "to": "GM", "timestamp": "2024-09-12T19:08:49.281858", "action": {"type": "get message", "content": "[reason] Your reason for your decision. It would be fun to share our artistic sides with each other. [end]\n\n[sentiment] Overall Agreement [end]\n\n[response] That's a great idea! I'd love to show you my artwork and see yours too. Let's do it! Are we all set for our first date now? [end]"}}, {"from": "GM", "to": "GM", "timestamp": "2024-09-12T19:08:49.282251", "action": {"type": "parse", "content": "[reason] Your reason for your decision. It would be fun to share our artistic sides with each other. [end]\n\n[sentiment] Overall Agreement [end]\n\n[response] That's a great idea! I'd love to show you my artwork and see yours too. Let's do it! Are we all set for our first date now? [end] conforms to rules"}}, {"from": "GM", "to": "GM", "timestamp": "2024-09-12T19:08:49.282353", "action": {"type": "mismatch action agreement", "content": "no action agreement, mismatched sentiment"}}], [{"from": "GM", "to": "Player 1", "timestamp": "2024-09-12T19:08:49.282498", "action": {"type": "send message", "content": "Jamie Park 's Message:  That's a great idea! I'd love to show you my artwork and see yours too. Let's do it! Are we all set for our first date now? [end]\n"}}, {"from": "Player 1", "to": "GM", "timestamp": "2024-09-12T19:08:58.413599", "action": {"type": "get message", "content": "[reason] Yes, we're all set! I'm really looking forward to getting to know you better and exploring the art world together. See you on Wednesday at 7 pm! [end]\n\n[sentiment] Overall Agreement [end]\n\n[response] Yay! I can't wait either. See you soon, Taylor! [end]"}}, {"from": "GM", "to": "GM", "timestamp": "2024-09-12T19:08:58.413938", "action": {"type": "parse", "content": "[reason] Yes, we're all set! I'm really looking forward to getting to know you better and exploring the art world together. See you on Wednesday at 7 pm! [end]\n\n[sentiment] Overall Agreement [end]\n\n[response] Yay! I can't wait either. See you soon, Taylor! [end] conforms to rules"}}, {"from": "GM", "to": "GM", "timestamp": "2024-09-12T19:08:58.414018", "action": {"type": "overall agreement", "content": "game successful"}}]], "max_turns": 15, "completed_turns": 11, "time_agreement": true, "location_agreement": true, "action_agreement": false}