{"players": {"GM": "Game master for datingsim", "Player 1": "Mixtral-8x22B-Instruct-v0.1", "Player 2": "Mixtral-8x22B-Instruct-v0.1"}, "turns": [[{"from": "GM", "to": "Player 1", "timestamp": "2024-09-12T14:18:10.897246", "action": {"type": "send message", "content": "You are about to play a game with another player. In this game, you and the other player are both on an dating app, looking for a partner. In this case, both you and the other player decided, that you fancy each other's profile. Your and the other player's GOAL is it, to come to an agreement on what to do on your first date. At the start of the game you will be given two character sheets. The first one is the one, that defines your personality. The second one includes the information you know of the other player based on the information in their Bio on the dating app. You will start the conversation.\nOn each further turn you can react to what the other player tells you. For this you can either continue the conversation if you have not met an agreement yet or are not happy with the proposal, or end the game by agreeing to the proposal. \n\nThere is a total of four agreements throughout the game: \"Agreement on Time\", \"Agreement on Location\", \"Agreement on Action\", \"Overall Agreement\". You and the other player need to find an agreement on each of them.\nYou should only choose \"Overall Agreement\" after you and your date manage to settle an agreement for the other three ones (Time, Location, Action). \nYou have 15 turns to finish the game and find all agreements. \n\nYour answer has to consist ONLY of the following information and follow the given template:\n\n[reason] Your reason for your decision. [end]\n\n[sentiment] Choose one of the following: \"Continue Conversation\", \"Agreement on Time\", \"Agreement on Location\", \"Agreement on Action\", \"Overall Agreement\" [end]\n\n[response] Your response to the other player. This can include your sentiment, opinion, alternative. [end]\n\nYour answer for [response] must NOT exceed 100 tokens.\n\nThe game ends when 1) both you and the other player reply with the sentiment \"Overall Agreement\", 2) one of you chooses the sentiment \"Overall Agreement\" without the other one choosing it in the following turn, 3) you run out of turns to communicate or 4) you do not follow the template.\n\nThis is your character: {'NAME': 'Samira Hassan', 'GENDER': 'Non-binary', 'AGE': 45, 'APPEARANCE': 'Short, neatly trimmed silver hair, warm and inviting smile, wears comfortable clothing with a focus on cultural elements (e.g., scarves, jewelry).', 'OCCUPATION': 'Astronomer', 'LIKES': \"Exploring the vastness of space, learning about the universe's mysteries, sharing their knowledge with others.\", 'DISLIKES': 'Ignorance, closed-mindedness, the idea that anything is impossible', 'HOBBIES': 'Stargazing, attending astronomy lectures, writing about their research in a captivating way.', 'SUMMARY': 'I like to explore the cosmos and try to embrace the wonders of the universe.'}\n\nThis is the character of the other player: ${'NAME': 'Sakura Nakamura', 'GENDER': 'Female', 'AGE': 32, 'APPEARANCE': 'Calm and gentle demeanor, kind eyes, long silky black hair, wears flowy dresses with traditional Japanese touches.', 'OCCUPATION': 'Tea Ceremony Master', 'SUMMARY': \"Hi, I'm Sakura, a tea ceremony master who cherishes tranquility, mindfulness, and the beauty of tradition.\"}\n\nRemember, your goal is to find the overall agreement for your first date while staying in character.\n\nStart the game with the reason, your sentiment and the opening phrase.\n"}}, {"from": "Player 1", "to": "GM", "timestamp": "2024-09-12T14:18:12.410825", "action": {"type": "get message", "content": "[reason] I'm excited to meet someone who appreciates tradition and mindfulness. [end]\n[sentiment] Continue Conversation [end]\n[response] Hello Sakura, I'm Samira. I'm intrigued by your dedication to the art of the tea ceremony. I'd love to learn more about it. How about we plan a date that combines our interests? [end]"}}, {"from": "GM", "to": "GM", "timestamp": "2024-09-12T14:18:12.411732", "action": {"type": "parse", "content": "[reason] I'm excited to meet someone who appreciates tradition and mindfulness. [end]\n[sentiment] Continue Conversation [end]\n[response] Hello Sakura, I'm Samira. I'm intrigued by your dedication to the art of the tea ceremony. I'd love to learn more about it. How about we plan a date that combines our interests? [end] conforms to rules"}}], [{"from": "GM", "to": "Player 2", "timestamp": "2024-09-12T14:18:12.412732", "action": {"type": "send message", "content": "You are about to play a game with another player. In this game, you and the other player are both on an dating app, looking for a partner. In this case, both you and the other player decided, that you fancy each other's profile. Your and the other player's GOAL is it, to come to an agreement on what to do on your first date. At the start of the game you will be given two character sheets. The first one is the one, that defines your personality. The second one includes the information you know of the other player based on the information in their Bio on the dating app. You will be approached by the other player.\nOn each further turn you can react to what the other player tells you. For this you can either continue the conversation if you have not met an agreement yet or are not happy with the proposal, or end the game by agreeing to the proposal. \n\nThere is a total of four agreements throughout the game: \"Agreement on Time\", \"Agreement on Location\", \"Agreement on Action\", \"Overall Agreement\". You and the other player need to find an agreement on each of them.\nYou should only choose \"Overall Agreement\" after you and your date manage to settle an agreement for the other three ones (Time, Location, Action). \nYou have 15 turns to finish the game and find all agreements. \n\nYour answer has to consist ONLY of the following information and follow the given template:\n\n[reason] Your reason for your decision. [end]\n\n[sentiment] Choose one of the following: \"Continue Conversation\", \"Agreement on Time\", \"Agreement on Location\", \"Agreement on Action\", \"Overall Agreement\" [end]\n\n[response] Your response to the other player. This can include your sentiment, opinion, alternative. [end]\n\nYour answer for [response] must NOT exceed 100 tokens.\n\nThe game ends when 1) both you and the other player reply with the sentiment \"Overall Agreement\", 2) one of you chooses the sentiment \"Overall Agreement\" without the other one choosing it in the following turn, 3) you run out of turns to communicate or 4) you do not follow the template.\n\nThis is your character: {'NAME': 'Sakura Nakamura', 'GENDER': 'Female', 'AGE': 32, 'APPEARANCE': 'Calm and gentle demeanor, kind eyes, long silky black hair, wears flowy dresses with traditional Japanese touches.', 'OCCUPATION': 'Tea Ceremony Master', 'LIKES': 'Maintaining traditions, fostering inner peace, creating a beautiful and harmonious atmosphere.', 'DISLIKES': 'Disharmony, disrespect, rushing through life.', 'HOBBIES': 'Calligraphy, flower arranging (Ikebana), practicing mindfulness meditation.', 'SUMMARY': \"Hi, I'm Sakura, a tea ceremony master who cherishes tranquility, mindfulness, and the beauty of tradition.\"}\n\nThis is the character of the other player: ${'NAME': 'Samira Hassan', 'GENDER': 'Non-binary', 'AGE': 45, 'APPEARANCE': 'Short, neatly trimmed silver hair, warm and inviting smile, wears comfortable clothing with a focus on cultural elements (e.g., scarves, jewelry).', 'OCCUPATION': 'Astronomer', 'SUMMARY': 'I like to explore the cosmos and try to embrace the wonders of the universe.'}\n\nRemember, your goal is to find the overall agreement for your first date while staying in character.\n\nContinue the game with the reason, your sentiment and an answer phrase to the first message of the other player:\n\nMessage:  Hello Sakura, I'm Samira. I'm intrigued by your dedication to the art of the tea ceremony. I'd love to learn more about it. How about we plan a date that combines our interests? [end]\n"}}, {"from": "Player 2", "to": "GM", "timestamp": "2024-09-12T14:18:14.044039", "action": {"type": "get message", "content": "[reason] Samira's interest in my tea ceremony practice and their desire to combine our interests for a date is a great starting point for our conversation. [end]\n\n[sentiment] Continue Conversation [end]\n\n[response] Hello Samira, it's a pleasure to meet you. I appreciate your interest in the tea ceremony. I think it would be wonderful to plan a date that incorporates both our passions. Perhaps we could start by discussing a time that works best for both of us? [end]"}}, {"from": "GM", "to": "GM", "timestamp": "2024-09-12T14:18:14.044959", "action": {"type": "parse", "content": "[reason] Samira's interest in my tea ceremony practice and their desire to combine our interests for a date is a great starting point for our conversation. [end]\n\n[sentiment] Continue Conversation [end]\n\n[response] Hello Samira, it's a pleasure to meet you. I appreciate your interest in the tea ceremony. I think it would be wonderful to plan a date that incorporates both our passions. Perhaps we could start by discussing a time that works best for both of us? [end] conforms to rules"}}], [{"from": "GM", "to": "Player 1", "timestamp": "2024-09-12T14:18:14.044959", "action": {"type": "send message", "content": "Sakura Nakamura 's Message:  Hello Samira, it's a pleasure to meet you. I appreciate your interest in the tea ceremony. I think it would be wonderful to plan a date that incorporates both our passions. Perhaps we could start by discussing a time that works best for both of us? [end]\n"}}, {"from": "Player 1", "to": "GM", "timestamp": "2024-09-12T14:18:15.374072", "action": {"type": "get message", "content": "[reason] I'm glad Sakura is open to planning a date that combines our interests. [end]\n[sentiment] Agreement on Time [end]\n[response] That sounds great, Sakura. How about we meet on Saturday evening? I believe that would give us ample time to enjoy our shared experience. [end]"}}, {"from": "GM", "to": "GM", "timestamp": "2024-09-12T14:18:15.375090", "action": {"type": "parse", "content": "[reason] I'm glad Sakura is open to planning a date that combines our interests. [end]\n[sentiment] Agreement on Time [end]\n[response] That sounds great, Sakura. How about we meet on Saturday evening? I believe that would give us ample time to enjoy our shared experience. [end] conforms to rules"}}], [{"from": "GM", "to": "Player 2", "timestamp": "2024-09-12T14:18:15.375090", "action": {"type": "send message", "content": "Samira Hassan 's Message:  That sounds great, Sakura. How about we meet on Saturday evening? I believe that would give us ample time to enjoy our shared experience. [end]\n"}}, {"from": "Player 2", "to": "GM", "timestamp": "2024-09-12T14:18:17.250042", "action": {"type": "get message", "content": "[reason] Saturday evening seems like a suitable time for our date, as it allows us to have a relaxed and enjoyable experience without feeling rushed. [end]\n\n[sentiment] Agreement on Time [end]\n\n[response] Saturday evening works perfectly for me, Samira. I'm looking forward to our date. Now, let's discuss the location. Would you prefer a traditional tea house or perhaps a more modern setting that still respects the art of the tea ceremony? [end]"}}, {"from": "GM", "to": "GM", "timestamp": "2024-09-12T14:18:17.251040", "action": {"type": "parse", "content": "[reason] Saturday evening seems like a suitable time for our date, as it allows us to have a relaxed and enjoyable experience without feeling rushed. [end]\n\n[sentiment] Agreement on Time [end]\n\n[response] Saturday evening works perfectly for me, Samira. I'm looking forward to our date. Now, let's discuss the location. Would you prefer a traditional tea house or perhaps a more modern setting that still respects the art of the tea ceremony? [end] conforms to rules"}}, {"from": "GM", "to": "GM", "timestamp": "2024-09-12T14:18:17.252041", "action": {"type": "time agreement", "content": "agreement on time successful"}}], [{"from": "GM", "to": "Player 1", "timestamp": "2024-09-12T14:18:17.252041", "action": {"type": "send message", "content": "Sakura Nakamura 's Message:  Saturday evening works perfectly for me, Samira. I'm looking forward to our date. Now, let's discuss the location. Would you prefer a traditional tea house or perhaps a more modern setting that still respects the art of the tea ceremony? [end]\n"}}, {"from": "Player 1", "to": "GM", "timestamp": "2024-09-12T14:18:18.978171", "action": {"type": "get message", "content": "[reason] I'm happy that we've agreed on a time for our date. Now, I'd like to find a location that respects both our interests. [end]\n[sentiment] Agreement on Location [end]\n[response] I think a traditional tea house would be a wonderful choice, Sakura. It would provide an authentic atmosphere for us to enjoy the tea ceremony. [end]"}}, {"from": "GM", "to": "GM", "timestamp": "2024-09-12T14:18:18.978171", "action": {"type": "parse", "content": "[reason] I'm happy that we've agreed on a time for our date. Now, I'd like to find a location that respects both our interests. [end]\n[sentiment] Agreement on Location [end]\n[response] I think a traditional tea house would be a wonderful choice, Sakura. It would provide an authentic atmosphere for us to enjoy the tea ceremony. [end] conforms to rules"}}, {"from": "GM", "to": "GM", "timestamp": "2024-09-12T14:18:18.978171", "action": {"type": "mismatch time agreement", "content": "no time agreement, mismatched sentiment"}}], [{"from": "GM", "to": "Player 2", "timestamp": "2024-09-12T14:18:18.978171", "action": {"type": "send message", "content": "Samira Hassan 's Message:  I think a traditional tea house would be a wonderful choice, Sakura. It would provide an authentic atmosphere for us to enjoy the tea ceremony. [end]\n"}}, {"from": "Player 2", "to": "GM", "timestamp": "2024-09-12T14:18:20.957232", "action": {"type": "get message", "content": "[reason] A traditional tea house is an excellent choice for our date, as it will provide an authentic and immersive experience for both of us. [end]\n\n[sentiment] Agreement on Location [end]\n\n[response] I couldn't agree more, Samira. A traditional tea house will undoubtedly create a beautiful and harmonious atmosphere for our date. Now, let's discuss the activities we can engage in during our time together. Would you be interested in participating in a traditional tea ceremony, or would you prefer to explore other aspects of Japanese culture? [end]"}}, {"from": "GM", "to": "GM", "timestamp": "2024-09-12T14:18:20.959224", "action": {"type": "parse", "content": "[reason] A traditional tea house is an excellent choice for our date, as it will provide an authentic and immersive experience for both of us. [end]\n\n[sentiment] Agreement on Location [end]\n\n[response] I couldn't agree more, Samira. A traditional tea house will undoubtedly create a beautiful and harmonious atmosphere for our date. Now, let's discuss the activities we can engage in during our time together. Would you be interested in participating in a traditional tea ceremony, or would you prefer to explore other aspects of Japanese culture? [end] conforms to rules"}}, {"from": "GM", "to": "GM", "timestamp": "2024-09-12T14:18:20.959224", "action": {"type": "location agreement", "content": "agreement on location successful"}}], [{"from": "GM", "to": "Player 1", "timestamp": "2024-09-12T14:18:20.959224", "action": {"type": "send message", "content": "Sakura Nakamura 's Message:  I couldn't agree more, Samira. A traditional tea house will undoubtedly create a beautiful and harmonious atmosphere for our date. Now, let's discuss the activities we can engage in during our time together. Would you be interested in participating in a traditional tea ceremony, or would you prefer to explore other aspects of Japanese culture? [end]\n"}}, {"from": "Player 1", "to": "GM", "timestamp": "2024-09-12T14:18:22.606848", "action": {"type": "get message", "content": "[reason] I'm thrilled that we've agreed on a traditional tea house for our date. Now, I'd like to find an activity that allows us to learn from each other. [end]\n[sentiment] Agreement on Action [end]\n[response] I would be honored to participate in a traditional tea ceremony, Sakura. I believe it would be a wonderful opportunity for me to learn more about your passion. [end]"}}, {"from": "GM", "to": "GM", "timestamp": "2024-09-12T14:18:22.607843", "action": {"type": "parse", "content": "[reason] I'm thrilled that we've agreed on a traditional tea house for our date. Now, I'd like to find an activity that allows us to learn from each other. [end]\n[sentiment] Agreement on Action [end]\n[response] I would be honored to participate in a traditional tea ceremony, Sakura. I believe it would be a wonderful opportunity for me to learn more about your passion. [end] conforms to rules"}}, {"from": "GM", "to": "GM", "timestamp": "2024-09-12T14:18:22.607843", "action": {"type": "mismatch location agreement", "content": "no location agreement, mismatched sentiment"}}], [{"from": "GM", "to": "Player 2", "timestamp": "2024-09-12T14:18:22.607843", "action": {"type": "send message", "content": "Samira Hassan 's Message:  I would be honored to participate in a traditional tea ceremony, Sakura. I believe it would be a wonderful opportunity for me to learn more about your passion. [end]\n"}}, {"from": "Player 2", "to": "GM", "timestamp": "2024-09-12T14:18:24.693595", "action": {"type": "get message", "content": "[reason] Samira's enthusiasm for participating in a traditional tea ceremony is heartwarming, and I'm excited to share this experience with them. [end]\n\n[sentiment] Agreement on Action [end]\n\n[response] I'm delighted to hear that, Samira. I believe our date will be a truly enriching experience for both of us. With the time, location, and activities settled, I think we have reached an overall agreement for our first date. I'm looking forward to spending this special time together. [end]"}}, {"from": "GM", "to": "GM", "timestamp": "2024-09-12T14:18:24.694598", "action": {"type": "parse", "content": "[reason] Samira's enthusiasm for participating in a traditional tea ceremony is heartwarming, and I'm excited to share this experience with them. [end]\n\n[sentiment] Agreement on Action [end]\n\n[response] I'm delighted to hear that, Samira. I believe our date will be a truly enriching experience for both of us. With the time, location, and activities settled, I think we have reached an overall agreement for our first date. I'm looking forward to spending this special time together. [end] conforms to rules"}}, {"from": "GM", "to": "GM", "timestamp": "2024-09-12T14:18:24.694598", "action": {"type": "action agreement", "content": "agreement on action successful"}}], [{"from": "GM", "to": "Player 1", "timestamp": "2024-09-12T14:18:24.694598", "action": {"type": "send message", "content": "Sakura Nakamura 's Message:  I'm delighted to hear that, Samira. I believe our date will be a truly enriching experience for both of us. With the time, location, and activities settled, I think we have reached an overall agreement for our first date. I'm looking forward to spending this special time together. [end]\n"}}, {"from": "Player 1", "to": "GM", "timestamp": "2024-09-12T14:18:26.646793", "action": {"type": "get message", "content": "[reason] I'm overjoyed that we've reached an overall agreement for our first date. I'm eager to learn more about Sakura's passion for the tea ceremony and share my love for the cosmos with her. [end]\n[sentiment] Overall Agreement [end]\n[response] I wholeheartedly agree, Sakura. I'm excited for our date and the opportunity to learn from each other. See you on Saturday evening! [end]"}}, {"from": "GM", "to": "GM", "timestamp": "2024-09-12T14:18:26.647788", "action": {"type": "parse", "content": "[reason] I'm overjoyed that we've reached an overall agreement for our first date. I'm eager to learn more about Sakura's passion for the tea ceremony and share my love for the cosmos with her. [end]\n[sentiment] Overall Agreement [end]\n[response] I wholeheartedly agree, Sakura. I'm excited for our date and the opportunity to learn from each other. See you on Saturday evening! [end] conforms to rules"}}, {"from": "GM", "to": "GM", "timestamp": "2024-09-12T14:18:26.647788", "action": {"type": "mismatch action agreement", "content": "no action agreement, mismatched sentiment"}}], [{"from": "GM", "to": "Player 2", "timestamp": "2024-09-12T14:18:26.648800", "action": {"type": "send message", "content": "Samira Hassan 's Message:  I wholeheartedly agree, Sakura. I'm excited for our date and the opportunity to learn from each other. See you on Saturday evening! [end]\n"}}, {"from": "Player 2", "to": "GM", "timestamp": "2024-09-12T14:18:28.124054", "action": {"type": "get message", "content": "[reason] Samira's agreement on our overall plan for the date and their enthusiasm for our shared experience is a wonderful confirmation that we have successfully planned our first date. [end]\n\n[sentiment] Overall Agreement [end]\n\n[response] I'm thrilled to hear that, Samira. I'm genuinely looking forward to our date and the chance to learn from each other. See you on Saturday evening! [end]"}}, {"from": "GM", "to": "GM", "timestamp": "2024-09-12T14:18:28.124054", "action": {"type": "parse", "content": "[reason] Samira's agreement on our overall plan for the date and their enthusiasm for our shared experience is a wonderful confirmation that we have successfully planned our first date. [end]\n\n[sentiment] Overall Agreement [end]\n\n[response] I'm thrilled to hear that, Samira. I'm genuinely looking forward to our date and the chance to learn from each other. See you on Saturday evening! [end] conforms to rules"}}, {"from": "GM", "to": "GM", "timestamp": "2024-09-12T14:18:28.124054", "action": {"type": "overall agreement", "content": "game successful"}}]], "max_turns": 15, "completed_turns": 10, "time_agreement": true, "location_agreement": true, "action_agreement": true}