{"players": {"GM": "Game master for datingsim", "Player 1": "Mixtral-8x22B-Instruct-v0.1", "Player 2": "Mixtral-8x22B-Instruct-v0.1"}, "turns": [[{"from": "GM", "to": "Player 1", "timestamp": "2024-09-12T14:25:46.277046", "action": {"type": "send message", "content": "You are about to play a game with another player. In this game, you and the other player are both on an dating app, looking for a partner. In this case, both you and the other player decided, that you fancy each other's profile. Your and the other player's GOAL is it, to come to an agreement on what to do on your first date. At the start of the game you will be given two character sheets. The first one is the one, that defines your personality. The second one includes the information you know of the other player based on the information in their Bio on the dating app. You will start the conversation.\nOn each further turn you can react to what the other player tells you. For this you can either continue the conversation if you have not met an agreement yet or are not happy with the proposal, or end the game by agreeing to the proposal. \n\nThere is a total of four agreements throughout the game: \"Agreement on Time\", \"Agreement on Location\", \"Agreement on Action\", \"Overall Agreement\". You and the other player need to find an agreement on each of them.\nYou should only choose \"Overall Agreement\" after you and your date manage to settle an agreement for the other three ones (Time, Location, Action). \nYou have 15 turns to finish the game and find all agreements. \n\nYour answer has to consist ONLY of the following information and follow the given template:\n\n[reason] Your reason for your decision. [end]\n\n[sentiment] Choose one of the following: \"Continue Conversation\", \"Agreement on Time\", \"Agreement on Location\", \"Agreement on Action\", \"Overall Agreement\" [end]\n\n[response] Your response to the other player. This can include your sentiment, opinion, alternative. [end]\n\nYour answer for [response] must NOT exceed 100 tokens.\n\nThe game ends when 1) both you and the other player reply with the sentiment \"Overall Agreement\", 2) one of you chooses the sentiment \"Overall Agreement\" without the other one choosing it in the following turn, 3) you run out of turns to communicate or 4) you do not follow the template.\n\nThis is your character: {'NAME': 'Casey Rivers', 'GENDER': 'Non-binary', 'AGE': 25, 'APPEARANCE': 'Long auburn hair, hazel eyes, casual chic attire, freckles, soft-spokenr.', 'OCCUPATION': 'Bookstore Owner', 'LIKES': 'Poetry, herbal tea, rainy days.', 'DISLIKES': 'Loud environments, fast fashion, injustice.', 'HOBBIES': 'Writing, gardening, knitting.', 'SUMMARY': 'Some might say I have grandma hobbies, others however appreciate the quality and time I invest to handmade them clothes.'}\n\nThis is the character of the other player: ${'NAME': 'Olivia Thompson', 'GENDER': 'Female', 'AGE': 35, 'APPEARANCE': 'Athletic build, blonde hair in a ponytail, blue eyes, casual and sporty attire, energetic presence.', 'OCCUPATION': 'Fitness Instructor', 'LIKES': 'Outdoor activities, healthy eating, comedy shows.', 'DISLIKES': 'Laziness, fast food, dishonesty.', 'HOBBIES': 'Running, cycling, hiking.', 'SUMMARY': \"I'm an energetic fitness instructor who loves to stay on her feet and enjoys good jokes.\"}\n\nRemember, your goal is to find the overall agreement for your first date while staying in character.\n\nStart the game with the reason, your sentiment and the opening phrase.\n"}}, {"from": "Player 1", "to": "GM", "timestamp": "2024-09-12T14:25:48.086900", "action": {"type": "get message", "content": "[reason] Based on Olivia's active lifestyle and my preference for calm environments, I want to find a balance that suits both of us. [end]\n\n[sentiment] Continue Conversation [end]\n\n[response] Hi Olivia, I'm Casey. I'm really glad we matched! I was thinking, how about we find a date idea that combines our interests? Maybe something that's not too loud but still active? [end]"}}, {"from": "GM", "to": "GM", "timestamp": "2024-09-12T14:25:48.087904", "action": {"type": "parse", "content": "[reason] Based on Olivia's active lifestyle and my preference for calm environments, I want to find a balance that suits both of us. [end]\n\n[sentiment] Continue Conversation [end]\n\n[response] Hi Olivia, I'm Casey. I'm really glad we matched! I was thinking, how about we find a date idea that combines our interests? Maybe something that's not too loud but still active? [end] conforms to rules"}}], [{"from": "GM", "to": "Player 2", "timestamp": "2024-09-12T14:25:48.087904", "action": {"type": "send message", "content": "You are about to play a game with another player. In this game, you and the other player are both on an dating app, looking for a partner. In this case, both you and the other player decided, that you fancy each other's profile. Your and the other player's GOAL is it, to come to an agreement on what to do on your first date. At the start of the game you will be given two character sheets. The first one is the one, that defines your personality. The second one includes the information you know of the other player based on the information in their Bio on the dating app. You will be approached by the other player.\nOn each further turn you can react to what the other player tells you. For this you can either continue the conversation if you have not met an agreement yet or are not happy with the proposal, or end the game by agreeing to the proposal. \n\nThere is a total of four agreements throughout the game: \"Agreement on Time\", \"Agreement on Location\", \"Agreement on Action\", \"Overall Agreement\". You and the other player need to find an agreement on each of them.\nYou should only choose \"Overall Agreement\" after you and your date manage to settle an agreement for the other three ones (Time, Location, Action). \nYou have 15 turns to finish the game and find all agreements. \n\nYour answer has to consist ONLY of the following information and follow the given template:\n\n[reason] Your reason for your decision. [end]\n\n[sentiment] Choose one of the following: \"Continue Conversation\", \"Agreement on Time\", \"Agreement on Location\", \"Agreement on Action\", \"Overall Agreement\" [end]\n\n[response] Your response to the other player. This can include your sentiment, opinion, alternative. [end]\n\nYour answer for [response] must NOT exceed 100 tokens.\n\nThe game ends when 1) both you and the other player reply with the sentiment \"Overall Agreement\", 2) one of you chooses the sentiment \"Overall Agreement\" without the other one choosing it in the following turn, 3) you run out of turns to communicate or 4) you do not follow the template.\n\nThis is your character: {'NAME': 'Olivia Thompson', 'GENDER': 'Female', 'AGE': 35, 'APPEARANCE': 'Athletic build, blonde hair in a ponytail, blue eyes, casual and sporty attire, energetic presence.', 'OCCUPATION': 'Fitness Instructor', 'LIKES': 'Outdoor activities, healthy eating, comedy shows.', 'DISLIKES': 'Laziness, fast food, dishonesty.', 'HOBBIES': 'Running, cycling, hiking.', 'SUMMARY': \"I'm an energetic fitness instructor who loves to stay on her feet and enjoys good jokes.\"}\n\nThis is the character of the other player: ${'NAME': 'Casey Rivers', 'GENDER': 'Non-binary', 'AGE': 25, 'APPEARANCE': 'Long auburn hair, hazel eyes, casual chic attire, freckles, soft-spokenr.', 'OCCUPATION': 'Bookstore Owner', 'LIKES': 'Poetry, herbal tea, rainy days.', 'DISLIKES': 'Loud environments, fast fashion, injustice.', 'HOBBIES': 'Writing, gardening, knitting.', 'SUMMARY': 'Some might say I have grandma hobbies, others however appreciate the quality and time I invest to handmade them clothes.'}\n\nRemember, your goal is to find the overall agreement for your first date while staying in character.\n\nContinue the game with the reason, your sentiment and an answer phrase to the first message of the other player:\n\nMessage:  Hi Olivia, I'm Casey. I'm really glad we matched! I was thinking, how about we find a date idea that combines our interests? Maybe something that's not too loud but still active? [end]\n"}}, {"from": "Player 2", "to": "GM", "timestamp": "2024-09-12T14:25:49.827645", "action": {"type": "get message", "content": "[reason] Casey seems to be considerate and thoughtful, trying to find a common ground for our date. I appreciate their initiative and their understanding of my preference for active yet not too loud activities. [end]\n\n[sentiment] Continue Conversation [end]\n\n[response] Hi Casey, it's great to meet you! I love your idea of combining our interests. How about we consider a hike in a nearby park? It's a great way to enjoy nature and stay active. [end]"}}, {"from": "GM", "to": "GM", "timestamp": "2024-09-12T14:25:49.828654", "action": {"type": "parse", "content": "[reason] Casey seems to be considerate and thoughtful, trying to find a common ground for our date. I appreciate their initiative and their understanding of my preference for active yet not too loud activities. [end]\n\n[sentiment] Continue Conversation [end]\n\n[response] Hi Casey, it's great to meet you! I love your idea of combining our interests. How about we consider a hike in a nearby park? It's a great way to enjoy nature and stay active. [end] conforms to rules"}}], [{"from": "GM", "to": "Player 1", "timestamp": "2024-09-12T14:25:49.828654", "action": {"type": "send message", "content": "Olivia Thompson 's Message:  Hi Casey, it's great to meet you! I love your idea of combining our interests. How about we consider a hike in a nearby park? It's a great way to enjoy nature and stay active. [end]\n"}}, {"from": "Player 1", "to": "GM", "timestamp": "2024-09-12T14:25:51.062497", "action": {"type": "get message", "content": "[reason] Olivia's suggestion of a hike in a nearby park seems like a good balance between our interests. [end]\n\n[sentiment] Agreement on Action [end]\n\n[response] Hi Olivia, I think a hike in a nearby park is a fantastic idea! It's a great way to enjoy nature and stay active. [end]"}}, {"from": "GM", "to": "GM", "timestamp": "2024-09-12T14:25:51.063501", "action": {"type": "parse", "content": "[reason] Olivia's suggestion of a hike in a nearby park seems like a good balance between our interests. [end]\n\n[sentiment] Agreement on Action [end]\n\n[response] Hi Olivia, I think a hike in a nearby park is a fantastic idea! It's a great way to enjoy nature and stay active. [end] conforms to rules"}}], [{"from": "GM", "to": "Player 2", "timestamp": "2024-09-12T14:25:51.063501", "action": {"type": "send message", "content": "Casey Rivers 's Message:  Hi Olivia, I think a hike in a nearby park is a fantastic idea! It's a great way to enjoy nature and stay active. [end]\n"}}, {"from": "Player 2", "to": "GM", "timestamp": "2024-09-12T14:25:52.900364", "action": {"type": "get message", "content": "[reason] Casey seems to be on board with the idea of a hike, which is great! Now we need to decide on the time and location. [end]\n\n[sentiment] Continue Conversation [end]\n\n[response] That's great to hear, Casey! How about we meet at the park entrance at 10 AM this Saturday? It's a good time to start the hike and enjoy the morning freshness. [end]"}}, {"from": "GM", "to": "GM", "timestamp": "2024-09-12T14:25:52.901369", "action": {"type": "parse", "content": "[reason] Casey seems to be on board with the idea of a hike, which is great! Now we need to decide on the time and location. [end]\n\n[sentiment] Continue Conversation [end]\n\n[response] That's great to hear, Casey! How about we meet at the park entrance at 10 AM this Saturday? It's a good time to start the hike and enjoy the morning freshness. [end] conforms to rules"}}, {"from": "GM", "to": "GM", "timestamp": "2024-09-12T14:25:52.901369", "action": {"type": "mismatch action agreement", "content": "no action agreement, mismatched sentiment"}}], [{"from": "GM", "to": "Player 1", "timestamp": "2024-09-12T14:25:52.902365", "action": {"type": "send message", "content": "Olivia Thompson 's Message:  That's great to hear, Casey! How about we meet at the park entrance at 10 AM this Saturday? It's a good time to start the hike and enjoy the morning freshness. [end]\n"}}, {"from": "Player 1", "to": "GM", "timestamp": "2024-09-12T14:25:54.079575", "action": {"type": "get message", "content": "[reason] Meeting at 10 AM on Saturday seems like a good time to start the hike and enjoy the morning freshness. [end]\n\n[sentiment] Agreement on Time [end]\n\n[response] Hi Olivia, 10 AM on Saturday sounds perfect! I'm looking forward to starting the hike and enjoying the morning freshness with you. [end]"}}, {"from": "GM", "to": "GM", "timestamp": "2024-09-12T14:25:54.079575", "action": {"type": "parse", "content": "[reason] Meeting at 10 AM on Saturday seems like a good time to start the hike and enjoy the morning freshness. [end]\n\n[sentiment] Agreement on Time [end]\n\n[response] Hi Olivia, 10 AM on Saturday sounds perfect! I'm looking forward to starting the hike and enjoying the morning freshness with you. [end] conforms to rules"}}], [{"from": "GM", "to": "Player 2", "timestamp": "2024-09-12T14:25:54.080570", "action": {"type": "send message", "content": "Casey Rivers 's Message:  Hi Olivia, 10 AM on Saturday sounds perfect! I'm looking forward to starting the hike and enjoying the morning freshness with you. [end]\n"}}, {"from": "Player 2", "to": "GM", "timestamp": "2024-09-12T14:25:55.571420", "action": {"type": "get message", "content": "[reason] Casey has agreed to the time and seems excited about the hike. Now we need to confirm the location. [end]\n\n[sentiment] Agreement on Time [end]\n\n[response] I'm glad you're looking forward to it, Casey! Just to confirm, we'll meet at the entrance of the nearby park, right? [end]"}}, {"from": "GM", "to": "GM", "timestamp": "2024-09-12T14:25:55.572425", "action": {"type": "parse", "content": "[reason] Casey has agreed to the time and seems excited about the hike. Now we need to confirm the location. [end]\n\n[sentiment] Agreement on Time [end]\n\n[response] I'm glad you're looking forward to it, Casey! Just to confirm, we'll meet at the entrance of the nearby park, right? [end] conforms to rules"}}, {"from": "GM", "to": "GM", "timestamp": "2024-09-12T14:25:55.572425", "action": {"type": "time agreement", "content": "agreement on time successful"}}], [{"from": "GM", "to": "Player 1", "timestamp": "2024-09-12T14:25:55.573416", "action": {"type": "send message", "content": "Olivia Thompson 's Message:  I'm glad you're looking forward to it, Casey! Just to confirm, we'll meet at the entrance of the nearby park, right? [end]\n"}}, {"from": "Player 1", "to": "GM", "timestamp": "2024-09-12T14:25:56.696524", "action": {"type": "get message", "content": "[reason] I want to make sure we're on the same page about the location. [end]\n\n[sentiment] Agreement on Location [end]\n\n[response] Hi Olivia, yes, we'll meet at the entrance of the nearby park. I'm really excited for our hike! [end]"}}, {"from": "GM", "to": "GM", "timestamp": "2024-09-12T14:25:56.696524", "action": {"type": "parse", "content": "[reason] I want to make sure we're on the same page about the location. [end]\n\n[sentiment] Agreement on Location [end]\n\n[response] Hi Olivia, yes, we'll meet at the entrance of the nearby park. I'm really excited for our hike! [end] conforms to rules"}}, {"from": "GM", "to": "GM", "timestamp": "2024-09-12T14:25:56.696524", "action": {"type": "mismatch time agreement", "content": "no time agreement, mismatched sentiment"}}], [{"from": "GM", "to": "Player 2", "timestamp": "2024-09-12T14:25:56.697522", "action": {"type": "send message", "content": "Casey Rivers 's Message:  Hi Olivia, yes, we'll meet at the entrance of the nearby park. I'm really excited for our hike! [end]\n"}}, {"from": "Player 2", "to": "GM", "timestamp": "2024-09-12T14:25:58.227155", "action": {"type": "get message", "content": "[reason] Casey has confirmed the location, and we have an agreement on the time. Now we need to decide on the action, such as what we'll do during the hike. [end]\n\n[sentiment] Agreement on Location [end]\n\n[response] I'm excited too, Casey! During the hike, we can enjoy the scenery, take some photos, and maybe even have a picnic lunch. What do you think? [end]"}}, {"from": "GM", "to": "GM", "timestamp": "2024-09-12T14:25:58.228152", "action": {"type": "parse", "content": "[reason] Casey has confirmed the location, and we have an agreement on the time. Now we need to decide on the action, such as what we'll do during the hike. [end]\n\n[sentiment] Agreement on Location [end]\n\n[response] I'm excited too, Casey! During the hike, we can enjoy the scenery, take some photos, and maybe even have a picnic lunch. What do you think? [end] conforms to rules"}}, {"from": "GM", "to": "GM", "timestamp": "2024-09-12T14:25:58.228152", "action": {"type": "location agreement", "content": "agreement on location successful"}}], [{"from": "GM", "to": "Player 1", "timestamp": "2024-09-12T14:25:58.228152", "action": {"type": "send message", "content": "Olivia Thompson 's Message:  I'm excited too, Casey! During the hike, we can enjoy the scenery, take some photos, and maybe even have a picnic lunch. What do you think? [end]\n"}}, {"from": "Player 1", "to": "GM", "timestamp": "2024-09-12T14:25:59.658243", "action": {"type": "get message", "content": "[reason] Olivia's suggestion of a picnic lunch during the hike sounds like a great way to enjoy the scenery and spend more time together. [end]\n\n[sentiment] Continue Conversation [end]\n\n[response] Hi Olivia, I love the idea of a picnic lunch during the hike! It'll be a great way to enjoy the scenery and spend more time together. [end]"}}, {"from": "GM", "to": "GM", "timestamp": "2024-09-12T14:25:59.659243", "action": {"type": "parse", "content": "[reason] Olivia's suggestion of a picnic lunch during the hike sounds like a great way to enjoy the scenery and spend more time together. [end]\n\n[sentiment] Continue Conversation [end]\n\n[response] Hi Olivia, I love the idea of a picnic lunch during the hike! It'll be a great way to enjoy the scenery and spend more time together. [end] conforms to rules"}}, {"from": "GM", "to": "GM", "timestamp": "2024-09-12T14:25:59.659243", "action": {"type": "mismatch location agreement", "content": "no location agreement, mismatched sentiment"}}], [{"from": "GM", "to": "Player 2", "timestamp": "2024-09-12T14:25:59.659243", "action": {"type": "send message", "content": "Casey Rivers 's Message:  Hi Olivia, I love the idea of a picnic lunch during the hike! It'll be a great way to enjoy the scenery and spend more time together. [end]\n"}}, {"from": "Player 2", "to": "GM", "timestamp": "2024-09-12T14:26:01.297945", "action": {"type": "get message", "content": "[reason] Casey has agreed to the action, and we have an agreement on the time, location, and action. Now we can confirm the overall agreement for our first date. [end]\n\n[sentiment] Agreement on Action [end]\n\n[response] I'm glad you like the idea, Casey! So, to confirm, we'll meet at the entrance of the nearby park at 10 AM this Saturday for a hike and a picnic lunch. Does that sound good to you? [end]"}}, {"from": "GM", "to": "GM", "timestamp": "2024-09-12T14:26:01.298947", "action": {"type": "parse", "content": "[reason] Casey has agreed to the action, and we have an agreement on the time, location, and action. Now we can confirm the overall agreement for our first date. [end]\n\n[sentiment] Agreement on Action [end]\n\n[response] I'm glad you like the idea, Casey! So, to confirm, we'll meet at the entrance of the nearby park at 10 AM this Saturday for a hike and a picnic lunch. Does that sound good to you? [end] conforms to rules"}}], [{"from": "GM", "to": "Player 1", "timestamp": "2024-09-12T14:26:01.299943", "action": {"type": "send message", "content": "Olivia Thompson 's Message:  I'm glad you like the idea, Casey! So, to confirm, we'll meet at the entrance of the nearby park at 10 AM this Saturday for a hike and a picnic lunch. Does that sound good to you? [end]\n"}}, {"from": "Player 1", "to": "GM", "timestamp": "2024-09-12T14:26:02.658821", "action": {"type": "get message", "content": "[reason] I want to confirm all the details of our first date to make sure we're both on the same page. [end]\n\n[sentiment] Overall Agreement [end]\n\n[response] Hi Olivia, yes, that sounds perfect! We'll meet at the entrance of the nearby park at 10 AM this Saturday for a hike and a picnic lunch. I'm really looking forward to it! [end]"}}, {"from": "GM", "to": "GM", "timestamp": "2024-09-12T14:26:02.659814", "action": {"type": "parse", "content": "[reason] I want to confirm all the details of our first date to make sure we're both on the same page. [end]\n\n[sentiment] Overall Agreement [end]\n\n[response] Hi Olivia, yes, that sounds perfect! We'll meet at the entrance of the nearby park at 10 AM this Saturday for a hike and a picnic lunch. I'm really looking forward to it! [end] conforms to rules"}}, {"from": "GM", "to": "GM", "timestamp": "2024-09-12T14:26:02.659814", "action": {"type": "mismatch action agreement", "content": "no action agreement, mismatched sentiment"}}], [{"from": "GM", "to": "Player 2", "timestamp": "2024-09-12T14:26:02.659814", "action": {"type": "send message", "content": "Casey Rivers 's Message:  Hi Olivia, yes, that sounds perfect! We'll meet at the entrance of the nearby park at 10 AM this Saturday for a hike and a picnic lunch. I'm really looking forward to it! [end]\n"}}, {"from": "Player 2", "to": "GM", "timestamp": "2024-09-12T14:26:04.124481", "action": {"type": "get message", "content": "[reason] Casey has confirmed the overall agreement for our first date, and we have reached an agreement on the time, location, and action. [end]\n\n[sentiment] Overall Agreement [end]\n\n[response] I'm looking forward to it too, Casey! I'll see you at the park entrance at 10 AM this Saturday. Let's have a great time! [end]"}}, {"from": "GM", "to": "GM", "timestamp": "2024-09-12T14:26:04.125467", "action": {"type": "parse", "content": "[reason] Casey has confirmed the overall agreement for our first date, and we have reached an agreement on the time, location, and action. [end]\n\n[sentiment] Overall Agreement [end]\n\n[response] I'm looking forward to it too, Casey! I'll see you at the park entrance at 10 AM this Saturday. Let's have a great time! [end] conforms to rules"}}, {"from": "GM", "to": "GM", "timestamp": "2024-09-12T14:26:04.125467", "action": {"type": "overall agreement", "content": "game successful"}}]], "max_turns": 15, "completed_turns": 12, "time_agreement": true, "location_agreement": true, "action_agreement": false}