{"players": {"GM": "Game master for datingsim", "Player 1": "Mixtral-8x22B-Instruct-v0.1", "Player 2": "Mixtral-8x22B-Instruct-v0.1"}, "turns": [[{"from": "GM", "to": "Player 1", "timestamp": "2024-09-12T15:14:00.056061", "action": {"type": "send message", "content": "You are about to play a game with another player. In this game, you and the other player are both on an dating app, looking for a partner. In this case, both you and the other player decided, that you fancy each other's profile. Your and the other player's GOAL is it, to come to an agreement on what to do on your first date. At the start of the game you will be given two character sheets. The first one is the one, that defines your personality. The second one includes the information you know of the other player based on the information in their Bio on the dating app. You will start the conversation.\nOn each further turn you can react to what the other player tells you. For this you can either continue the conversation if you have not met an agreement yet or are not happy with the proposal, or end the game by agreeing to the proposal. \n\nThere is a total of four agreements throughout the game: \"Agreement on Time\", \"Agreement on Location\", \"Agreement on Action\", \"Overall Agreement\". You and the other player need to find an agreement on each of them.\nYou should only choose \"Overall Agreement\" after you and your date manage to settle an agreement for the other three ones (Time, Location, Action). \nYou have 20 turns to finish the game and find all agreements. \n\nYour answer has to consist ONLY of the following information and follow the given template:\n\n[reason] Your reason for your decision. [end]\n\n[sentiment] Choose one of the following: \"Continue Conversation\", \"Agreement on Time\", \"Agreement on Location\", \"Agreement on Action\", \"Overall Agreement\" [end]\n\n[response] Your response to the other player. This can include your sentiment, opinion, alternative. [end]\n\nYour answer for [response] must NOT exceed 100 tokens.\n\nThe game ends when 1) both you and the other player reply with the sentiment \"Overall Agreement\", 2) one of you chooses the sentiment \"Overall Agreement\" without the other one choosing it in the following turn, 3) you run out of turns to communicate or 4) you do not follow the template.\n\nThis is your character: {'NAME': 'Dr. Olivia Khan', 'GENDER': 'Female', 'AGE': 42, 'APPEARANCE': 'Confident smile, sharp blue eyes, stylishly short black hair, professional attire with a touch of personality.', 'OCCUPATION': 'Cardiovascular Surgeon', 'LIKES': 'Helping people, pushing the boundaries of medicine, a good intellectual challenge.', 'DISLIKES': 'Arrogance, inefficiency, seeing people give up.', 'HOBBIES': 'Rock climbing (to manage stress), playing the cello, volunteering at a medical clinic for the underprivileged.', 'SUMMARY': 'I love my work as much as I love a good riddle.'}\n\nThis is the character of the other player: ${'NAME': 'Sophia Martinez', 'GENDER': 'Female', 'AGE': 27, 'APPEARANCE': 'Curly dark hair, brown eyes, petite, stylish outfits, warm smile.', 'OCCUPATION': 'Graphic Designer', 'SUMMARY': 'Just a girl, preferring and enjoying the warm summer days.'}\n\nRemember, your goal is to find the overall agreement for your first date while staying in character.\n\nStart the game with the reason, your sentiment and the opening phrase.\n"}}, {"from": "Player 1", "to": "GM", "timestamp": "2024-09-12T15:14:01.354366", "action": {"type": "get message", "content": "[reason] I'm excited to meet Sophia and learn more about her interests. [end]\n\n[sentiment] Continue Conversation [end]\n\n[response] Hello Sophia, it's great to connect with you! I'm Dr. Olivia Khan, a cardiovascular surgeon. I'm intrigued by your work as a graphic designer. I'm looking forward to getting to know you better. How about we start planning our first date? [end]"}}, {"from": "GM", "to": "GM", "timestamp": "2024-09-12T15:14:01.355404", "action": {"type": "parse", "content": "[reason] I'm excited to meet Sophia and learn more about her interests. [end]\n\n[sentiment] Continue Conversation [end]\n\n[response] Hello Sophia, it's great to connect with you! I'm Dr. Olivia Khan, a cardiovascular surgeon. I'm intrigued by your work as a graphic designer. I'm looking forward to getting to know you better. How about we start planning our first date? [end] conforms to rules"}}], [{"from": "GM", "to": "Player 2", "timestamp": "2024-09-12T15:14:01.355404", "action": {"type": "send message", "content": "You are about to play a game with another player. In this game, you and the other player are both on an dating app, looking for a partner. In this case, both you and the other player decided, that you fancy each other's profile. Your and the other player's GOAL is it, to come to an agreement on what to do on your first date. At the start of the game you will be given two character sheets. The first one is the one, that defines your personality. The second one includes the information you know of the other player based on the information in their Bio on the dating app. You will be approached by the other player.\nOn each further turn you can react to what the other player tells you. For this you can either continue the conversation if you have not met an agreement yet or are not happy with the proposal, or end the game by agreeing to the proposal. \n\nThere is a total of four agreements throughout the game: \"Agreement on Time\", \"Agreement on Location\", \"Agreement on Action\", \"Overall Agreement\". You and the other player need to find an agreement on each of them.\nYou should only choose \"Overall Agreement\" after you and your date manage to settle an agreement for the other three ones (Time, Location, Action). \nYou have 20 turns to finish the game and find all agreements. \n\nYour answer has to consist ONLY of the following information and follow the given template:\n\n[reason] Your reason for your decision. [end]\n\n[sentiment] Choose one of the following: \"Continue Conversation\", \"Agreement on Time\", \"Agreement on Location\", \"Agreement on Action\", \"Overall Agreement\" [end]\n\n[response] Your response to the other player. This can include your sentiment, opinion, alternative. [end]\n\nYour answer for [response] must NOT exceed 100 tokens.\n\nThe game ends when 1) both you and the other player reply with the sentiment \"Overall Agreement\", 2) one of you chooses the sentiment \"Overall Agreement\" without the other one choosing it in the following turn, 3) you run out of turns to communicate or 4) you do not follow the template.\n\nThis is your character: {'NAME': 'Sophia Martinez', 'GENDER': 'Female', 'AGE': 27, 'APPEARANCE': 'Curly dark hair, brown eyes, petite, stylish outfits, warm smile.', 'OCCUPATION': 'Graphic Designer', 'LIKES': 'Art galleries, spicy food, romantic movies.', 'DISLIKES': 'Cold weather, arrogance, traffic.', 'HOBBIES': 'Painting, dancing, yoga.', 'SUMMARY': 'Just a girl, preferring and enjoying the warm summer days.'}\n\nThis is the character of the other player: ${'NAME': 'Dr. Olivia Khan', 'GENDER': 'Female', 'AGE': 42, 'APPEARANCE': 'Confident smile, sharp blue eyes, stylishly short black hair, professional attire with a touch of personality.', 'OCCUPATION': 'Cardiovascular Surgeon', 'SUMMARY': 'I love my work as much as I love a good riddle.'}\n\nRemember, your goal is to find the overall agreement for your first date while staying in character.\n\nContinue the game with the reason, your sentiment and an answer phrase to the first message of the other player:\n\nMessage:  Hello Sophia, it's great to connect with you! I'm Dr. Olivia Khan, a cardiovascular surgeon. I'm intrigued by your work as a graphic designer. I'm looking forward to getting to know you better. How about we start planning our first date? [end]\n"}}, {"from": "Player 2", "to": "GM", "timestamp": "2024-09-12T15:14:02.938870", "action": {"type": "get message", "content": "[reason] The other player has initiated the conversation and expressed interest in planning our first date. [end]\n\n[sentiment] Continue Conversation [end]\n\n[response] Hello Dr. Olivia Khan, it's a pleasure to meet you! I'm equally excited to learn more about you and your work. I'm open to discussing our first date. How about we start with deciding on a time that suits us both? [end]"}}, {"from": "GM", "to": "GM", "timestamp": "2024-09-12T15:14:02.939948", "action": {"type": "parse", "content": "[reason] The other player has initiated the conversation and expressed interest in planning our first date. [end]\n\n[sentiment] Continue Conversation [end]\n\n[response] Hello Dr. Olivia Khan, it's a pleasure to meet you! I'm equally excited to learn more about you and your work. I'm open to discussing our first date. How about we start with deciding on a time that suits us both? [end] conforms to rules"}}], [{"from": "GM", "to": "Player 1", "timestamp": "2024-09-12T15:14:02.939948", "action": {"type": "send message", "content": "Sophia Martinez 's Message:  Hello Dr. Olivia Khan, it's a pleasure to meet you! I'm equally excited to learn more about you and your work. I'm open to discussing our first date. How about we start with deciding on a time that suits us both? [end]\n"}}, {"from": "Player 1", "to": "GM", "timestamp": "2024-09-12T15:14:04.351717", "action": {"type": "get message", "content": "[reason] I appreciate Sophia's enthusiasm and her suggestion to start with deciding on a time. [end]\n\n[sentiment] Agreement on Time [end]\n\n[response] That sounds like a great idea, Sophia. I'm usually free on weekends, but I can also make time during the week if needed. How about we meet on Saturday afternoon? [end]"}}, {"from": "GM", "to": "GM", "timestamp": "2024-09-12T15:14:04.351717", "action": {"type": "parse", "content": "[reason] I appreciate Sophia's enthusiasm and her suggestion to start with deciding on a time. [end]\n\n[sentiment] Agreement on Time [end]\n\n[response] That sounds like a great idea, Sophia. I'm usually free on weekends, but I can also make time during the week if needed. How about we meet on Saturday afternoon? [end] conforms to rules"}}], [{"from": "GM", "to": "Player 2", "timestamp": "2024-09-12T15:14:04.351717", "action": {"type": "send message", "content": "Dr. Olivia Khan 's Message:  That sounds like a great idea, Sophia. I'm usually free on weekends, but I can also make time during the week if needed. How about we meet on Saturday afternoon? [end]\n"}}, {"from": "Player 2", "to": "GM", "timestamp": "2024-09-12T15:14:05.887165", "action": {"type": "get message", "content": "[reason] The other player has suggested meeting on Saturday afternoon. [end]\n\n[sentiment] Agreement on Time [end]\n\n[response] Saturday afternoon works perfectly for me. I'm glad we could find a time that suits us both. Now, let's discuss the location for our date. Any preferences? [end]"}}, {"from": "GM", "to": "GM", "timestamp": "2024-09-12T15:14:05.888121", "action": {"type": "parse", "content": "[reason] The other player has suggested meeting on Saturday afternoon. [end]\n\n[sentiment] Agreement on Time [end]\n\n[response] Saturday afternoon works perfectly for me. I'm glad we could find a time that suits us both. Now, let's discuss the location for our date. Any preferences? [end] conforms to rules"}}, {"from": "GM", "to": "GM", "timestamp": "2024-09-12T15:14:05.888121", "action": {"type": "time agreement", "content": "agreement on time successful"}}], [{"from": "GM", "to": "Player 1", "timestamp": "2024-09-12T15:14:05.888121", "action": {"type": "send message", "content": "Sophia Martinez 's Message:  Saturday afternoon works perfectly for me. I'm glad we could find a time that suits us both. Now, let's discuss the location for our date. Any preferences? [end]\n"}}, {"from": "Player 1", "to": "GM", "timestamp": "2024-09-12T15:14:07.525057", "action": {"type": "get message", "content": "[reason] I'm happy that we've agreed on a time and I'm looking forward to discussing the location. [end]\n\n[sentiment] Continue Conversation [end]\n\n[response] I'm glad to hear that Saturday afternoon works for you too, Sophia. As for the location, I'm open to suggestions. I enjoy trying new places, especially if they have a unique atmosphere. How about we meet at a cozy café or a quiet park? [end]"}}, {"from": "GM", "to": "GM", "timestamp": "2024-09-12T15:14:07.526058", "action": {"type": "parse", "content": "[reason] I'm happy that we've agreed on a time and I'm looking forward to discussing the location. [end]\n\n[sentiment] Continue Conversation [end]\n\n[response] I'm glad to hear that Saturday afternoon works for you too, Sophia. As for the location, I'm open to suggestions. I enjoy trying new places, especially if they have a unique atmosphere. How about we meet at a cozy café or a quiet park? [end] conforms to rules"}}, {"from": "GM", "to": "GM", "timestamp": "2024-09-12T15:14:07.526058", "action": {"type": "mismatch time agreement", "content": "no time agreement, mismatched sentiment"}}], [{"from": "GM", "to": "Player 2", "timestamp": "2024-09-12T15:14:07.526058", "action": {"type": "send message", "content": "Dr. Olivia Khan 's Message:  I'm glad to hear that Saturday afternoon works for you too, Sophia. As for the location, I'm open to suggestions. I enjoy trying new places, especially if they have a unique atmosphere. How about we meet at a cozy café or a quiet park? [end]\n"}}, {"from": "Player 2", "to": "GM", "timestamp": "2024-09-12T15:14:09.092931", "action": {"type": "get message", "content": "[reason] The other player has expressed interest in meeting at a cozy café or a quiet park. [end]\n\n[sentiment] Continue Conversation [end]\n\n[response] A cozy café sounds lovely, Dr. Olivia Khan. I appreciate the unique atmosphere and the opportunity to enjoy a warm beverage. Let's meet at \"The Artful Bean,\" a charming café known for its art-inspired decor and delicious coffee. [end]"}}, {"from": "GM", "to": "GM", "timestamp": "2024-09-12T15:14:09.093939", "action": {"type": "parse", "content": "[reason] The other player has expressed interest in meeting at a cozy café or a quiet park. [end]\n\n[sentiment] Continue Conversation [end]\n\n[response] A cozy café sounds lovely, Dr. Olivia Khan. I appreciate the unique atmosphere and the opportunity to enjoy a warm beverage. Let's meet at \"The Artful Bean,\" a charming café known for its art-inspired decor and delicious coffee. [end] conforms to rules"}}], [{"from": "GM", "to": "Player 1", "timestamp": "2024-09-12T15:14:09.093939", "action": {"type": "send message", "content": "Sophia Martinez 's Message:  A cozy café sounds lovely, Dr. Olivia Khan. I appreciate the unique atmosphere and the opportunity to enjoy a warm beverage. Let's meet at \"The Artful Bean,\" a charming café known for its art-inspired decor and delicious coffee. [end]\n"}}, {"from": "Player 1", "to": "GM", "timestamp": "2024-09-12T15:14:10.661223", "action": {"type": "get message", "content": "[reason] I'm pleased with Sophia's suggestion and I'm looking forward to meeting her at \"The Artful Bean.\" [end]\n\n[sentiment] Agreement on Location [end]\n\n[response] \"The Artful Bean\" sounds like a wonderful choice, Sophia. I'm excited to meet you there and enjoy a warm beverage in such a creative atmosphere. [end]"}}, {"from": "GM", "to": "GM", "timestamp": "2024-09-12T15:14:10.661223", "action": {"type": "parse", "content": "[reason] I'm pleased with Sophia's suggestion and I'm looking forward to meeting her at \"The Artful Bean.\" [end]\n\n[sentiment] Agreement on Location [end]\n\n[response] \"The Artful Bean\" sounds like a wonderful choice, Sophia. I'm excited to meet you there and enjoy a warm beverage in such a creative atmosphere. [end] conforms to rules"}}], [{"from": "GM", "to": "Player 2", "timestamp": "2024-09-12T15:14:10.661223", "action": {"type": "send message", "content": "Dr. Olivia Khan 's Message:  \"The Artful Bean\" sounds like a wonderful choice, Sophia. I'm excited to meet you there and enjoy a warm beverage in such a creative atmosphere. [end]\n"}}, {"from": "Player 2", "to": "GM", "timestamp": "2024-09-12T15:14:12.593741", "action": {"type": "get message", "content": "[reason] The other player has agreed to meet at \"The Artful Bean.\" [end]\n\n[sentiment] Agreement on Location [end]\n\n[response] I'm thrilled that we've agreed on \"The Artful Bean\" as our meeting place, Dr. Olivia Khan. Now, let's discuss what we'd like to do during our date. I enjoy visiting art galleries, but I'm open to other activities as well. What are your thoughts? [end]"}}, {"from": "GM", "to": "GM", "timestamp": "2024-09-12T15:14:12.594743", "action": {"type": "parse", "content": "[reason] The other player has agreed to meet at \"The Artful Bean.\" [end]\n\n[sentiment] Agreement on Location [end]\n\n[response] I'm thrilled that we've agreed on \"The Artful Bean\" as our meeting place, Dr. Olivia Khan. Now, let's discuss what we'd like to do during our date. I enjoy visiting art galleries, but I'm open to other activities as well. What are your thoughts? [end] conforms to rules"}}, {"from": "GM", "to": "GM", "timestamp": "2024-09-12T15:14:12.594743", "action": {"type": "location agreement", "content": "agreement on location successful"}}], [{"from": "GM", "to": "Player 1", "timestamp": "2024-09-12T15:14:12.594743", "action": {"type": "send message", "content": "Sophia Martinez 's Message:  I'm thrilled that we've agreed on \"The Artful Bean\" as our meeting place, Dr. Olivia Khan. Now, let's discuss what we'd like to do during our date. I enjoy visiting art galleries, but I'm open to other activities as well. What are your thoughts? [end]\n"}}, {"from": "Player 1", "to": "GM", "timestamp": "2024-09-12T15:14:14.154044", "action": {"type": "get message", "content": "[reason] I'm glad that Sophia is open to different activities and I appreciate her interest in art galleries. [end]\n\n[sentiment] Continue Conversation [end]\n\n[response] Visiting an art gallery sounds like a wonderful idea, Sophia. I also enjoy exploring new exhibits and discussing the artwork. If you're open to it, we could visit a nearby gallery after our coffee at \"The Artful Bean.\" [end]"}}, {"from": "GM", "to": "GM", "timestamp": "2024-09-12T15:14:14.154044", "action": {"type": "parse", "content": "[reason] I'm glad that Sophia is open to different activities and I appreciate her interest in art galleries. [end]\n\n[sentiment] Continue Conversation [end]\n\n[response] Visiting an art gallery sounds like a wonderful idea, Sophia. I also enjoy exploring new exhibits and discussing the artwork. If you're open to it, we could visit a nearby gallery after our coffee at \"The Artful Bean.\" [end] conforms to rules"}}, {"from": "GM", "to": "GM", "timestamp": "2024-09-12T15:14:14.154044", "action": {"type": "mismatch location agreement", "content": "no location agreement, mismatched sentiment"}}], [{"from": "GM", "to": "Player 2", "timestamp": "2024-09-12T15:14:14.154044", "action": {"type": "send message", "content": "Dr. Olivia Khan 's Message:  Visiting an art gallery sounds like a wonderful idea, Sophia. I also enjoy exploring new exhibits and discussing the artwork. If you're open to it, we could visit a nearby gallery after our coffee at \"The Artful Bean.\" [end]\n"}}, {"from": "Player 2", "to": "GM", "timestamp": "2024-09-12T15:14:15.639328", "action": {"type": "get message", "content": "[reason] The other player has agreed to visit an art gallery after our coffee at \"The Artful Bean.\" [end]\n\n[sentiment] Agreement on Action [end]\n\n[response] I'm delighted that we share a love for art galleries, Dr. Olivia Khan. Visiting a nearby gallery after our coffee at \"The Artful Bean\" sounds like a perfect plan. I'm looking forward to our first date and getting to know you better. [end]"}}, {"from": "GM", "to": "GM", "timestamp": "2024-09-12T15:14:15.639328", "action": {"type": "parse", "content": "[reason] The other player has agreed to visit an art gallery after our coffee at \"The Artful Bean.\" [end]\n\n[sentiment] Agreement on Action [end]\n\n[response] I'm delighted that we share a love for art galleries, Dr. Olivia Khan. Visiting a nearby gallery after our coffee at \"The Artful Bean\" sounds like a perfect plan. I'm looking forward to our first date and getting to know you better. [end] conforms to rules"}}], [{"from": "GM", "to": "Player 1", "timestamp": "2024-09-12T15:14:15.639328", "action": {"type": "send message", "content": "Sophia Martinez 's Message:  I'm delighted that we share a love for art galleries, Dr. Olivia Khan. Visiting a nearby gallery after our coffee at \"The Artful Bean\" sounds like a perfect plan. I'm looking forward to our first date and getting to know you better. [end]\n"}}, {"from": "Player 1", "to": "GM", "timestamp": "2024-09-12T15:14:16.924124", "action": {"type": "get message", "content": "[reason] I'm excited that we've agreed on an activity and I'm looking forward to our first date. [end]\n\n[sentiment] Agreement on Action [end]\n\n[response] I'm thrilled that we've agreed on visiting an art gallery after our coffee, Sophia. I'm really looking forward to our first date and getting to know you better. [end]"}}, {"from": "GM", "to": "GM", "timestamp": "2024-09-12T15:14:16.925104", "action": {"type": "parse", "content": "[reason] I'm excited that we've agreed on an activity and I'm looking forward to our first date. [end]\n\n[sentiment] Agreement on Action [end]\n\n[response] I'm thrilled that we've agreed on visiting an art gallery after our coffee, Sophia. I'm really looking forward to our first date and getting to know you better. [end] conforms to rules"}}, {"from": "GM", "to": "GM", "timestamp": "2024-09-12T15:14:16.925104", "action": {"type": "action agreement", "content": "agreement on action successful"}}], [{"from": "GM", "to": "Player 2", "timestamp": "2024-09-12T15:14:16.925104", "action": {"type": "send message", "content": "Dr. Olivia Khan 's Message:  I'm thrilled that we've agreed on visiting an art gallery after our coffee, Sophia. I'm really looking forward to our first date and getting to know you better. [end]\n"}}, {"from": "Player 2", "to": "GM", "timestamp": "2024-09-12T15:14:18.664913", "action": {"type": "get message", "content": "[reason] The other player has expressed excitement about our agreed-upon plans for our first date. [end]\n\n[sentiment] Overall Agreement [end]\n\n[response] I'm equally excited about our first date, Dr. Olivia Khan. I'm glad we could find an overall agreement on the time, location, and activities for our date. I can't wait to meet you at \"The Artful Bean\" and explore the art gallery together. [end]"}}, {"from": "GM", "to": "GM", "timestamp": "2024-09-12T15:14:18.664913", "action": {"type": "parse", "content": "[reason] The other player has expressed excitement about our agreed-upon plans for our first date. [end]\n\n[sentiment] Overall Agreement [end]\n\n[response] I'm equally excited about our first date, Dr. Olivia Khan. I'm glad we could find an overall agreement on the time, location, and activities for our date. I can't wait to meet you at \"The Artful Bean\" and explore the art gallery together. [end] conforms to rules"}}, {"from": "GM", "to": "GM", "timestamp": "2024-09-12T15:14:18.665823", "action": {"type": "mismatch action agreement", "content": "no action agreement, mismatched sentiment"}}], [{"from": "GM", "to": "Player 1", "timestamp": "2024-09-12T15:14:18.665823", "action": {"type": "send message", "content": "Sophia Martinez 's Message:  I'm equally excited about our first date, Dr. Olivia Khan. I'm glad we could find an overall agreement on the time, location, and activities for our date. I can't wait to meet you at \"The Artful Bean\" and explore the art gallery together. [end]\n"}}, {"from": "Player 1", "to": "GM", "timestamp": "2024-09-12T15:14:20.241328", "action": {"type": "get message", "content": "[reason] I'm grateful that we've reached an overall agreement and I'm eager to meet Sophia for our first date. [end]\n\n[sentiment] Overall Agreement [end]\n\n[response] I'm truly looking forward to our first date, Sophia. I'm glad we could find an overall agreement on the time, location, and activities. I can't wait to meet you at \"The Artful Bean\" and explore the art gallery together. [end]"}}, {"from": "GM", "to": "GM", "timestamp": "2024-09-12T15:14:20.242327", "action": {"type": "parse", "content": "[reason] I'm grateful that we've reached an overall agreement and I'm eager to meet Sophia for our first date. [end]\n\n[sentiment] Overall Agreement [end]\n\n[response] I'm truly looking forward to our first date, Sophia. I'm glad we could find an overall agreement on the time, location, and activities. I can't wait to meet you at \"The Artful Bean\" and explore the art gallery together. [end] conforms to rules"}}, {"from": "GM", "to": "GM", "timestamp": "2024-09-12T15:14:20.242327", "action": {"type": "overall agreement", "content": "game successful"}}]], "max_turns": 20, "completed_turns": 13, "time_agreement": true, "location_agreement": true, "action_agreement": true}