{"players": {"GM": "Game master for datingsim", "Player 1": "Mixtral-8x22B-Instruct-v0.1", "Player 2": "Mixtral-8x22B-Instruct-v0.1"}, "turns": [[{"from": "GM", "to": "Player 1", "timestamp": "2024-09-12T14:36:33.686286", "action": {"type": "send message", "content": "You are about to play a game with another player. In this game, you and the other player are both on an dating app, looking for a partner. In this case, both you and the other player decided, that you fancy each other's profile. Your and the other player's GOAL is it, to come to an agreement on what to do on your first date. At the start of the game you will be given two character sheets. The first one is the one, that defines your personality. The second one includes the information you know of the other player based on the information in their Bio on the dating app. You will start the conversation.\nOn each further turn you can react to what the other player tells you. For this you can either continue the conversation if you have not met an agreement yet or are not happy with the proposal, or end the game by agreeing to the proposal. \n\nThere is a total of four agreements throughout the game: \"Agreement on Time\", \"Agreement on Location\", \"Agreement on Action\", \"Overall Agreement\". You and the other player need to find an agreement on each of them.\nYou should only choose \"Overall Agreement\" after you and your date manage to settle an agreement for the other three ones (Time, Location, Action). \nYou have 15 turns to finish the game and find all agreements. \n\nYour answer has to consist ONLY of the following information and follow the given template:\n\n[reason] Your reason for your decision. [end]\n\n[sentiment] Choose one of the following: \"Continue Conversation\", \"Agreement on Time\", \"Agreement on Location\", \"Agreement on Action\", \"Overall Agreement\" [end]\n\n[response] Your response to the other player. This can include your sentiment, opinion, alternative. [end]\n\nYour answer for [response] must NOT exceed 100 tokens.\n\nThe game ends when 1) both you and the other player reply with the sentiment \"Overall Agreement\", 2) one of you chooses the sentiment \"Overall Agreement\" without the other one choosing it in the following turn, 3) you run out of turns to communicate or 4) you do not follow the template.\n\nThis is your character: {'NAME': 'Ethan Cooper', 'GENDER': 'Male', 'AGE': 28, 'APPEARANCE': 'Athletic build, tousled brown hair, blue eyes, casual but stylish clothing, confident smile.', 'OCCUPATION': 'Software Engineer', 'LIKES': 'Hiking, indie music, coffee shops.', 'DISLIKES': 'Crowded places, dishonesty, early mornings.', 'HOBBIES': 'Rock climbing, playing guitar, video game development.', 'SUMMARY': \"Digital or real world, I like both as liink as they're not too crowded.\"}\n\nThis is the character of the other player: ${'NAME': 'Chloe Kim', 'SUMMARY': 'I am a pretty confident mechanic who looves a good challenge.'}\n\nRemember, your goal is to find the overall agreement for your first date while staying in character.\n\nStart the game with the reason, your sentiment and the opening phrase.\n"}}, {"from": "Player 1", "to": "GM", "timestamp": "2024-09-12T14:36:35.161860", "action": {"type": "get message", "content": "[reason] I'm excited to meet Chloe and get to know her better. [end]\n\n[sentiment] Continue Conversation [end]\n\n[response] Hi Chloe, it's great to connect with someone who shares my love for challenges. I was thinking we could plan our first date. How about we start with deciding on a time that works best for both of us? [end]"}}, {"from": "GM", "to": "GM", "timestamp": "2024-09-12T14:36:35.162960", "action": {"type": "parse", "content": "[reason] I'm excited to meet Chloe and get to know her better. [end]\n\n[sentiment] Continue Conversation [end]\n\n[response] Hi Chloe, it's great to connect with someone who shares my love for challenges. I was thinking we could plan our first date. How about we start with deciding on a time that works best for both of us? [end] conforms to rules"}}], [{"from": "GM", "to": "Player 2", "timestamp": "2024-09-12T14:36:35.162960", "action": {"type": "send message", "content": "You are about to play a game with another player. In this game, you and the other player are both on an dating app, looking for a partner. In this case, both you and the other player decided, that you fancy each other's profile. Your and the other player's GOAL is it, to come to an agreement on what to do on your first date. At the start of the game you will be given two character sheets. The first one is the one, that defines your personality. The second one includes the information you know of the other player based on the information in their Bio on the dating app. You will be approached by the other player.\nOn each further turn you can react to what the other player tells you. For this you can either continue the conversation if you have not met an agreement yet or are not happy with the proposal, or end the game by agreeing to the proposal. \n\nThere is a total of four agreements throughout the game: \"Agreement on Time\", \"Agreement on Location\", \"Agreement on Action\", \"Overall Agreement\". You and the other player need to find an agreement on each of them.\nYou should only choose \"Overall Agreement\" after you and your date manage to settle an agreement for the other three ones (Time, Location, Action). \nYou have 15 turns to finish the game and find all agreements. \n\nYour answer has to consist ONLY of the following information and follow the given template:\n\n[reason] Your reason for your decision. [end]\n\n[sentiment] Choose one of the following: \"Continue Conversation\", \"Agreement on Time\", \"Agreement on Location\", \"Agreement on Action\", \"Overall Agreement\" [end]\n\n[response] Your response to the other player. This can include your sentiment, opinion, alternative. [end]\n\nYour answer for [response] must NOT exceed 100 tokens.\n\nThe game ends when 1) both you and the other player reply with the sentiment \"Overall Agreement\", 2) one of you chooses the sentiment \"Overall Agreement\" without the other one choosing it in the following turn, 3) you run out of turns to communicate or 4) you do not follow the template.\n\nThis is your character: {'NAME': 'Chloe Kim', 'GENDER': 'Female', 'AGE': 21, 'APPEARANCE': 'Confident smirk, bright green eyes, athletic build, wears comfortable clothes with a sporty flair.', 'OCCUPATION': 'Lead Mechanic at a Motorcycle Repair Shop', 'LIKES': 'Fixing things with her own hands, the roar of a motorcycle engine, a good challenge.', 'DISLIKES': 'Idleness, people who give up easily, following the crowd.', 'HOBBIES': 'Motocross racing (competitively), tinkering with old machines, participating in hackathons.', 'SUMMARY': 'I am a pretty confident mechanic who looves a good challenge.'}\n\nThis is the character of the other player: ${'NAME': 'Ethan Cooper', 'SUMMARY': \"Digital or real world, I like both as liink as they're not too crowded.\"}\n\nRemember, your goal is to find the overall agreement for your first date while staying in character.\n\nContinue the game with the reason, your sentiment and an answer phrase to the first message of the other player:\n\nMessage:  Hi Chloe, it's great to connect with someone who shares my love for challenges. I was thinking we could plan our first date. How about we start with deciding on a time that works best for both of us? [end]\n"}}, {"from": "Player 2", "to": "GM", "timestamp": "2024-09-12T14:36:36.894450", "action": {"type": "get message", "content": "[reason] Ethan seems to appreciate a good challenge as much as I do. I'm excited to plan our first date. [end]\n\n[sentiment] Continue Conversation [end]\n\n[response] Hi Ethan, it's nice to meet you too! I'm open to discussing a time that suits us both. How about we aim for a weekend, so we can fully enjoy our date without worrying about work? [end]"}}, {"from": "GM", "to": "GM", "timestamp": "2024-09-12T14:36:36.895448", "action": {"type": "parse", "content": "[reason] Ethan seems to appreciate a good challenge as much as I do. I'm excited to plan our first date. [end]\n\n[sentiment] Continue Conversation [end]\n\n[response] Hi Ethan, it's nice to meet you too! I'm open to discussing a time that suits us both. How about we aim for a weekend, so we can fully enjoy our date without worrying about work? [end] conforms to rules"}}], [{"from": "GM", "to": "Player 1", "timestamp": "2024-09-12T14:36:36.896447", "action": {"type": "send message", "content": "Chloe Kim 's Message:  Hi Ethan, it's nice to meet you too! I'm open to discussing a time that suits us both. How about we aim for a weekend, so we can fully enjoy our date without worrying about work? [end]\n"}}, {"from": "Player 1", "to": "GM", "timestamp": "2024-09-12T14:36:38.424843", "action": {"type": "get message", "content": "[reason] I appreciate Chloe's suggestion of a weekend date, as it aligns with my preference for avoiding early mornings. [end]\n\n[sentiment] Agreement on Time [end]\n\n[response] I completely agree, Chloe. A weekend date sounds perfect. Now, let's discuss the location. I enjoy coffee shops and hiking, but I'm open to your suggestions as well. [end]"}}, {"from": "GM", "to": "GM", "timestamp": "2024-09-12T14:36:38.425840", "action": {"type": "parse", "content": "[reason] I appreciate Chloe's suggestion of a weekend date, as it aligns with my preference for avoiding early mornings. [end]\n\n[sentiment] Agreement on Time [end]\n\n[response] I completely agree, Chloe. A weekend date sounds perfect. Now, let's discuss the location. I enjoy coffee shops and hiking, but I'm open to your suggestions as well. [end] conforms to rules"}}], [{"from": "GM", "to": "Player 2", "timestamp": "2024-09-12T14:36:38.425840", "action": {"type": "send message", "content": "Ethan Cooper 's Message:  I completely agree, Chloe. A weekend date sounds perfect. Now, let's discuss the location. I enjoy coffee shops and hiking, but I'm open to your suggestions as well. [end]\n"}}, {"from": "Player 2", "to": "GM", "timestamp": "2024-09-12T14:36:39.962802", "action": {"type": "get message", "content": "[reason] Ethan enjoys both indoor and outdoor activities, which is great. I'm open to his suggestions and will share my preferences as well. [end]\n\n[sentiment] Continue Conversation [end]\n\n[response] That's great, Ethan! I also enjoy both coffee shops and hiking. How about we start with a hike in the morning and then relax at a cozy coffee shop in the afternoon? [end]"}}, {"from": "GM", "to": "GM", "timestamp": "2024-09-12T14:36:39.963808", "action": {"type": "parse", "content": "[reason] Ethan enjoys both indoor and outdoor activities, which is great. I'm open to his suggestions and will share my preferences as well. [end]\n\n[sentiment] Continue Conversation [end]\n\n[response] That's great, Ethan! I also enjoy both coffee shops and hiking. How about we start with a hike in the morning and then relax at a cozy coffee shop in the afternoon? [end] conforms to rules"}}, {"from": "GM", "to": "GM", "timestamp": "2024-09-12T14:36:39.963808", "action": {"type": "mismatch time agreement", "content": "no time agreement, mismatched sentiment"}}], [{"from": "GM", "to": "Player 1", "timestamp": "2024-09-12T14:36:39.964800", "action": {"type": "send message", "content": "Chloe Kim 's Message:  That's great, Ethan! I also enjoy both coffee shops and hiking. How about we start with a hike in the morning and then relax at a cozy coffee shop in the afternoon? [end]\n"}}, {"from": "Player 1", "to": "GM", "timestamp": "2024-09-12T14:36:41.664798", "action": {"type": "get message", "content": "[reason] I appreciate Chloe's enthusiasm for both hiking and coffee shops, which aligns with my interests. [end]\n\n[sentiment] Agreement on Location [end]\n\n[response] I love that idea, Chloe! A morning hike followed by a cozy coffee shop sounds like a perfect first date. Now, let's decide on an activity. I enjoy rock climbing and playing guitar, but I'm open to other ideas as well. [end]"}}, {"from": "GM", "to": "GM", "timestamp": "2024-09-12T14:36:41.664798", "action": {"type": "parse", "content": "[reason] I appreciate Chloe's enthusiasm for both hiking and coffee shops, which aligns with my interests. [end]\n\n[sentiment] Agreement on Location [end]\n\n[response] I love that idea, Chloe! A morning hike followed by a cozy coffee shop sounds like a perfect first date. Now, let's decide on an activity. I enjoy rock climbing and playing guitar, but I'm open to other ideas as well. [end] conforms to rules"}}], [{"from": "GM", "to": "Player 2", "timestamp": "2024-09-12T14:36:41.665796", "action": {"type": "send message", "content": "Ethan Cooper 's Message:  I love that idea, Chloe! A morning hike followed by a cozy coffee shop sounds like a perfect first date. Now, let's decide on an activity. I enjoy rock climbing and playing guitar, but I'm open to other ideas as well. [end]\n"}}, {"from": "Player 2", "to": "GM", "timestamp": "2024-09-12T14:36:43.141556", "action": {"type": "get message", "content": "[reason] Ethan has shared his interests, and I appreciate his openness to other ideas. I'll suggest an activity that aligns with both our interests. [end]\n\n[sentiment] Continue Conversation [end]\n\n[response] That's awesome, Ethan! Since we're going hiking, how about we bring a portable guitar and find a scenic spot to play and sing along? It'll be a fun and unique experience. [end]"}}, {"from": "GM", "to": "GM", "timestamp": "2024-09-12T14:36:43.142559", "action": {"type": "parse", "content": "[reason] Ethan has shared his interests, and I appreciate his openness to other ideas. I'll suggest an activity that aligns with both our interests. [end]\n\n[sentiment] Continue Conversation [end]\n\n[response] That's awesome, Ethan! Since we're going hiking, how about we bring a portable guitar and find a scenic spot to play and sing along? It'll be a fun and unique experience. [end] conforms to rules"}}, {"from": "GM", "to": "GM", "timestamp": "2024-09-12T14:36:43.142559", "action": {"type": "mismatch location agreement", "content": "no location agreement, mismatched sentiment"}}], [{"from": "GM", "to": "Player 1", "timestamp": "2024-09-12T14:36:43.142559", "action": {"type": "send message", "content": "Chloe Kim 's Message:  That's awesome, Ethan! Since we're going hiking, how about we bring a portable guitar and find a scenic spot to play and sing along? It'll be a fun and unique experience. [end]\n"}}, {"from": "Player 1", "to": "GM", "timestamp": "2024-09-12T14:36:45.302504", "action": {"type": "get message", "content": "[reason] I'm thrilled that Chloe suggested incorporating my love for guitar into our date. This will make our hike even more enjoyable and memorable. [end]\n\n[sentiment] Agreement on Action [end]\n\n[response] Chloe, that's a fantastic idea! I can't wait to share my love for music with you in such a beautiful setting. It seems like we've found the perfect plan for our first date. [end]\n\n[sentiment] Overall Agreement [end]\n\n[response] I'm really looking forward to our hiking and coffee date, Chloe. It's been a pleasure planning this with you, and I can't wait to meet you in person. [end]"}}, {"from": "GM", "to": "GM", "timestamp": "2024-09-12T14:36:45.303483", "action": {"type": "parse", "content": "[reason] I'm thrilled that Chloe suggested incorporating my love for guitar into our date. This will make our hike even more enjoyable and memorable. [end]\n\n[sentiment] Agreement on Action [end]\n\n[response] Chloe, that's a fantastic idea! I can't wait to share my love for music with you in such a beautiful setting. It seems like we've found the perfect plan for our first date. [end]\n\n[sentiment] Overall Agreement [end]\n\n[response] I'm really looking forward to our hiking and coffee date, Chloe. It's been a pleasure planning this with you, and I can't wait to meet you in person. [end] conforms to rules"}}], [{"from": "GM", "to": "Player 2", "timestamp": "2024-09-12T14:36:45.303483", "action": {"type": "send message", "content": "Ethan Cooper 's Message:  Chloe, that's a fantastic idea! I can't wait to share my love for music with you in such a beautiful setting. It seems like we've found the perfect plan for our first date. [end]\n\n[sentiment] Overall Agreement [end]\n\n[response] I'm really looking forward to our hiking and coffee date, Chloe. It's been a pleasure planning this with you, and I can't wait to meet you in person. [end]\n"}}, {"from": "Player 2", "to": "GM", "timestamp": "2024-09-12T14:36:46.622352", "action": {"type": "get message", "content": "[reason] Ethan is excited about our plan, and I'm thrilled to have found an overall agreement for our first date. [end]\n\n[sentiment] Overall Agreement [end]\n\n[response] I'm so glad we could find the perfect plan for our first date, Ethan. I can't wait to meet you and enjoy our hiking and coffee adventure together. [end]"}}, {"from": "GM", "to": "GM", "timestamp": "2024-09-12T14:36:46.622352", "action": {"type": "parse", "content": "[reason] Ethan is excited about our plan, and I'm thrilled to have found an overall agreement for our first date. [end]\n\n[sentiment] Overall Agreement [end]\n\n[response] I'm so glad we could find the perfect plan for our first date, Ethan. I can't wait to meet you and enjoy our hiking and coffee adventure together. [end] conforms to rules"}}, {"from": "GM", "to": "GM", "timestamp": "2024-09-12T14:36:46.623353", "action": {"type": "mismatch action agreement", "content": "no action agreement, mismatched sentiment"}}], [{"from": "GM", "to": "Player 1", "timestamp": "2024-09-12T14:36:46.623353", "action": {"type": "send message", "content": "Chloe Kim 's Message:  I'm so glad we could find the perfect plan for our first date, Ethan. I can't wait to meet you and enjoy our hiking and coffee adventure together. [end]\n"}}, {"from": "Player 1", "to": "GM", "timestamp": "2024-09-12T14:36:47.960876", "action": {"type": "get message", "content": "[sentiment] Overall Agreement [end]\n\n[response] I'm truly excited for our first date, Chloe. It's been a pleasure getting to know you, and I'm looking forward to creating wonderful memories together. See you soon! [end]"}}, {"from": "GM", "to": "GM", "timestamp": "2024-09-12T14:36:47.960876", "action": {"type": "invalid format: pattern", "content": "invalid format: pattern, reprompt needed"}}, {"from": "GM", "to": "Player 1", "timestamp": "2024-09-12T14:36:47.961873", "action": {"type": "reprompt", "content": "Your answer does not follow the following template: \n\n[reason] Your reason for your decision. [end]\n\n[sentiment] Choose one of the following: \"Found Agreement\", \"Continue Conversation\" [end]\n\n[response] Your response to the other player. This can include your sentiment, opinion, alternative. [end]\n\nYour answer for [response] must NOT exceed 100 tokens.\n\nTry again and DO NOT APOLOGIZE OR WHATEVER. JUST USE THE PATTERN\"\"\"\n"}}, {"from": "Player 1", "to": "GM", "timestamp": "2024-09-12T14:36:49.204871", "action": {"type": "get message", "content": "[reason] Chloe and I have successfully agreed on all aspects of our first date. [end]\n\n[sentiment] Overall Agreement [end]\n\n[response] I'm genuinely excited for our first date, Chloe. It's been a pleasure getting to know you, and I can't wait to create wonderful memories together. See you soon! [end]"}}, {"from": "GM", "to": "GM", "timestamp": "2024-09-12T14:36:49.205876", "action": {"type": "parse", "content": "[reason] Chloe and I have successfully agreed on all aspects of our first date. [end]\n\n[sentiment] Overall Agreement [end]\n\n[response] I'm genuinely excited for our first date, Chloe. It's been a pleasure getting to know you, and I can't wait to create wonderful memories together. See you soon! [end] conforms to rules"}}, {"from": "GM", "to": "GM", "timestamp": "2024-09-12T14:36:49.205876", "action": {"type": "overall agreement", "content": "game successful"}}]], "max_turns": 15, "completed_turns": 9, "time_agreement": false, "location_agreement": false, "action_agreement": false}