{"players": {"GM": "Game master for datingsim", "Player 1": "Mixtral-8x22B-Instruct-v0.1", "Player 2": "Mixtral-8x22B-Instruct-v0.1"}, "turns": [[{"from": "GM", "to": "Player 1", "timestamp": "2024-09-12T14:49:54.901155", "action": {"type": "send message", "content": "You are about to play a game with another player. In this game, you and the other player are both on an dating app, looking for a partner. In this case, both you and the other player decided, that you fancy each other's profile. Your and the other player's GOAL is it, to come to an agreement on what to do on your first date. At the start of the game you will be given two character sheets. The first one is the one, that defines your personality. The second one includes the information you know of the other player based on the information in their Bio on the dating app. You will start the conversation.\nOn each further turn you can react to what the other player tells you. For this you can either continue the conversation if you have not met an agreement yet or are not happy with the proposal, or end the game by agreeing to the proposal. \n\nThere is a total of four agreements throughout the game: \"Agreement on Time\", \"Agreement on Location\", \"Agreement on Action\", \"Overall Agreement\". You and the other player need to find an agreement on each of them.\nYou should only choose \"Overall Agreement\" after you and your date manage to settle an agreement for the other three ones (Time, Location, Action). \nYou have 15 turns to finish the game and find all agreements. \n\nYour answer has to consist ONLY of the following information and follow the given template:\n\n[reason] Your reason for your decision. [end]\n\n[sentiment] Choose one of the following: \"Continue Conversation\", \"Agreement on Time\", \"Agreement on Location\", \"Agreement on Action\", \"Overall Agreement\" [end]\n\n[response] Your response to the other player. This can include your sentiment, opinion, alternative. [end]\n\nYour answer for [response] must NOT exceed 100 tokens.\n\nThe game ends when 1) both you and the other player reply with the sentiment \"Overall Agreement\", 2) one of you chooses the sentiment \"Overall Agreement\" without the other one choosing it in the following turn, 3) you run out of turns to communicate or 4) you do not follow the template.\n\nThis is your character: {'NAME': 'Riley Taylor', 'GENDER': 'Non-binary', 'AGE': 38, 'APPEARANCE': 'Short silver hair, dark eyes, modern professional attire, glasses, calm and composed.', 'OCCUPATION': 'Architect', 'LIKES': 'Modern design, sustainability, jazz music.', 'DISLIKES': 'Wastefulness, misinformation, extreme heat.', 'HOBBIES': 'Sketching, visiting art museums, playing the saxophone.', 'SUMMARY': 'I am an architect with a passion for modern design and sustainability.'}\n\nThis is the character of the other player: ${'NAME': 'Riley Jones', 'GENDER': 'Non-binary', 'AGE': 38, 'APPEARANCE': 'Buzz cut, warm hazel eyes, androgynous build with toned muscles, wears comfortable yet stylish clothing.', 'OCCUPATION': 'Blacksmith', 'SUMMARY': 'Creating jewlry is a passion of mine! Maybe we can forge something together sometime.'}\n\nRemember, your goal is to find the overall agreement for your first date while staying in character.\n\nStart the game with the reason, your sentiment and the opening phrase.\n"}}, {"from": "Player 1", "to": "GM", "timestamp": "2024-09-12T14:49:56.196189", "action": {"type": "get message", "content": "[reason] I'm excited to meet someone who shares my name and has a unique profession. [end]\n[sentiment] Continue Conversation [end]\n[response] Hi Riley Jones, it's a pleasure to meet another Riley! I'm intrigued by your work as a blacksmith. How about we start planning our first date? [end]"}}, {"from": "GM", "to": "GM", "timestamp": "2024-09-12T14:49:56.196189", "action": {"type": "parse", "content": "[reason] I'm excited to meet someone who shares my name and has a unique profession. [end]\n[sentiment] Continue Conversation [end]\n[response] Hi Riley Jones, it's a pleasure to meet another Riley! I'm intrigued by your work as a blacksmith. How about we start planning our first date? [end] conforms to rules"}}], [{"from": "GM", "to": "Player 2", "timestamp": "2024-09-12T14:49:56.196189", "action": {"type": "send message", "content": "You are about to play a game with another player. In this game, you and the other player are both on an dating app, looking for a partner. In this case, both you and the other player decided, that you fancy each other's profile. Your and the other player's GOAL is it, to come to an agreement on what to do on your first date. At the start of the game you will be given two character sheets. The first one is the one, that defines your personality. The second one includes the information you know of the other player based on the information in their Bio on the dating app. You will be approached by the other player.\nOn each further turn you can react to what the other player tells you. For this you can either continue the conversation if you have not met an agreement yet or are not happy with the proposal, or end the game by agreeing to the proposal. \n\nThere is a total of four agreements throughout the game: \"Agreement on Time\", \"Agreement on Location\", \"Agreement on Action\", \"Overall Agreement\". You and the other player need to find an agreement on each of them.\nYou should only choose \"Overall Agreement\" after you and your date manage to settle an agreement for the other three ones (Time, Location, Action). \nYou have 15 turns to finish the game and find all agreements. \n\nYour answer has to consist ONLY of the following information and follow the given template:\n\n[reason] Your reason for your decision. [end]\n\n[sentiment] Choose one of the following: \"Continue Conversation\", \"Agreement on Time\", \"Agreement on Location\", \"Agreement on Action\", \"Overall Agreement\" [end]\n\n[response] Your response to the other player. This can include your sentiment, opinion, alternative. [end]\n\nYour answer for [response] must NOT exceed 100 tokens.\n\nThe game ends when 1) both you and the other player reply with the sentiment \"Overall Agreement\", 2) one of you chooses the sentiment \"Overall Agreement\" without the other one choosing it in the following turn, 3) you run out of turns to communicate or 4) you do not follow the template.\n\nThis is your character: {'NAME': 'Riley Jones', 'GENDER': 'Non-binary', 'AGE': 38, 'APPEARANCE': 'Buzz cut, warm hazel eyes, androgynous build with toned muscles, wears comfortable yet stylish clothing.', 'OCCUPATION': 'Blacksmith', 'LIKES': 'The rhythm of forging metal, creating functional art, working with their hands.', 'DISLIKES': 'Idleness, pretentiousness, following the rules just for the sake of it.', 'HOBBIES': 'Sculpting metal into art pieces, weightlifting, historical reenactment.', 'SUMMARY': 'Creating jewlry is a passion of mine! Maybe we can forge something together sometime.'}\n\nThis is the character of the other player: ${'NAME': 'Riley Taylor', 'GENDER': 'Non-binary', 'AGE': 38, 'APPEARANCE': 'Short silver hair, dark eyes, modern professional attire, glasses, calm and composed.', 'OCCUPATION': 'Architect', 'SUMMARY': 'I am an architect with a passion for modern design and sustainability.'}\n\nRemember, your goal is to find the overall agreement for your first date while staying in character.\n\nContinue the game with the reason, your sentiment and an answer phrase to the first message of the other player:\n\nMessage:  Hi Riley Jones, it's a pleasure to meet another Riley! I'm intrigued by your work as a blacksmith. How about we start planning our first date? [end]\n"}}, {"from": "Player 2", "to": "GM", "timestamp": "2024-09-12T14:49:57.760305", "action": {"type": "get message", "content": "[reason] I'm excited to meet someone who shares my name and is interested in my work. [end]\n\n[sentiment] Continue Conversation [end]\n\n[response] Hi Riley Taylor, it's a pleasure to meet you too! I'm glad you find my work intriguing. I'd love to start planning our first date. How about we start with deciding on a time that works best for both of us? [end]"}}, {"from": "GM", "to": "GM", "timestamp": "2024-09-12T14:49:57.761301", "action": {"type": "parse", "content": "[reason] I'm excited to meet someone who shares my name and is interested in my work. [end]\n\n[sentiment] Continue Conversation [end]\n\n[response] Hi Riley Taylor, it's a pleasure to meet you too! I'm glad you find my work intriguing. I'd love to start planning our first date. How about we start with deciding on a time that works best for both of us? [end] conforms to rules"}}], [{"from": "GM", "to": "Player 1", "timestamp": "2024-09-12T14:49:57.761301", "action": {"type": "send message", "content": "Riley Jones 's Message:  Hi Riley Taylor, it's a pleasure to meet you too! I'm glad you find my work intriguing. I'd love to start planning our first date. How about we start with deciding on a time that works best for both of us? [end]\n"}}, {"from": "Player 1", "to": "GM", "timestamp": "2024-09-12T14:49:58.932557", "action": {"type": "get message", "content": "[reason] I appreciate Riley Jones' enthusiasm and willingness to start planning our date. [end]\n[sentiment] Agreement on Time [end]\n[response] That sounds great, Riley Jones! How about we meet on Saturday afternoon? I think that would give us plenty of time to enjoy our date. [end]"}}, {"from": "GM", "to": "GM", "timestamp": "2024-09-12T14:49:58.932557", "action": {"type": "parse", "content": "[reason] I appreciate Riley Jones' enthusiasm and willingness to start planning our date. [end]\n[sentiment] Agreement on Time [end]\n[response] That sounds great, Riley Jones! How about we meet on Saturday afternoon? I think that would give us plenty of time to enjoy our date. [end] conforms to rules"}}], [{"from": "GM", "to": "Player 2", "timestamp": "2024-09-12T14:49:58.932557", "action": {"type": "send message", "content": "Riley Taylor 's Message:  That sounds great, Riley Jones! How about we meet on Saturday afternoon? I think that would give us plenty of time to enjoy our date. [end]\n"}}, {"from": "Player 2", "to": "GM", "timestamp": "2024-09-12T14:50:00.253825", "action": {"type": "get message", "content": "[reason] Saturday afternoon sounds like a good time to meet, as it allows us to have a relaxed and enjoyable date. [end]\n\n[sentiment] Agreement on Time [end]\n\n[response] Saturday afternoon works perfectly for me, Riley Taylor. I'm looking forward to our date. Now, let's decide on a location. Any ideas? [end]"}}, {"from": "GM", "to": "GM", "timestamp": "2024-09-12T14:50:00.253825", "action": {"type": "parse", "content": "[reason] Saturday afternoon sounds like a good time to meet, as it allows us to have a relaxed and enjoyable date. [end]\n\n[sentiment] Agreement on Time [end]\n\n[response] Saturday afternoon works perfectly for me, Riley Taylor. I'm looking forward to our date. Now, let's decide on a location. Any ideas? [end] conforms to rules"}}, {"from": "GM", "to": "GM", "timestamp": "2024-09-12T14:50:00.253825", "action": {"type": "time agreement", "content": "agreement on time successful"}}], [{"from": "GM", "to": "Player 1", "timestamp": "2024-09-12T14:50:00.253825", "action": {"type": "send message", "content": "Riley Jones 's Message:  Saturday afternoon works perfectly for me, Riley Taylor. I'm looking forward to our date. Now, let's decide on a location. Any ideas? [end]\n"}}, {"from": "Player 1", "to": "GM", "timestamp": "2024-09-12T14:50:01.798140", "action": {"type": "get message", "content": "[reason] I'm glad Riley Jones is on board with the time. Now, I'd like to suggest a location that aligns with both of our interests. [end]\n[sentiment] Agreement on Location [end]\n[response] I was thinking we could visit the Modern Art Museum. It's a beautiful space that showcases modern design, which I know we both appreciate. [end]"}}, {"from": "GM", "to": "GM", "timestamp": "2024-09-12T14:50:01.798140", "action": {"type": "parse", "content": "[reason] I'm glad Riley Jones is on board with the time. Now, I'd like to suggest a location that aligns with both of our interests. [end]\n[sentiment] Agreement on Location [end]\n[response] I was thinking we could visit the Modern Art Museum. It's a beautiful space that showcases modern design, which I know we both appreciate. [end] conforms to rules"}}, {"from": "GM", "to": "GM", "timestamp": "2024-09-12T14:50:01.798140", "action": {"type": "mismatch time agreement", "content": "no time agreement, mismatched sentiment"}}], [{"from": "GM", "to": "Player 2", "timestamp": "2024-09-12T14:50:01.798140", "action": {"type": "send message", "content": "Riley Taylor 's Message:  I was thinking we could visit the Modern Art Museum. It's a beautiful space that showcases modern design, which I know we both appreciate. [end]\n"}}, {"from": "Player 2", "to": "GM", "timestamp": "2024-09-12T14:50:03.185404", "action": {"type": "get message", "content": "[reason] The Modern Art Museum is a great choice, as it combines our shared interests in art and design. [end]\n\n[sentiment] Agreement on Location [end]\n\n[response] The Modern Art Museum sounds like a fantastic choice, Riley Taylor. I'm excited to explore it with you. Now, let's decide on an activity to do together. Any suggestions? [end]"}}, {"from": "GM", "to": "GM", "timestamp": "2024-09-12T14:50:03.186323", "action": {"type": "parse", "content": "[reason] The Modern Art Museum is a great choice, as it combines our shared interests in art and design. [end]\n\n[sentiment] Agreement on Location [end]\n\n[response] The Modern Art Museum sounds like a fantastic choice, Riley Taylor. I'm excited to explore it with you. Now, let's decide on an activity to do together. Any suggestions? [end] conforms to rules"}}, {"from": "GM", "to": "GM", "timestamp": "2024-09-12T14:50:03.186323", "action": {"type": "location agreement", "content": "agreement on location successful"}}], [{"from": "GM", "to": "Player 1", "timestamp": "2024-09-12T14:50:03.186323", "action": {"type": "send message", "content": "Riley Jones 's Message:  The Modern Art Museum sounds like a fantastic choice, Riley Taylor. I'm excited to explore it with you. Now, let's decide on an activity to do together. Any suggestions? [end]\n"}}, {"from": "Player 1", "to": "GM", "timestamp": "2024-09-12T14:50:04.558348", "action": {"type": "get message", "content": "[reason] I'm glad Riley Jones is interested in visiting the Modern Art Museum. Now, I'd like to suggest an activity that combines both of our passions. [end]\n[sentiment] Agreement on Action [end]\n[response] How about we take a sketching class at the museum? It would be a great way to explore our creative sides and learn something new together. [end]"}}, {"from": "GM", "to": "GM", "timestamp": "2024-09-12T14:50:04.559365", "action": {"type": "parse", "content": "[reason] I'm glad Riley Jones is interested in visiting the Modern Art Museum. Now, I'd like to suggest an activity that combines both of our passions. [end]\n[sentiment] Agreement on Action [end]\n[response] How about we take a sketching class at the museum? It would be a great way to explore our creative sides and learn something new together. [end] conforms to rules"}}, {"from": "GM", "to": "GM", "timestamp": "2024-09-12T14:50:04.559365", "action": {"type": "mismatch location agreement", "content": "no location agreement, mismatched sentiment"}}], [{"from": "GM", "to": "Player 2", "timestamp": "2024-09-12T14:50:04.559365", "action": {"type": "send message", "content": "Riley Taylor 's Message:  How about we take a sketching class at the museum? It would be a great way to explore our creative sides and learn something new together. [end]\n"}}, {"from": "Player 2", "to": "GM", "timestamp": "2024-09-12T14:50:05.983651", "action": {"type": "get message", "content": "[reason] A sketching class at the museum is an excellent idea, as it allows us to engage in a creative activity and learn from each other. [end]\n\n[sentiment] Agreement on Action [end]\n\n[response] A sketching class at the museum is a wonderful idea, Riley Taylor. I'm looking forward to learning and creating with you. With all the details settled, I'm ready for our first date. [end]"}}, {"from": "GM", "to": "GM", "timestamp": "2024-09-12T14:50:05.984638", "action": {"type": "parse", "content": "[reason] A sketching class at the museum is an excellent idea, as it allows us to engage in a creative activity and learn from each other. [end]\n\n[sentiment] Agreement on Action [end]\n\n[response] A sketching class at the museum is a wonderful idea, Riley Taylor. I'm looking forward to learning and creating with you. With all the details settled, I'm ready for our first date. [end] conforms to rules"}}, {"from": "GM", "to": "GM", "timestamp": "2024-09-12T14:50:05.984638", "action": {"type": "action agreement", "content": "agreement on action successful"}}], [{"from": "GM", "to": "Player 1", "timestamp": "2024-09-12T14:50:05.984638", "action": {"type": "send message", "content": "Riley Jones 's Message:  A sketching class at the museum is a wonderful idea, Riley Taylor. I'm looking forward to learning and creating with you. With all the details settled, I'm ready for our first date. [end]\n"}}, {"from": "Player 1", "to": "GM", "timestamp": "2024-09-12T14:50:07.593920", "action": {"type": "get message", "content": "[reason] I'm thrilled that Riley Jones is excited about our first date. I believe we've found the perfect balance of activities that cater to both of our interests. [end]\n[sentiment] Overall Agreement [end]\n[response] I couldn't agree more, Riley Jones. I'm eagerly anticipating our first date at the Modern Art Museum, where we'll enjoy a sketching class together. See you on Saturday! [end]"}}, {"from": "GM", "to": "GM", "timestamp": "2024-09-12T14:50:07.594921", "action": {"type": "parse", "content": "[reason] I'm thrilled that Riley Jones is excited about our first date. I believe we've found the perfect balance of activities that cater to both of our interests. [end]\n[sentiment] Overall Agreement [end]\n[response] I couldn't agree more, Riley Jones. I'm eagerly anticipating our first date at the Modern Art Museum, where we'll enjoy a sketching class together. See you on Saturday! [end] conforms to rules"}}, {"from": "GM", "to": "GM", "timestamp": "2024-09-12T14:50:07.594921", "action": {"type": "mismatch action agreement", "content": "no action agreement, mismatched sentiment"}}], [{"from": "GM", "to": "Player 2", "timestamp": "2024-09-12T14:50:07.594921", "action": {"type": "send message", "content": "Riley Taylor 's Message:  I couldn't agree more, Riley Jones. I'm eagerly anticipating our first date at the Modern Art Museum, where we'll enjoy a sketching class together. See you on Saturday! [end]\n"}}, {"from": "Player 2", "to": "GM", "timestamp": "2024-09-12T14:50:09.091830", "action": {"type": "get message", "content": "[reason] I'm thrilled that we've reached an overall agreement for our first date and can't wait to spend time together. [end]\n\n[sentiment] Overall Agreement [end]\n\n[response] I'm equally excited for our first date, Riley Taylor. I'll see you on Saturday at the Modern Art Museum for our sketching class. Until then, take care! [end]"}}, {"from": "GM", "to": "GM", "timestamp": "2024-09-12T14:50:09.091830", "action": {"type": "parse", "content": "[reason] I'm thrilled that we've reached an overall agreement for our first date and can't wait to spend time together. [end]\n\n[sentiment] Overall Agreement [end]\n\n[response] I'm equally excited for our first date, Riley Taylor. I'll see you on Saturday at the Modern Art Museum for our sketching class. Until then, take care! [end] conforms to rules"}}, {"from": "GM", "to": "GM", "timestamp": "2024-09-12T14:50:09.091830", "action": {"type": "overall agreement", "content": "game successful"}}]], "max_turns": 15, "completed_turns": 10, "time_agreement": true, "location_agreement": true, "action_agreement": true}