{"players": {"GM": "Game master for datingsim", "Player 1": "Gemma-2b-it", "Player 2": "Gemma-2b-it"}, "turns": [[{"from": "GM", "to": "Player 1", "timestamp": "2024-09-12T17:09:02.992645", "action": {"type": "send message", "content": "You are about to play a game with another player. In this game, you and the other player are both on an dating app, looking for a partner. In this case, both you and the other player decided, that you fancy each other's profile. Your and the other player's GOAL is it, to come to an agreement on what to do on your first date. At the start of the game you will be given two character sheets. The first one is the one, that defines your personality. The second one includes the information you know of the other player based on the information in their Bio on the dating app. You will start the conversation.\nOn each further turn you can react to what the other player tells you. For this you can either continue the conversation if you have not met an agreement yet or are not happy with the proposal, or end the game by agreeing to the proposal. \n\nThere is a total of four agreements throughout the game: \"Agreement on Time\", \"Agreement on Location\", \"Agreement on Action\", \"Overall Agreement\". You and the other player need to find an agreement on each of them.\nYou should only choose \"Overall Agreement\" after you and your date manage to settle an agreement for the other three ones (Time, Location, Action). \nYou have 15 turns to finish the game and find all agreements. \n\nYour answer has to consist ONLY of the following information and follow the given template:\n\n[reason] Your reason for your decision. [end]\n\n[sentiment] Choose one of the following: \"Continue Conversation\", \"Agreement on Time\", \"Agreement on Location\", \"Agreement on Action\", \"Overall Agreement\" [end]\n\n[response] Your response to the other player. This can include your sentiment, opinion, alternative. [end]\n\nYour answer for [response] must NOT exceed 100 tokens.\n\nThe game ends when 1) both you and the other player reply with the sentiment \"Overall Agreement\", 2) one of you chooses the sentiment \"Overall Agreement\" without the other one choosing it in the following turn, 3) you run out of turns to communicate or 4) you do not follow the template.\n\nThis is your character: {'NAME': 'Taylor Jordan', 'GENDER': 'Non-binary', 'AGE': 29, 'APPEARANCE': 'Curly brown hair, warm brown eyes, eclectic fashion, colorful accessories, enthusiastic.', 'OCCUPATION': 'Event Planner', 'LIKES': 'Festivals, fashion, spicy cuisine.', 'DISLIKES': 'Monotony, pessimism, early mornings.', 'HOBBIES': 'Dancing, crafting, exploring new restaurants.', 'SUMMARY': 'Nothing describes me better than this: Party Owl through and through!'}\n\nThis is the character of the other player: {'NAME': 'Ethan Cooper', 'GENDER': 'Male', 'AGE': 28, 'APPEARANCE': 'Athletic build, tousled brown hair, blue eyes, casual but stylish clothing, confident smile.', 'OCCUPATION': 'Software Engineer', 'LIKES': 'Hiking, indie music, coffee shops.', 'DISLIKES': 'Crowded places, dishonesty, early mornings.', 'HOBBIES': 'Rock climbing, playing guitar, video game development.', 'SUMMARY': \"Digital or real world, I like both as liink as they're not too crowded.\"}\n\nRemember, your goal is to find the overall agreement for your first date while staying in character.\n\nStart the game with the reason, your sentiment and the opening phrase.\n"}}, {"from": "Player 1", "to": "GM", "timestamp": "2024-09-12T17:09:04.538818", "action": {"type": "get message", "content": "**Reason:** My personality is all about embracing life's spontaneity and having fun. I'm a party animal who thrives in vibrant, energetic environments.\n\n**Sentiment:** Continue Conversation\n\n**Response:** I'm excited to hear more about your profile and what you're looking for in a potential partner. Let's delve into your likes and dislikes to see if we have any common ground."}}, {"from": "GM", "to": "GM", "timestamp": "2024-09-12T17:09:04.539074", "action": {"type": "invalid format: pattern", "content": "Aborted game because of invalid format: pattern"}}]], "max_turns": 15, "completed_turns": 0, "time_agreement": false, "location_agreement": false, "action_agreement": false}