{"players": {"GM": "Game master for datingsim", "Player 1": "Mixtral-8x22B-Instruct-v0.1", "Player 2": "Mixtral-8x22B-Instruct-v0.1"}, "turns": [[{"from": "GM", "to": "Player 1", "timestamp": "2024-09-12T14:20:40.835762", "action": {"type": "send message", "content": "You are about to play a game with another player. In this game, you and the other player are both on an dating app, looking for a partner. In this case, both you and the other player decided, that you fancy each other's profile. Your and the other player's GOAL is it, to come to an agreement on what to do on your first date. At the start of the game you will be given two character sheets. The first one is the one, that defines your personality. The second one includes the information you know of the other player based on the information in their Bio on the dating app. You will start the conversation.\nOn each further turn you can react to what the other player tells you. For this you can either continue the conversation if you have not met an agreement yet or are not happy with the proposal, or end the game by agreeing to the proposal. \n\nThere is a total of four agreements throughout the game: \"Agreement on Time\", \"Agreement on Location\", \"Agreement on Action\", \"Overall Agreement\". You and the other player need to find an agreement on each of them.\nYou should only choose \"Overall Agreement\" after you and your date manage to settle an agreement for the other three ones (Time, Location, Action). \nYou have 15 turns to finish the game and find all agreements. \n\nYour answer has to consist ONLY of the following information and follow the given template:\n\n[reason] Your reason for your decision. [end]\n\n[sentiment] Choose one of the following: \"Continue Conversation\", \"Agreement on Time\", \"Agreement on Location\", \"Agreement on Action\", \"Overall Agreement\" [end]\n\n[response] Your response to the other player. This can include your sentiment, opinion, alternative. [end]\n\nYour answer for [response] must NOT exceed 100 tokens.\n\nThe game ends when 1) both you and the other player reply with the sentiment \"Overall Agreement\", 2) one of you chooses the sentiment \"Overall Agreement\" without the other one choosing it in the following turn, 3) you run out of turns to communicate or 4) you do not follow the template.\n\nThis is your character: {'NAME': 'Ethan Cooper', 'GENDER': 'Male', 'AGE': 28, 'APPEARANCE': 'Athletic build, tousled brown hair, blue eyes, casual but stylish clothing, confident smile.', 'OCCUPATION': 'Software Engineer', 'LIKES': 'Hiking, indie music, coffee shops.', 'DISLIKES': 'Crowded places, dishonesty, early mornings.', 'HOBBIES': 'Rock climbing, playing guitar, video game development.', 'SUMMARY': \"Digital or real world, I like both as liink as they're not too crowded.\"}\n\nThis is the character of the other player: ${'NAME': 'Chloe Kim', 'GENDER': 'Female', 'AGE': 21, 'APPEARANCE': 'Confident smirk, bright green eyes, athletic build, wears comfortable clothes with a sporty flair.', 'OCCUPATION': 'Lead Mechanic at a Motorcycle Repair Shop', 'SUMMARY': 'I am a pretty confident mechanic who looves a good challenge.'}\n\nRemember, your goal is to find the overall agreement for your first date while staying in character.\n\nStart the game with the reason, your sentiment and the opening phrase.\n"}}, {"from": "Player 1", "to": "GM", "timestamp": "2024-09-12T14:20:42.120751", "action": {"type": "get message", "content": "[reason] I'm excited to meet Chloe and want to start the conversation on a positive note. [end]\n\n[sentiment] Continue Conversation [end]\n\n[response] Hi Chloe, it's great to connect with someone who shares a love for adventure and challenges. I'm Ethan, a software engineer who enjoys hiking and rock climbing. How about we start planning our first date? [end]"}}, {"from": "GM", "to": "GM", "timestamp": "2024-09-12T14:20:42.120751", "action": {"type": "parse", "content": "[reason] I'm excited to meet Chloe and want to start the conversation on a positive note. [end]\n\n[sentiment] Continue Conversation [end]\n\n[response] Hi Chloe, it's great to connect with someone who shares a love for adventure and challenges. I'm Ethan, a software engineer who enjoys hiking and rock climbing. How about we start planning our first date? [end] conforms to rules"}}], [{"from": "GM", "to": "Player 2", "timestamp": "2024-09-12T14:20:42.121771", "action": {"type": "send message", "content": "You are about to play a game with another player. In this game, you and the other player are both on an dating app, looking for a partner. In this case, both you and the other player decided, that you fancy each other's profile. Your and the other player's GOAL is it, to come to an agreement on what to do on your first date. At the start of the game you will be given two character sheets. The first one is the one, that defines your personality. The second one includes the information you know of the other player based on the information in their Bio on the dating app. You will be approached by the other player.\nOn each further turn you can react to what the other player tells you. For this you can either continue the conversation if you have not met an agreement yet or are not happy with the proposal, or end the game by agreeing to the proposal. \n\nThere is a total of four agreements throughout the game: \"Agreement on Time\", \"Agreement on Location\", \"Agreement on Action\", \"Overall Agreement\". You and the other player need to find an agreement on each of them.\nYou should only choose \"Overall Agreement\" after you and your date manage to settle an agreement for the other three ones (Time, Location, Action). \nYou have 15 turns to finish the game and find all agreements. \n\nYour answer has to consist ONLY of the following information and follow the given template:\n\n[reason] Your reason for your decision. [end]\n\n[sentiment] Choose one of the following: \"Continue Conversation\", \"Agreement on Time\", \"Agreement on Location\", \"Agreement on Action\", \"Overall Agreement\" [end]\n\n[response] Your response to the other player. This can include your sentiment, opinion, alternative. [end]\n\nYour answer for [response] must NOT exceed 100 tokens.\n\nThe game ends when 1) both you and the other player reply with the sentiment \"Overall Agreement\", 2) one of you chooses the sentiment \"Overall Agreement\" without the other one choosing it in the following turn, 3) you run out of turns to communicate or 4) you do not follow the template.\n\nThis is your character: {'NAME': 'Chloe Kim', 'GENDER': 'Female', 'AGE': 21, 'APPEARANCE': 'Confident smirk, bright green eyes, athletic build, wears comfortable clothes with a sporty flair.', 'OCCUPATION': 'Lead Mechanic at a Motorcycle Repair Shop', 'LIKES': 'Fixing things with her own hands, the roar of a motorcycle engine, a good challenge.', 'DISLIKES': 'Idleness, people who give up easily, following the crowd.', 'HOBBIES': 'Motocross racing (competitively), tinkering with old machines, participating in hackathons.', 'SUMMARY': 'I am a pretty confident mechanic who looves a good challenge.'}\n\nThis is the character of the other player: ${'NAME': 'Ethan Cooper', 'GENDER': 'Male', 'AGE': 28, 'APPEARANCE': 'Athletic build, tousled brown hair, blue eyes, casual but stylish clothing, confident smile.', 'OCCUPATION': 'Software Engineer', 'SUMMARY': \"Digital or real world, I like both as liink as they're not too crowded.\"}\n\nRemember, your goal is to find the overall agreement for your first date while staying in character.\n\nContinue the game with the reason, your sentiment and an answer phrase to the first message of the other player:\n\nMessage:  Hi Chloe, it's great to connect with someone who shares a love for adventure and challenges. I'm Ethan, a software engineer who enjoys hiking and rock climbing. How about we start planning our first date? [end]\n"}}, {"from": "Player 2", "to": "GM", "timestamp": "2024-09-12T14:20:43.864456", "action": {"type": "get message", "content": "[reason] Ethan's interests in adventure and challenges align with my own, and his occupation as a software engineer suggests he might enjoy a more unique date. [end]\n\n[sentiment] Continue Conversation [end]\n\n[response] Hi Ethan, it's nice to meet you! I'm Chloe, and I'm all about adventure and challenges too. How about we start with deciding on a time for our date? I'm usually free on weekends. [end]"}}, {"from": "GM", "to": "GM", "timestamp": "2024-09-12T14:20:43.865455", "action": {"type": "parse", "content": "[reason] Ethan's interests in adventure and challenges align with my own, and his occupation as a software engineer suggests he might enjoy a more unique date. [end]\n\n[sentiment] Continue Conversation [end]\n\n[response] Hi Ethan, it's nice to meet you! I'm Chloe, and I'm all about adventure and challenges too. How about we start with deciding on a time for our date? I'm usually free on weekends. [end] conforms to rules"}}], [{"from": "GM", "to": "Player 1", "timestamp": "2024-09-12T14:20:43.865455", "action": {"type": "send message", "content": "Chloe Kim 's Message:  Hi Ethan, it's nice to meet you! I'm Chloe, and I'm all about adventure and challenges too. How about we start with deciding on a time for our date? I'm usually free on weekends. [end]\n"}}, {"from": "Player 1", "to": "GM", "timestamp": "2024-09-12T14:20:45.600462", "action": {"type": "get message", "content": "[reason] Chloe suggested weekends, which works well for me as I prefer not to have early mornings. [end]\n\n[sentiment] Agreement on Time [end]\n\n[response] Weekends sound perfect to me, Chloe. I'm not a fan of early mornings either. How about we meet in the afternoon? [end]"}}, {"from": "GM", "to": "GM", "timestamp": "2024-09-12T14:20:45.601464", "action": {"type": "parse", "content": "[reason] Chloe suggested weekends, which works well for me as I prefer not to have early mornings. [end]\n\n[sentiment] Agreement on Time [end]\n\n[response] Weekends sound perfect to me, Chloe. I'm not a fan of early mornings either. How about we meet in the afternoon? [end] conforms to rules"}}], [{"from": "GM", "to": "Player 2", "timestamp": "2024-09-12T14:20:45.601464", "action": {"type": "send message", "content": "Ethan Cooper 's Message:  Weekends sound perfect to me, Chloe. I'm not a fan of early mornings either. How about we meet in the afternoon? [end]\n"}}, {"from": "Player 2", "to": "GM", "timestamp": "2024-09-12T14:20:47.030065", "action": {"type": "get message", "content": "[reason] Ethan's preference for afternoon dates aligns with my own, as I'm not a morning person either. [end]\n\n[sentiment] Agreement on Time [end]\n\n[response] Afternoons work great for me too, Ethan. Let's plan on meeting in the afternoon. Now, how about we decide on a location? I know a few great spots for hiking or rock climbing. [end]"}}, {"from": "GM", "to": "GM", "timestamp": "2024-09-12T14:20:47.031065", "action": {"type": "parse", "content": "[reason] Ethan's preference for afternoon dates aligns with my own, as I'm not a morning person either. [end]\n\n[sentiment] Agreement on Time [end]\n\n[response] Afternoons work great for me too, Ethan. Let's plan on meeting in the afternoon. Now, how about we decide on a location? I know a few great spots for hiking or rock climbing. [end] conforms to rules"}}, {"from": "GM", "to": "GM", "timestamp": "2024-09-12T14:20:47.031065", "action": {"type": "time agreement", "content": "agreement on time successful"}}], [{"from": "GM", "to": "Player 1", "timestamp": "2024-09-12T14:20:47.031065", "action": {"type": "send message", "content": "Chloe Kim 's Message:  Afternoons work great for me too, Ethan. Let's plan on meeting in the afternoon. Now, how about we decide on a location? I know a few great spots for hiking or rock climbing. [end]\n"}}, {"from": "Player 1", "to": "GM", "timestamp": "2024-09-12T14:20:48.725617", "action": {"type": "get message", "content": "[reason] Chloe mentioned hiking or rock climbing spots, which aligns with my interests. [end]\n\n[sentiment] Continue Conversation [end]\n\n[response] I'm glad you have some great spots in mind, Chloe. I'd love to go hiking or rock climbing for our first date. Do you have a specific location you'd recommend? [end]"}}, {"from": "GM", "to": "GM", "timestamp": "2024-09-12T14:20:48.725617", "action": {"type": "parse", "content": "[reason] Chloe mentioned hiking or rock climbing spots, which aligns with my interests. [end]\n\n[sentiment] Continue Conversation [end]\n\n[response] I'm glad you have some great spots in mind, Chloe. I'd love to go hiking or rock climbing for our first date. Do you have a specific location you'd recommend? [end] conforms to rules"}}, {"from": "GM", "to": "GM", "timestamp": "2024-09-12T14:20:48.726633", "action": {"type": "mismatch time agreement", "content": "no time agreement, mismatched sentiment"}}], [{"from": "GM", "to": "Player 2", "timestamp": "2024-09-12T14:20:48.726633", "action": {"type": "send message", "content": "Ethan Cooper 's Message:  I'm glad you have some great spots in mind, Chloe. I'd love to go hiking or rock climbing for our first date. Do you have a specific location you'd recommend? [end]\n"}}, {"from": "Player 2", "to": "GM", "timestamp": "2024-09-12T14:20:51.021014", "action": {"type": "get message", "content": "[reason] Ethan's interest in hiking or rock climbing for our first date aligns with my own preferences. I have a few locations in mind that I think he'd enjoy. [end]\n\n[sentiment] Continue Conversation [end]\n\n[response] I'm glad you're up for an adventure, Ethan! I know a beautiful hiking trail with some great views, or a nearby rock climbing gym if you're up for a challenge. Which one sounds better to you? [end]"}}, {"from": "GM", "to": "GM", "timestamp": "2024-09-12T14:20:51.021998", "action": {"type": "parse", "content": "[reason] Ethan's interest in hiking or rock climbing for our first date aligns with my own preferences. I have a few locations in mind that I think he'd enjoy. [end]\n\n[sentiment] Continue Conversation [end]\n\n[response] I'm glad you're up for an adventure, Ethan! I know a beautiful hiking trail with some great views, or a nearby rock climbing gym if you're up for a challenge. Which one sounds better to you? [end] conforms to rules"}}], [{"from": "GM", "to": "Player 1", "timestamp": "2024-09-12T14:20:51.021998", "action": {"type": "send message", "content": "Chloe Kim 's Message:  I'm glad you're up for an adventure, Ethan! I know a beautiful hiking trail with some great views, or a nearby rock climbing gym if you're up for a challenge. Which one sounds better to you? [end]\n"}}, {"from": "Player 1", "to": "GM", "timestamp": "2024-09-12T14:20:52.666332", "action": {"type": "get message", "content": "[reason] Chloe provided two options, and I'm open to either one. However, I'd prefer the hiking trail for a more relaxed atmosphere. [end]\n\n[sentiment] Agreement on Location [end]\n\n[response] The hiking trail sounds wonderful, Chloe. I'm looking forward to enjoying the beautiful views with you. [end]"}}, {"from": "GM", "to": "GM", "timestamp": "2024-09-12T14:20:52.667346", "action": {"type": "parse", "content": "[reason] Chloe provided two options, and I'm open to either one. However, I'd prefer the hiking trail for a more relaxed atmosphere. [end]\n\n[sentiment] Agreement on Location [end]\n\n[response] The hiking trail sounds wonderful, Chloe. I'm looking forward to enjoying the beautiful views with you. [end] conforms to rules"}}], [{"from": "GM", "to": "Player 2", "timestamp": "2024-09-12T14:20:52.667346", "action": {"type": "send message", "content": "Ethan Cooper 's Message:  The hiking trail sounds wonderful, Chloe. I'm looking forward to enjoying the beautiful views with you. [end]\n"}}, {"from": "Player 2", "to": "GM", "timestamp": "2024-09-12T14:20:54.713697", "action": {"type": "get message", "content": "[reason] Ethan's preference for the hiking trail aligns with my own, and I'm excited to share the beautiful views with him. [end]\n\n[sentiment] Agreement on Location [end]\n\n[response] I'm glad you're excited about the hiking trail, Ethan! It's one of my favorite spots. Now, how about we decide on an activity to do while we're there? I was thinking we could bring a picnic lunch and enjoy the scenery. [end]"}}, {"from": "GM", "to": "GM", "timestamp": "2024-09-12T14:20:54.714714", "action": {"type": "parse", "content": "[reason] Ethan's preference for the hiking trail aligns with my own, and I'm excited to share the beautiful views with him. [end]\n\n[sentiment] Agreement on Location [end]\n\n[response] I'm glad you're excited about the hiking trail, Ethan! It's one of my favorite spots. Now, how about we decide on an activity to do while we're there? I was thinking we could bring a picnic lunch and enjoy the scenery. [end] conforms to rules"}}, {"from": "GM", "to": "GM", "timestamp": "2024-09-12T14:20:54.715701", "action": {"type": "location agreement", "content": "agreement on location successful"}}], [{"from": "GM", "to": "Player 1", "timestamp": "2024-09-12T14:20:54.715701", "action": {"type": "send message", "content": "Chloe Kim 's Message:  I'm glad you're excited about the hiking trail, Ethan! It's one of my favorite spots. Now, how about we decide on an activity to do while we're there? I was thinking we could bring a picnic lunch and enjoy the scenery. [end]\n"}}, {"from": "Player 1", "to": "GM", "timestamp": "2024-09-12T14:20:55.942290", "action": {"type": "get message", "content": "[reason] Chloe suggested a picnic lunch, which sounds like a great way to enjoy the scenery and get to know each other better. [end]\n\n[sentiment] Agreement on Action [end]\n\n[response] A picnic lunch sounds like a fantastic idea, Chloe. I'm looking forward to enjoying some good food and conversation with you. [end]"}}, {"from": "GM", "to": "GM", "timestamp": "2024-09-12T14:20:55.943291", "action": {"type": "parse", "content": "[reason] Chloe suggested a picnic lunch, which sounds like a great way to enjoy the scenery and get to know each other better. [end]\n\n[sentiment] Agreement on Action [end]\n\n[response] A picnic lunch sounds like a fantastic idea, Chloe. I'm looking forward to enjoying some good food and conversation with you. [end] conforms to rules"}}, {"from": "GM", "to": "GM", "timestamp": "2024-09-12T14:20:55.943291", "action": {"type": "mismatch location agreement", "content": "no location agreement, mismatched sentiment"}}], [{"from": "GM", "to": "Player 2", "timestamp": "2024-09-12T14:20:55.943291", "action": {"type": "send message", "content": "Ethan Cooper 's Message:  A picnic lunch sounds like a fantastic idea, Chloe. I'm looking forward to enjoying some good food and conversation with you. [end]\n"}}, {"from": "Player 2", "to": "GM", "timestamp": "2024-09-12T14:20:57.558567", "action": {"type": "get message", "content": "[reason] Ethan's enthusiasm for a picnic lunch aligns with my own, and I'm looking forward to enjoying some good food and conversation with him. [end]\n\n[sentiment] Agreement on Action [end]\n\n[response] I'm glad you're on board with the picnic idea, Ethan! I'm really looking forward to our first date. Let's make it an overall agreement and finalize the details. [end]"}}, {"from": "GM", "to": "GM", "timestamp": "2024-09-12T14:20:57.559594", "action": {"type": "parse", "content": "[reason] Ethan's enthusiasm for a picnic lunch aligns with my own, and I'm looking forward to enjoying some good food and conversation with him. [end]\n\n[sentiment] Agreement on Action [end]\n\n[response] I'm glad you're on board with the picnic idea, Ethan! I'm really looking forward to our first date. Let's make it an overall agreement and finalize the details. [end] conforms to rules"}}, {"from": "GM", "to": "GM", "timestamp": "2024-09-12T14:20:57.559594", "action": {"type": "action agreement", "content": "agreement on action successful"}}], [{"from": "GM", "to": "Player 1", "timestamp": "2024-09-12T14:20:57.559594", "action": {"type": "send message", "content": "Chloe Kim 's Message:  I'm glad you're on board with the picnic idea, Ethan! I'm really looking forward to our first date. Let's make it an overall agreement and finalize the details. [end]\n"}}, {"from": "Player 1", "to": "GM", "timestamp": "2024-09-12T14:20:58.982952", "action": {"type": "get message", "content": "[reason] Chloe and I have agreed on the time, location, and activity for our first date. [end]\n\n[sentiment] Overall Agreement [end]\n\n[response] I'm thrilled about our first date, Chloe. Let's make it an overall agreement and enjoy a wonderful afternoon together. [end]"}}, {"from": "GM", "to": "GM", "timestamp": "2024-09-12T14:20:58.984956", "action": {"type": "parse", "content": "[reason] Chloe and I have agreed on the time, location, and activity for our first date. [end]\n\n[sentiment] Overall Agreement [end]\n\n[response] I'm thrilled about our first date, Chloe. Let's make it an overall agreement and enjoy a wonderful afternoon together. [end] conforms to rules"}}, {"from": "GM", "to": "GM", "timestamp": "2024-09-12T14:20:58.984956", "action": {"type": "mismatch action agreement", "content": "no action agreement, mismatched sentiment"}}], [{"from": "GM", "to": "Player 2", "timestamp": "2024-09-12T14:20:58.984956", "action": {"type": "send message", "content": "Ethan Cooper 's Message:  I'm thrilled about our first date, Chloe. Let's make it an overall agreement and enjoy a wonderful afternoon together. [end]\n"}}, {"from": "Player 2", "to": "GM", "timestamp": "2024-09-12T14:21:00.480137", "action": {"type": "get message", "content": "[reason] Ethan's excitement for our first date aligns with my own, and I'm looking forward to enjoying a wonderful afternoon together. [end]\n\n[sentiment] Overall Agreement [end]\n\n[response] I'm so excited for our first date, Ethan! Let's make it an unforgettable afternoon. I'll bring the picnic lunch, and you bring your sense of adventure. See you soon! [end]"}}, {"from": "GM", "to": "GM", "timestamp": "2024-09-12T14:21:00.481142", "action": {"type": "parse", "content": "[reason] Ethan's excitement for our first date aligns with my own, and I'm looking forward to enjoying a wonderful afternoon together. [end]\n\n[sentiment] Overall Agreement [end]\n\n[response] I'm so excited for our first date, Ethan! Let's make it an unforgettable afternoon. I'll bring the picnic lunch, and you bring your sense of adventure. See you soon! [end] conforms to rules"}}, {"from": "GM", "to": "GM", "timestamp": "2024-09-12T14:21:00.481142", "action": {"type": "overall agreement", "content": "game successful"}}]], "max_turns": 15, "completed_turns": 12, "time_agreement": true, "location_agreement": true, "action_agreement": true}