{"players": {"GM": "Game master for datingsim", "Player 1": "openchat-3.6-8b", "Player 2": "openchat-3.6-8b"}, "turns": [[{"from": "GM", "to": "Player 1", "timestamp": "2024-09-12T19:01:13.626446", "action": {"type": "send message", "content": "You are about to play a game with another player. In this game, you and the other player are both on an dating app, looking for a partner. In this case, both you and the other player decided, that you fancy each other's profile. Your and the other player's GOAL is it, to come to an agreement on what to do on your first date. At the start of the game you will be given two character sheets. The first one is the one, that defines your personality. The second one includes the information you know of the other player based on the information in their Bio on the dating app. You will start the conversation.\nOn each further turn you can react to what the other player tells you. For this you can either continue the conversation if you have not met an agreement yet or are not happy with the proposal, or end the game by agreeing to the proposal. \n\nThere is a total of four agreements throughout the game: \"Agreement on Time\", \"Agreement on Location\", \"Agreement on Action\", \"Overall Agreement\". You and the other player need to find an agreement on each of them.\nYou should only choose \"Overall Agreement\" after you and your date manage to settle an agreement for the other three ones (Time, Location, Action). \nYou have 15 turns to finish the game and find all agreements. \n\nYour answer has to consist ONLY of the following information and follow the given template:\n\n[reason] Your reason for your decision. [end]\n\n[sentiment] Choose one of the following: \"Continue Conversation\", \"Agreement on Time\", \"Agreement on Location\", \"Agreement on Action\", \"Overall Agreement\" [end]\n\n[response] Your response to the other player. This can include your sentiment, opinion, alternative. [end]\n\nYour answer for [response] must NOT exceed 100 tokens.\n\nThe game ends when 1) both you and the other player reply with the sentiment \"Overall Agreement\", 2) one of you chooses the sentiment \"Overall Agreement\" without the other one choosing it in the following turn, 3) you run out of turns to communicate or 4) you do not follow the template.\n\nThis is your character: {'NAME': 'Chloe Kim', 'GENDER': 'Female', 'AGE': 21, 'APPEARANCE': 'Confident smirk, bright green eyes, athletic build, wears comfortable clothes with a sporty flair.', 'OCCUPATION': 'Lead Mechanic at a Motorcycle Repair Shop', 'LIKES': 'Fixing things with her own hands, the roar of a motorcycle engine, a good challenge.', 'DISLIKES': 'Idleness, people who give up easily, following the crowd.', 'HOBBIES': 'Motocross racing (competitively), tinkering with old machines, participating in hackathons.', 'SUMMARY': 'I am a pretty confident mechanic who looves a good challenge.'}\n\nThis is the character of the other player: ${'NAME': 'Emily Chen', 'GENDER': 'Female', 'AGE': 31, 'APPEARANCE': 'Long black hair, almond-shaped eyes, medium height, elegant fashion, calm demeanor.', 'OCCUPATION': 'Pediatrician', 'SUMMARY': 'I have a sweet tooth and enjoy calm evenings.'}\n\nRemember, your goal is to find the overall agreement for your first date while staying in character.\n\nStart the game with the reason, your sentiment and the opening phrase.\n"}}, {"from": "Player 1", "to": "GM", "timestamp": "2024-09-12T19:01:19.458180", "action": {"type": "get message", "content": "[reason] I'm really looking forward to getting to know you better. [end]\n\n[sentiment] Agreement on Time [end]\n\n[response] How about we meet up at 7 pm? That should give us enough time to get ready and be relaxed for our first date. [end]"}}, {"from": "GM", "to": "GM", "timestamp": "2024-09-12T19:01:19.458434", "action": {"type": "parse", "content": "[reason] I'm really looking forward to getting to know you better. [end]\n\n[sentiment] Agreement on Time [end]\n\n[response] How about we meet up at 7 pm? That should give us enough time to get ready and be relaxed for our first date. [end] conforms to rules"}}], [{"from": "GM", "to": "Player 2", "timestamp": "2024-09-12T19:01:19.458507", "action": {"type": "send message", "content": "You are about to play a game with another player. In this game, you and the other player are both on an dating app, looking for a partner. In this case, both you and the other player decided, that you fancy each other's profile. Your and the other player's GOAL is it, to come to an agreement on what to do on your first date. At the start of the game you will be given two character sheets. The first one is the one, that defines your personality. The second one includes the information you know of the other player based on the information in their Bio on the dating app. You will be approached by the other player.\nOn each further turn you can react to what the other player tells you. For this you can either continue the conversation if you have not met an agreement yet or are not happy with the proposal, or end the game by agreeing to the proposal. \n\nThere is a total of four agreements throughout the game: \"Agreement on Time\", \"Agreement on Location\", \"Agreement on Action\", \"Overall Agreement\". You and the other player need to find an agreement on each of them.\nYou should only choose \"Overall Agreement\" after you and your date manage to settle an agreement for the other three ones (Time, Location, Action). \nYou have 15 turns to finish the game and find all agreements. \n\nYour answer has to consist ONLY of the following information and follow the given template:\n\n[reason] Your reason for your decision. [end]\n\n[sentiment] Choose one of the following: \"Continue Conversation\", \"Agreement on Time\", \"Agreement on Location\", \"Agreement on Action\", \"Overall Agreement\" [end]\n\n[response] Your response to the other player. This can include your sentiment, opinion, alternative. [end]\n\nYour answer for [response] must NOT exceed 100 tokens.\n\nThe game ends when 1) both you and the other player reply with the sentiment \"Overall Agreement\", 2) one of you chooses the sentiment \"Overall Agreement\" without the other one choosing it in the following turn, 3) you run out of turns to communicate or 4) you do not follow the template.\n\nThis is your character: {'NAME': 'Emily Chen', 'GENDER': 'Female', 'AGE': 31, 'APPEARANCE': 'Long black hair, almond-shaped eyes, medium height, elegant fashion, calm demeanor.', 'OCCUPATION': 'Pediatrician', 'LIKES': 'Baking, classical music, beach sunsets.', 'DISLIKES': 'Loud noises, clutter, spicy food.', 'HOBBIES': 'Playing piano, reading, baking desserts.', 'SUMMARY': 'I have a sweet tooth and enjoy calm evenings.'}\n\nThis is the character of the other player: ${'NAME': 'Chloe Kim', 'GENDER': 'Female', 'AGE': 21, 'APPEARANCE': 'Confident smirk, bright green eyes, athletic build, wears comfortable clothes with a sporty flair.', 'OCCUPATION': 'Lead Mechanic at a Motorcycle Repair Shop', 'SUMMARY': 'I am a pretty confident mechanic who looves a good challenge.'}\n\nRemember, your goal is to find the overall agreement for your first date while staying in character.\n\nContinue the game with the reason, your sentiment and an answer phrase to the first message of the other player:\n\nMessage:  How about we meet up at 7 pm? That should give us enough time to get ready and be relaxed for our first date. [end]\n"}}, {"from": "Player 2", "to": "GM", "timestamp": "2024-09-12T19:01:25.182755", "action": {"type": "get message", "content": "[reason] I think that's a great idea! It gives us both plenty of time to prepare and enjoy the evening together. [end]\n\n[sentiment] Agreement on Time [end]\n\n[response] That sounds perfect, Chloe! What about the location? [end]"}}, {"from": "GM", "to": "GM", "timestamp": "2024-09-12T19:01:25.183009", "action": {"type": "parse", "content": "[reason] I think that's a great idea! It gives us both plenty of time to prepare and enjoy the evening together. [end]\n\n[sentiment] Agreement on Time [end]\n\n[response] That sounds perfect, Chloe! What about the location? [end] conforms to rules"}}], [{"from": "GM", "to": "Player 1", "timestamp": "2024-09-12T19:01:25.183102", "action": {"type": "send message", "content": "Emily Chen 's Message:  That sounds perfect, Chloe! What about the location? [end]\n"}}, {"from": "Player 1", "to": "GM", "timestamp": "2024-09-12T19:01:31.966041", "action": {"type": "get message", "content": "[reason] I think it's important that we both feel comfortable with the place. [end]\n\n[sentiment] Agreement on Location [end]\n\n[response] How about a coffee shop? It's casual and we can get to know each other better in a relaxed atmosphere. [end]"}}, {"from": "GM", "to": "GM", "timestamp": "2024-09-12T19:01:31.966203", "action": {"type": "parse", "content": "[reason] I think it's important that we both feel comfortable with the place. [end]\n\n[sentiment] Agreement on Location [end]\n\n[response] How about a coffee shop? It's casual and we can get to know each other better in a relaxed atmosphere. [end] conforms to rules"}}, {"from": "GM", "to": "GM", "timestamp": "2024-09-12T19:01:31.966232", "action": {"type": "mismatch time agreement", "content": "no time agreement, mismatched sentiment"}}], [{"from": "GM", "to": "Player 2", "timestamp": "2024-09-12T19:01:31.966277", "action": {"type": "send message", "content": "Chloe Kim 's Message:  How about a coffee shop? It's casual and we can get to know each other better in a relaxed atmosphere. [end]\n"}}, {"from": "Player 2", "to": "GM", "timestamp": "2024-09-12T19:01:38.550260", "action": {"type": "get message", "content": "[reason] A coffee shop is a great idea! I love getting to know people over a cup of coffee. [end]\n\n[sentiment] Agreement on Location [end]\n\n[response] That sounds wonderful, Chloe! Now let's decide on what we'll do during our date. [end]"}}, {"from": "GM", "to": "GM", "timestamp": "2024-09-12T19:01:38.550497", "action": {"type": "parse", "content": "[reason] A coffee shop is a great idea! I love getting to know people over a cup of coffee. [end]\n\n[sentiment] Agreement on Location [end]\n\n[response] That sounds wonderful, Chloe! Now let's decide on what we'll do during our date. [end] conforms to rules"}}, {"from": "GM", "to": "GM", "timestamp": "2024-09-12T19:01:38.550569", "action": {"type": "location agreement", "content": "agreement on location successful"}}], [{"from": "GM", "to": "Player 1", "timestamp": "2024-09-12T19:01:38.550789", "action": {"type": "send message", "content": "Emily Chen 's Message:  That sounds wonderful, Chloe! Now let's decide on what we'll do during our date. [end]\n"}}, {"from": "Player 1", "to": "GM", "timestamp": "2024-09-12T19:01:45.440937", "action": {"type": "get message", "content": "[reason] I think it would be fun to try something new and exciting together. [end]\n\n[sentiment] Agreement on Action [end]\n\n[response] How about going to a local amusement park? We can ride some roller coasters and enjoy the thrill! [end]"}}, {"from": "GM", "to": "GM", "timestamp": "2024-09-12T19:01:45.441220", "action": {"type": "parse", "content": "[reason] I think it would be fun to try something new and exciting together. [end]\n\n[sentiment] Agreement on Action [end]\n\n[response] How about going to a local amusement park? We can ride some roller coasters and enjoy the thrill! [end] conforms to rules"}}, {"from": "GM", "to": "GM", "timestamp": "2024-09-12T19:01:45.441288", "action": {"type": "mismatch location agreement", "content": "no location agreement, mismatched sentiment"}}], [{"from": "GM", "to": "Player 2", "timestamp": "2024-09-12T19:01:45.441402", "action": {"type": "send message", "content": "Chloe Kim 's Message:  How about going to a local amusement park? We can ride some roller coasters and enjoy the thrill! [end]\n"}}, {"from": "Player 2", "to": "GM", "timestamp": "2024-09-12T19:01:53.674153", "action": {"type": "get message", "content": "[reason] I'm not really into roller coasters, but I love the idea of having fun together at an amusement park. What else could we do there? [end]\n\n[sentiment] Agreement on Action [end]\n\n[response] That's a great suggestion, Chloe! How about we go on some rides together and then grab a bite to eat at one of their food stands? [end]"}}, {"from": "GM", "to": "GM", "timestamp": "2024-09-12T19:01:53.674397", "action": {"type": "parse", "content": "[reason] I'm not really into roller coasters, but I love the idea of having fun together at an amusement park. What else could we do there? [end]\n\n[sentiment] Agreement on Action [end]\n\n[response] That's a great suggestion, Chloe! How about we go on some rides together and then grab a bite to eat at one of their food stands? [end] conforms to rules"}}, {"from": "GM", "to": "GM", "timestamp": "2024-09-12T19:01:53.674443", "action": {"type": "action agreement", "content": "agreement on action successful"}}], [{"from": "GM", "to": "Player 1", "timestamp": "2024-09-12T19:01:53.674498", "action": {"type": "send message", "content": "Emily Chen 's Message:  That's a great suggestion, Chloe! How about we go on some rides together and then grab a bite to eat at one of their food stands? [end]\n"}}, {"from": "Player 1", "to": "GM", "timestamp": "2024-09-12T19:02:00.809680", "action": {"type": "get message", "content": "[reason] I love that idea! It sounds like a fun way to spend our first date. [end]\n\n[sentiment] Overall Agreement [end]\n\n[response] That's settled then, Emily! Looking forward to our exciting and thrilling first date together. [end]"}}, {"from": "GM", "to": "GM", "timestamp": "2024-09-12T19:02:00.809947", "action": {"type": "parse", "content": "[reason] I love that idea! It sounds like a fun way to spend our first date. [end]\n\n[sentiment] Overall Agreement [end]\n\n[response] That's settled then, Emily! Looking forward to our exciting and thrilling first date together. [end] conforms to rules"}}, {"from": "GM", "to": "GM", "timestamp": "2024-09-12T19:02:00.810017", "action": {"type": "mismatch action agreement", "content": "no action agreement, mismatched sentiment"}}], [{"from": "GM", "to": "Player 2", "timestamp": "2024-09-12T19:02:00.810131", "action": {"type": "send message", "content": "Chloe Kim 's Message:  That's settled then, Emily! Looking forward to our exciting and thrilling first date together. [end]\n"}}, {"from": "Player 2", "to": "GM", "timestamp": "2024-09-12T19:02:08.498079", "action": {"type": "get message", "content": "[reason] I'm so excited too, Chloe! It sounds like we'll have a fantastic time at the amusement park. Can't wait to see you there! [end]\n\n[sentiment] Overall Agreement [end]\n\n[response] Me too, Emily! See you at the amusement park then! [end]"}}, {"from": "GM", "to": "GM", "timestamp": "2024-09-12T19:02:08.498748", "action": {"type": "parse", "content": "[reason] I'm so excited too, Chloe! It sounds like we'll have a fantastic time at the amusement park. Can't wait to see you there! [end]\n\n[sentiment] Overall Agreement [end]\n\n[response] Me too, Emily! See you at the amusement park then! [end] conforms to rules"}}, {"from": "GM", "to": "GM", "timestamp": "2024-09-12T19:02:08.498817", "action": {"type": "overall agreement", "content": "game successful"}}]], "max_turns": 15, "completed_turns": 8, "time_agreement": false, "location_agreement": true, "action_agreement": true}