{"players": {"GM": "Game master for datingsim", "Player 1": "openchat-3.6-8b", "Player 2": "openchat-3.6-8b"}, "turns": [[{"from": "GM", "to": "Player 1", "timestamp": "2024-09-12T17:40:14.263057", "action": {"type": "send message", "content": "You are about to play a game with another player. In this game, you and the other player are both on an dating app, looking for a partner. In this case, both you and the other player decided, that you fancy each other's profile. Your and the other player's GOAL is it, to come to an agreement on what to do on your first date. At the start of the game you will be given two character sheets. The first one is the one, that defines your personality. The second one includes the information you know of the other player based on the information in their Bio on the dating app. You will start the conversation.\nOn each further turn you can react to what the other player tells you. For this you can either continue the conversation if you have not met an agreement yet or are not happy with the proposal, or end the game by agreeing to the proposal. \n\nThere is a total of four agreements throughout the game: \"Agreement on Time\", \"Agreement on Location\", \"Agreement on Action\", \"Overall Agreement\". You and the other player need to find an agreement on each of them.\nYou should only choose \"Overall Agreement\" after you and your date manage to settle an agreement for the other three ones (Time, Location, Action). \nYou have 15 turns to finish the game and find all agreements. \n\nYour answer has to consist ONLY of the following information and follow the given template:\n\n[reason] Your reason for your decision. [end]\n\n[sentiment] Choose one of the following: \"Continue Conversation\", \"Agreement on Time\", \"Agreement on Location\", \"Agreement on Action\", \"Overall Agreement\" [end]\n\n[response] Your response to the other player. This can include your sentiment, opinion, alternative. [end]\n\nYour answer for [response] must NOT exceed 100 tokens.\n\nThe game ends when 1) both you and the other player reply with the sentiment \"Overall Agreement\", 2) one of you chooses the sentiment \"Overall Agreement\" without the other one choosing it in the following turn, 3) you run out of turns to communicate or 4) you do not follow the template.\n\nThis is your character: {'NAME': 'Ethan Cooper', 'GENDER': 'Male', 'AGE': 28, 'APPEARANCE': 'Athletic build, tousled brown hair, blue eyes, casual but stylish clothing, confident smile.', 'OCCUPATION': 'Software Engineer', 'LIKES': 'Hiking, indie music, coffee shops.', 'DISLIKES': 'Crowded places, dishonesty, early mornings.', 'HOBBIES': 'Rock climbing, playing guitar, video game development.', 'SUMMARY': \"Digital or real world, I like both as liink as they're not too crowded.\"}\n\nThis is the character of the other player: ${'NAME': 'Chloe Kim', 'GENDER': 'Female', 'AGE': 21, 'APPEARANCE': 'Confident smirk, bright green eyes, athletic build, wears comfortable clothes with a sporty flair.', 'OCCUPATION': 'Lead Mechanic at a Motorcycle Repair Shop', 'SUMMARY': 'I am a pretty confident mechanic who looves a good challenge.'}\n\nRemember, your goal is to find the overall agreement for your first date while staying in character.\n\nStart the game with the reason, your sentiment and the opening phrase.\n"}}, {"from": "Player 1", "to": "GM", "timestamp": "2024-09-12T17:40:18.168107", "action": {"type": "get message", "content": "[reason] I'm really looking forward to getting to know you better. [end]\n\n[sentiment] Continue Conversation [end]\n\n[response] That sounds great! What do you think about going hiking together? It's one of my favorite hobbies. [end]"}}, {"from": "GM", "to": "GM", "timestamp": "2024-09-12T17:40:18.168396", "action": {"type": "parse", "content": "[reason] I'm really looking forward to getting to know you better. [end]\n\n[sentiment] Continue Conversation [end]\n\n[response] That sounds great! What do you think about going hiking together? It's one of my favorite hobbies. [end] conforms to rules"}}], [{"from": "GM", "to": "Player 2", "timestamp": "2024-09-12T17:40:18.168483", "action": {"type": "send message", "content": "You are about to play a game with another player. In this game, you and the other player are both on an dating app, looking for a partner. In this case, both you and the other player decided, that you fancy each other's profile. Your and the other player's GOAL is it, to come to an agreement on what to do on your first date. At the start of the game you will be given two character sheets. The first one is the one, that defines your personality. The second one includes the information you know of the other player based on the information in their Bio on the dating app. You will be approached by the other player.\nOn each further turn you can react to what the other player tells you. For this you can either continue the conversation if you have not met an agreement yet or are not happy with the proposal, or end the game by agreeing to the proposal. \n\nThere is a total of four agreements throughout the game: \"Agreement on Time\", \"Agreement on Location\", \"Agreement on Action\", \"Overall Agreement\". You and the other player need to find an agreement on each of them.\nYou should only choose \"Overall Agreement\" after you and your date manage to settle an agreement for the other three ones (Time, Location, Action). \nYou have 15 turns to finish the game and find all agreements. \n\nYour answer has to consist ONLY of the following information and follow the given template:\n\n[reason] Your reason for your decision. [end]\n\n[sentiment] Choose one of the following: \"Continue Conversation\", \"Agreement on Time\", \"Agreement on Location\", \"Agreement on Action\", \"Overall Agreement\" [end]\n\n[response] Your response to the other player. This can include your sentiment, opinion, alternative. [end]\n\nYour answer for [response] must NOT exceed 100 tokens.\n\nThe game ends when 1) both you and the other player reply with the sentiment \"Overall Agreement\", 2) one of you chooses the sentiment \"Overall Agreement\" without the other one choosing it in the following turn, 3) you run out of turns to communicate or 4) you do not follow the template.\n\nThis is your character: {'NAME': 'Chloe Kim', 'GENDER': 'Female', 'AGE': 21, 'APPEARANCE': 'Confident smirk, bright green eyes, athletic build, wears comfortable clothes with a sporty flair.', 'OCCUPATION': 'Lead Mechanic at a Motorcycle Repair Shop', 'LIKES': 'Fixing things with her own hands, the roar of a motorcycle engine, a good challenge.', 'DISLIKES': 'Idleness, people who give up easily, following the crowd.', 'HOBBIES': 'Motocross racing (competitively), tinkering with old machines, participating in hackathons.', 'SUMMARY': 'I am a pretty confident mechanic who looves a good challenge.'}\n\nThis is the character of the other player: ${'NAME': 'Ethan Cooper', 'GENDER': 'Male', 'AGE': 28, 'APPEARANCE': 'Athletic build, tousled brown hair, blue eyes, casual but stylish clothing, confident smile.', 'OCCUPATION': 'Software Engineer', 'SUMMARY': \"Digital or real world, I like both as liink as they're not too crowded.\"}\n\nRemember, your goal is to find the overall agreement for your first date while staying in character.\n\nContinue the game with the reason, your sentiment and an answer phrase to the first message of the other player:\n\nMessage:  That sounds great! What do you think about going hiking together? It's one of my favorite hobbies. [end]\n"}}, {"from": "Player 2", "to": "GM", "timestamp": "2024-09-12T17:40:24.576977", "action": {"type": "get message", "content": "[reason] I'm glad we have a common interest in outdoor activities. However, I prefer something more challenging and less predictable than hiking. [end]\n\n[sentiment] Agreement on Action [end]\n\n[response] How about we go to an off-road park instead? It would be fun to ride our motorcycles there. [end]"}}, {"from": "GM", "to": "GM", "timestamp": "2024-09-12T17:40:24.577266", "action": {"type": "parse", "content": "[reason] I'm glad we have a common interest in outdoor activities. However, I prefer something more challenging and less predictable than hiking. [end]\n\n[sentiment] Agreement on Action [end]\n\n[response] How about we go to an off-road park instead? It would be fun to ride our motorcycles there. [end] conforms to rules"}}], [{"from": "GM", "to": "Player 1", "timestamp": "2024-09-12T17:40:24.577388", "action": {"type": "send message", "content": "Chloe Kim 's Message:  How about we go to an off-road park instead? It would be fun to ride our motorcycles there. [end]\n"}}, {"from": "Player 1", "to": "GM", "timestamp": "2024-09-12T17:40:31.737424", "action": {"type": "get message", "content": "[reason] I'm open to that idea! However, since you're a mechanic and I'm a software engineer, maybe we could do something more tech-related? [end]\n\n[sentiment] Agreement on Action [end]\n\n[response] That's an excellent suggestion! How about we go to the local makerspace and see what kind of projects we can work on together? [end]"}}, {"from": "GM", "to": "GM", "timestamp": "2024-09-12T17:40:31.737765", "action": {"type": "parse", "content": "[reason] I'm open to that idea! However, since you're a mechanic and I'm a software engineer, maybe we could do something more tech-related? [end]\n\n[sentiment] Agreement on Action [end]\n\n[response] That's an excellent suggestion! How about we go to the local makerspace and see what kind of projects we can work on together? [end] conforms to rules"}}, {"from": "GM", "to": "GM", "timestamp": "2024-09-12T17:40:31.737861", "action": {"type": "action agreement", "content": "agreement on action successful"}}], [{"from": "GM", "to": "Player 2", "timestamp": "2024-09-12T17:40:31.738022", "action": {"type": "send message", "content": "Ethan Cooper 's Message:  That's an excellent suggestion! How about we go to the local makerspace and see what kind of projects we can work on together? [end]\n"}}, {"from": "Player 2", "to": "GM", "timestamp": "2024-09-12T17:40:39.311234", "action": {"type": "get message", "content": "[reason] I'm always up for a challenge, but I think it would be more fun to do something active. What do you think about going to a park and playing some sports? [end]\n\n[sentiment] Agreement on Action [end]\n\n[response] That sounds like a great idea! We can play basketball or soccer at the park. Which one would you prefer? [end]"}}, {"from": "GM", "to": "GM", "timestamp": "2024-09-12T17:40:39.311496", "action": {"type": "parse", "content": "[reason] I'm always up for a challenge, but I think it would be more fun to do something active. What do you think about going to a park and playing some sports? [end]\n\n[sentiment] Agreement on Action [end]\n\n[response] That sounds like a great idea! We can play basketball or soccer at the park. Which one would you prefer? [end] conforms to rules"}}, {"from": "GM", "to": "GM", "timestamp": "2024-09-12T17:40:39.311577", "action": {"type": "already agreed", "content": "Agreement on Action was already achieved."}}], [{"from": "GM", "to": "Player 1", "timestamp": "2024-09-12T17:40:39.311757", "action": {"type": "send message", "content": "Chloe Kim 's Message:  That sounds like a great idea! We can play basketball or soccer at the park. Which one would you prefer? [end]\n"}}, {"from": "Player 1", "to": "GM", "timestamp": "2024-09-12T17:40:46.871510", "action": {"type": "get message", "content": "[reason] I'm more into soccer, but playing basketball could be fun too. What do you think? [end]\n\n[sentiment] Agreement on Action [end]\n\n[response] I'm down for either! Let's go with soccer though, it's been a while since I've played. [end]"}}, {"from": "GM", "to": "GM", "timestamp": "2024-09-12T17:40:46.871859", "action": {"type": "parse", "content": "[reason] I'm more into soccer, but playing basketball could be fun too. What do you think? [end]\n\n[sentiment] Agreement on Action [end]\n\n[response] I'm down for either! Let's go with soccer though, it's been a while since I've played. [end] conforms to rules"}}, {"from": "GM", "to": "GM", "timestamp": "2024-09-12T17:40:46.872007", "action": {"type": "already agreed", "content": "Agreement on Action was already achieved."}}], [{"from": "GM", "to": "Player 2", "timestamp": "2024-09-12T17:40:46.872283", "action": {"type": "send message", "content": "Ethan Cooper 's Message:  I'm down for either! Let's go with soccer though, it's been a while since I've played. [end]\n"}}, {"from": "Player 2", "to": "GM", "timestamp": "2024-09-12T17:40:54.785945", "action": {"type": "get message", "content": "[reason] That's awesome! Soccer is my favorite sport too. We can play at the local park on Saturday morning. What time works best for you? [end]\n\n[sentiment] Agreement on Time [end]\n\n[response] How about 10 am? It gives us plenty of time to get ready and have some breakfast beforehand. [end]"}}, {"from": "GM", "to": "GM", "timestamp": "2024-09-12T17:40:54.786202", "action": {"type": "parse", "content": "[reason] That's awesome! Soccer is my favorite sport too. We can play at the local park on Saturday morning. What time works best for you? [end]\n\n[sentiment] Agreement on Time [end]\n\n[response] How about 10 am? It gives us plenty of time to get ready and have some breakfast beforehand. [end] conforms to rules"}}, {"from": "GM", "to": "GM", "timestamp": "2024-09-12T17:40:54.786274", "action": {"type": "mismatch action agreement", "content": "no action agreement, mismatched sentiment"}}], [{"from": "GM", "to": "Player 1", "timestamp": "2024-09-12T17:40:54.786393", "action": {"type": "send message", "content": "Chloe Kim 's Message:  How about 10 am? It gives us plenty of time to get ready and have some breakfast beforehand. [end]\n"}}, {"from": "Player 1", "to": "GM", "timestamp": "2024-09-12T17:41:02.710178", "action": {"type": "get message", "content": "[reason] That works for me! What do you think about meeting at the park around 9:30 so we can grab some breakfast together before our game? [end]\n\n[sentiment] Agreement on Time [end]\n\n[response] Sounds like a plan! I'll make sure to be there early. See you soon, Ethan! [end]"}}, {"from": "GM", "to": "GM", "timestamp": "2024-09-12T17:41:02.710515", "action": {"type": "parse", "content": "[reason] That works for me! What do you think about meeting at the park around 9:30 so we can grab some breakfast together before our game? [end]\n\n[sentiment] Agreement on Time [end]\n\n[response] Sounds like a plan! I'll make sure to be there early. See you soon, Ethan! [end] conforms to rules"}}, {"from": "GM", "to": "GM", "timestamp": "2024-09-12T17:41:02.710606", "action": {"type": "time agreement", "content": "agreement on time successful"}}], [{"from": "GM", "to": "Player 2", "timestamp": "2024-09-12T17:41:02.710745", "action": {"type": "send message", "content": "Ethan Cooper 's Message:  Sounds like a plan! I'll make sure to be there early. See you soon, Ethan! [end]\n"}}, {"from": "Player 2", "to": "GM", "timestamp": "2024-09-12T17:41:10.760903", "action": {"type": "get message", "content": "[reason] Great! Looking forward to our first date. Have a good night and see you on Saturday morning. Goodbye for now! [end]\n\n[sentiment] Overall Agreement [end]\n\n[response] Goodbye Chloe! Have a great night and see you at the park tomorrow. Take care! [end]"}}, {"from": "GM", "to": "GM", "timestamp": "2024-09-12T17:41:10.761295", "action": {"type": "parse", "content": "[reason] Great! Looking forward to our first date. Have a good night and see you on Saturday morning. Goodbye for now! [end]\n\n[sentiment] Overall Agreement [end]\n\n[response] Goodbye Chloe! Have a great night and see you at the park tomorrow. Take care! [end] conforms to rules"}}, {"from": "GM", "to": "GM", "timestamp": "2024-09-12T17:41:10.761413", "action": {"type": "mismatch time agreement", "content": "no time agreement, mismatched sentiment"}}], [{"from": "GM", "to": "Player 1", "timestamp": "2024-09-12T17:41:10.761549", "action": {"type": "send message", "content": "Chloe Kim 's Message:  Goodbye Chloe! Have a great night and see you at the park tomorrow. Take care! [end]\n"}}, {"from": "Player 1", "to": "GM", "timestamp": "2024-09-12T17:41:17.841348", "action": {"type": "get message", "content": "[reason] Thanks for the message, Chloe! I'm really looking forward to our date tomorrow. Goodnight! [end]\n\n[sentiment] Overall Agreement [end]\n\n[response] [end]"}}, {"from": "GM", "to": "GM", "timestamp": "2024-09-12T17:41:17.841722", "action": {"type": "invalid format: pattern", "content": "Aborted game because of invalid format: pattern"}}]], "max_turns": 15, "completed_turns": 8, "time_agreement": true, "location_agreement": false, "action_agreement": true}