{"players": {"GM": "Game master for datingsim", "Player 1": "Mixtral-8x22B-Instruct-v0.1", "Player 2": "Mixtral-8x22B-Instruct-v0.1"}, "turns": [[{"from": "GM", "to": "Player 1", "timestamp": "2024-09-12T14:36:49.237264", "action": {"type": "send message", "content": "You are about to play a game with another player. In this game, you and the other player are both on an dating app, looking for a partner. In this case, both you and the other player decided, that you fancy each other's profile. Your and the other player's GOAL is it, to come to an agreement on what to do on your first date. At the start of the game you will be given two character sheets. The first one is the one, that defines your personality. The second one includes the information you know of the other player based on the information in their Bio on the dating app. You will start the conversation.\nOn each further turn you can react to what the other player tells you. For this you can either continue the conversation if you have not met an agreement yet or are not happy with the proposal, or end the game by agreeing to the proposal. \n\nThere is a total of four agreements throughout the game: \"Agreement on Time\", \"Agreement on Location\", \"Agreement on Action\", \"Overall Agreement\". You and the other player need to find an agreement on each of them.\nYou should only choose \"Overall Agreement\" after you and your date manage to settle an agreement for the other three ones (Time, Location, Action). \nYou have 15 turns to finish the game and find all agreements. \n\nYour answer has to consist ONLY of the following information and follow the given template:\n\n[reason] Your reason for your decision. [end]\n\n[sentiment] Choose one of the following: \"Continue Conversation\", \"Agreement on Time\", \"Agreement on Location\", \"Agreement on Action\", \"Overall Agreement\" [end]\n\n[response] Your response to the other player. This can include your sentiment, opinion, alternative. [end]\n\nYour answer for [response] must NOT exceed 100 tokens.\n\nThe game ends when 1) both you and the other player reply with the sentiment \"Overall Agreement\", 2) one of you chooses the sentiment \"Overall Agreement\" without the other one choosing it in the following turn, 3) you run out of turns to communicate or 4) you do not follow the template.\n\nThis is your character: {'NAME': 'Dr. Olivia Khan', 'GENDER': 'Female', 'AGE': 42, 'APPEARANCE': 'Confident smile, sharp blue eyes, stylishly short black hair, professional attire with a touch of personality.', 'OCCUPATION': 'Cardiovascular Surgeon', 'LIKES': 'Helping people, pushing the boundaries of medicine, a good intellectual challenge.', 'DISLIKES': 'Arrogance, inefficiency, seeing people give up.', 'HOBBIES': 'Rock climbing (to manage stress), playing the cello, volunteering at a medical clinic for the underprivileged.', 'SUMMARY': 'I love my work as much as I love a good riddle.'}\n\nThis is the character of the other player: ${'NAME': 'Dr. Olivia Khan', 'GENDER': 'Female', 'AGE': 42, 'APPEARANCE': 'Confident smile, sharp blue eyes, stylishly short black hair, professional attire with a touch of personality.', 'OCCUPATION': 'Cardiovascular Surgeon', 'LIKES': 'Helping people, pushing the boundaries of medicine, a good intellectual challenge.', 'DISLIKES': 'Arrogance, inefficiency, seeing people give up.', 'HOBBIES': 'Rock climbing (to manage stress), playing the cello, volunteering at a medical clinic for the underprivileged.', 'SUMMARY': 'I love my work as much as I love a good riddle.'}\n\nRemember, your goal is to find the overall agreement for your first date while staying in character.\n\nStart the game with the reason, your sentiment and the opening phrase.\n"}}, {"from": "Player 1", "to": "GM", "timestamp": "2024-09-12T14:36:50.613599", "action": {"type": "get message", "content": "[reason] I'm intrigued by our shared interests and professions. [end]\n\n[sentiment] Continue Conversation [end]\n\n[response] Hello Dr. Olivia Khan, it's a pleasure to meet someone who shares my passion for medicine and intellectual challenges. I'm looking forward to getting to know you better. How about we start planning our first date? [end]"}}, {"from": "GM", "to": "GM", "timestamp": "2024-09-12T14:36:50.614602", "action": {"type": "parse", "content": "[reason] I'm intrigued by our shared interests and professions. [end]\n\n[sentiment] Continue Conversation [end]\n\n[response] Hello Dr. Olivia Khan, it's a pleasure to meet someone who shares my passion for medicine and intellectual challenges. I'm looking forward to getting to know you better. How about we start planning our first date? [end] conforms to rules"}}], [{"from": "GM", "to": "Player 2", "timestamp": "2024-09-12T14:36:50.614602", "action": {"type": "send message", "content": "You are about to play a game with another player. In this game, you and the other player are both on an dating app, looking for a partner. In this case, both you and the other player decided, that you fancy each other's profile. Your and the other player's GOAL is it, to come to an agreement on what to do on your first date. At the start of the game you will be given two character sheets. The first one is the one, that defines your personality. The second one includes the information you know of the other player based on the information in their Bio on the dating app. You will be approached by the other player.\nOn each further turn you can react to what the other player tells you. For this you can either continue the conversation if you have not met an agreement yet or are not happy with the proposal, or end the game by agreeing to the proposal. \n\nThere is a total of four agreements throughout the game: \"Agreement on Time\", \"Agreement on Location\", \"Agreement on Action\", \"Overall Agreement\". You and the other player need to find an agreement on each of them.\nYou should only choose \"Overall Agreement\" after you and your date manage to settle an agreement for the other three ones (Time, Location, Action). \nYou have 15 turns to finish the game and find all agreements. \n\nYour answer has to consist ONLY of the following information and follow the given template:\n\n[reason] Your reason for your decision. [end]\n\n[sentiment] Choose one of the following: \"Continue Conversation\", \"Agreement on Time\", \"Agreement on Location\", \"Agreement on Action\", \"Overall Agreement\" [end]\n\n[response] Your response to the other player. This can include your sentiment, opinion, alternative. [end]\n\nYour answer for [response] must NOT exceed 100 tokens.\n\nThe game ends when 1) both you and the other player reply with the sentiment \"Overall Agreement\", 2) one of you chooses the sentiment \"Overall Agreement\" without the other one choosing it in the following turn, 3) you run out of turns to communicate or 4) you do not follow the template.\n\nThis is your character: {'NAME': 'Dr. Olivia Khan', 'GENDER': 'Female', 'AGE': 42, 'APPEARANCE': 'Confident smile, sharp blue eyes, stylishly short black hair, professional attire with a touch of personality.', 'OCCUPATION': 'Cardiovascular Surgeon', 'LIKES': 'Helping people, pushing the boundaries of medicine, a good intellectual challenge.', 'DISLIKES': 'Arrogance, inefficiency, seeing people give up.', 'HOBBIES': 'Rock climbing (to manage stress), playing the cello, volunteering at a medical clinic for the underprivileged.', 'SUMMARY': 'I love my work as much as I love a good riddle.'}\n\nThis is the character of the other player: ${'NAME': 'Dr. Olivia Khan', 'GENDER': 'Female', 'AGE': 42, 'APPEARANCE': 'Confident smile, sharp blue eyes, stylishly short black hair, professional attire with a touch of personality.', 'OCCUPATION': 'Cardiovascular Surgeon', 'LIKES': 'Helping people, pushing the boundaries of medicine, a good intellectual challenge.', 'DISLIKES': 'Arrogance, inefficiency, seeing people give up.', 'HOBBIES': 'Rock climbing (to manage stress), playing the cello, volunteering at a medical clinic for the underprivileged.', 'SUMMARY': 'I love my work as much as I love a good riddle.'}\n\nRemember, your goal is to find the overall agreement for your first date while staying in character.\n\nContinue the game with the reason, your sentiment and an answer phrase to the first message of the other player:\n\nMessage:  Hello Dr. Olivia Khan, it's a pleasure to meet someone who shares my passion for medicine and intellectual challenges. I'm looking forward to getting to know you better. How about we start planning our first date? [end]\n"}}, {"from": "Player 2", "to": "GM", "timestamp": "2024-09-12T14:36:52.474956", "action": {"type": "get message", "content": "[reason] The other player shares my interests and passions, making them a promising potential partner. I'm excited to plan our first date together. [end]\n\n[sentiment] Continue Conversation [end]\n\n[response] Hello there! I'm equally thrilled to meet someone who appreciates the beauty of medicine and intellectual challenges. Let's start with deciding on a time that works best for both of us. How about a weekend afternoon? [end]"}}, {"from": "GM", "to": "GM", "timestamp": "2024-09-12T14:36:52.475961", "action": {"type": "parse", "content": "[reason] The other player shares my interests and passions, making them a promising potential partner. I'm excited to plan our first date together. [end]\n\n[sentiment] Continue Conversation [end]\n\n[response] Hello there! I'm equally thrilled to meet someone who appreciates the beauty of medicine and intellectual challenges. Let's start with deciding on a time that works best for both of us. How about a weekend afternoon? [end] conforms to rules"}}], [{"from": "GM", "to": "Player 1", "timestamp": "2024-09-12T14:36:52.475961", "action": {"type": "send message", "content": "Dr. Olivia Khan 's Message:  Hello there! I'm equally thrilled to meet someone who appreciates the beauty of medicine and intellectual challenges. Let's start with deciding on a time that works best for both of us. How about a weekend afternoon? [end]\n"}}, {"from": "Player 1", "to": "GM", "timestamp": "2024-09-12T14:36:53.788640", "action": {"type": "get message", "content": "[reason] A weekend afternoon sounds like a great time to unwind and enjoy each other's company. [end]\n\n[sentiment] Agreement on Time [end]\n\n[response] A weekend afternoon sounds perfect to me. I'm glad we're on the same page. Now, let's discuss the location. Any ideas? [end]"}}, {"from": "GM", "to": "GM", "timestamp": "2024-09-12T14:36:53.789641", "action": {"type": "parse", "content": "[reason] A weekend afternoon sounds like a great time to unwind and enjoy each other's company. [end]\n\n[sentiment] Agreement on Time [end]\n\n[response] A weekend afternoon sounds perfect to me. I'm glad we're on the same page. Now, let's discuss the location. Any ideas? [end] conforms to rules"}}], [{"from": "GM", "to": "Player 2", "timestamp": "2024-09-12T14:36:53.789641", "action": {"type": "send message", "content": "Dr. Olivia Khan 's Message:  A weekend afternoon sounds perfect to me. I'm glad we're on the same page. Now, let's discuss the location. Any ideas? [end]\n"}}, {"from": "Player 2", "to": "GM", "timestamp": "2024-09-12T14:36:55.734172", "action": {"type": "get message", "content": "[reason] The other player agrees with my proposed time, which is a great start. Now, I'd like to suggest a location that offers a unique experience. [end]\n\n[sentiment] Continue Conversation [end]\n\n[response] I'm glad we agree on the time. For the location, how about visiting the new medical exhibit at the science museum? It's both educational and entertaining. [end]"}}, {"from": "GM", "to": "GM", "timestamp": "2024-09-12T14:36:55.735159", "action": {"type": "parse", "content": "[reason] The other player agrees with my proposed time, which is a great start. Now, I'd like to suggest a location that offers a unique experience. [end]\n\n[sentiment] Continue Conversation [end]\n\n[response] I'm glad we agree on the time. For the location, how about visiting the new medical exhibit at the science museum? It's both educational and entertaining. [end] conforms to rules"}}, {"from": "GM", "to": "GM", "timestamp": "2024-09-12T14:36:55.735159", "action": {"type": "mismatch time agreement", "content": "no time agreement, mismatched sentiment"}}], [{"from": "GM", "to": "Player 1", "timestamp": "2024-09-12T14:36:55.736152", "action": {"type": "send message", "content": "Dr. Olivia Khan 's Message:  I'm glad we agree on the time. For the location, how about visiting the new medical exhibit at the science museum? It's both educational and entertaining. [end]\n"}}, {"from": "Player 1", "to": "GM", "timestamp": "2024-09-12T14:36:57.147169", "action": {"type": "get message", "content": "[reason] The medical exhibit at the science museum is an excellent choice. It aligns with our shared interests and provides a stimulating environment. [end]\n\n[sentiment] Agreement on Location [end]\n\n[response] The medical exhibit at the science museum is a fantastic idea. I'm looking forward to exploring it with you. Now, let's decide on an activity to do together at the museum. Any suggestions? [end]"}}, {"from": "GM", "to": "GM", "timestamp": "2024-09-12T14:36:57.148187", "action": {"type": "parse", "content": "[reason] The medical exhibit at the science museum is an excellent choice. It aligns with our shared interests and provides a stimulating environment. [end]\n\n[sentiment] Agreement on Location [end]\n\n[response] The medical exhibit at the science museum is a fantastic idea. I'm looking forward to exploring it with you. Now, let's decide on an activity to do together at the museum. Any suggestions? [end] conforms to rules"}}], [{"from": "GM", "to": "Player 2", "timestamp": "2024-09-12T14:36:57.148187", "action": {"type": "send message", "content": "Dr. Olivia Khan 's Message:  The medical exhibit at the science museum is a fantastic idea. I'm looking forward to exploring it with you. Now, let's decide on an activity to do together at the museum. Any suggestions? [end]\n"}}, {"from": "Player 2", "to": "GM", "timestamp": "2024-09-12T14:36:58.708713", "action": {"type": "get message", "content": "[reason] The other player is enthusiastic about my location suggestion, which is encouraging. I'd like to propose an activity that combines our shared interests. [end]\n\n[sentiment] Continue Conversation [end]\n\n[response] I'm glad you like the idea. For our activity, how about we try to solve the interactive medical puzzles and challenges at the exhibit? It'll be a fun and engaging way to spend our time together. [end]"}}, {"from": "GM", "to": "GM", "timestamp": "2024-09-12T14:36:58.709674", "action": {"type": "parse", "content": "[reason] The other player is enthusiastic about my location suggestion, which is encouraging. I'd like to propose an activity that combines our shared interests. [end]\n\n[sentiment] Continue Conversation [end]\n\n[response] I'm glad you like the idea. For our activity, how about we try to solve the interactive medical puzzles and challenges at the exhibit? It'll be a fun and engaging way to spend our time together. [end] conforms to rules"}}, {"from": "GM", "to": "GM", "timestamp": "2024-09-12T14:36:58.709674", "action": {"type": "mismatch location agreement", "content": "no location agreement, mismatched sentiment"}}], [{"from": "GM", "to": "Player 1", "timestamp": "2024-09-12T14:36:58.709674", "action": {"type": "send message", "content": "Dr. Olivia Khan 's Message:  I'm glad you like the idea. For our activity, how about we try to solve the interactive medical puzzles and challenges at the exhibit? It'll be a fun and engaging way to spend our time together. [end]\n"}}, {"from": "Player 1", "to": "GM", "timestamp": "2024-09-12T14:37:01.042754", "action": {"type": "get message", "content": "[reason] Interactive medical puzzles and challenges sound like an exciting and intellectually stimulating activity. [end]\n\n[sentiment] Agreement on Action [end]\n\n[response] Interactive medical puzzles and challenges sound like a perfect activity for us. I'm excited to see how well we can work together to solve them. With our shared interests and intellect, I'm sure we'll have a great time. [end]\n\n[sentiment] Overall Agreement [end]\n\n[response] I'm thrilled that we've agreed on all aspects of our first date. I'm looking forward to spending a weekend afternoon at the medical exhibit, solving puzzles and challenges with you. This date promises to be both enjoyable and intellectually stimulating. [end]"}}, {"from": "GM", "to": "GM", "timestamp": "2024-09-12T14:37:01.043758", "action": {"type": "parse", "content": "[reason] Interactive medical puzzles and challenges sound like an exciting and intellectually stimulating activity. [end]\n\n[sentiment] Agreement on Action [end]\n\n[response] Interactive medical puzzles and challenges sound like a perfect activity for us. I'm excited to see how well we can work together to solve them. With our shared interests and intellect, I'm sure we'll have a great time. [end]\n\n[sentiment] Overall Agreement [end]\n\n[response] I'm thrilled that we've agreed on all aspects of our first date. I'm looking forward to spending a weekend afternoon at the medical exhibit, solving puzzles and challenges with you. This date promises to be both enjoyable and intellectually stimulating. [end] conforms to rules"}}], [{"from": "GM", "to": "Player 2", "timestamp": "2024-09-12T14:37:01.044757", "action": {"type": "send message", "content": "Dr. Olivia Khan 's Message:  Interactive medical puzzles and challenges sound like a perfect activity for us. I'm excited to see how well we can work together to solve them. With our shared interests and intellect, I'm sure we'll have a great time. [end]\n\n[sentiment] Overall Agreement [end]\n\n[response] I'm thrilled that we've agreed on all aspects of our first date. I'm looking forward to spending a weekend afternoon at the medical exhibit, solving puzzles and challenges with you. This date promises to be both enjoyable and intellectually stimulating. [end]\n"}}, {"from": "Player 2", "to": "GM", "timestamp": "2024-09-12T14:37:02.525048", "action": {"type": "get message", "content": "[reason] The other player has agreed to all aspects of our first date, and I'm genuinely excited about our plans. [end]\n\n[sentiment] Overall Agreement [end]\n\n[response] I'm delighted that we've reached an overall agreement on our first date. I'm looking forward to spending a weekend afternoon at the medical exhibit, solving puzzles and challenges with you. This date promises to be both enjoyable and intellectually stimulating. [end]"}}, {"from": "GM", "to": "GM", "timestamp": "2024-09-12T14:37:02.526969", "action": {"type": "parse", "content": "[reason] The other player has agreed to all aspects of our first date, and I'm genuinely excited about our plans. [end]\n\n[sentiment] Overall Agreement [end]\n\n[response] I'm delighted that we've reached an overall agreement on our first date. I'm looking forward to spending a weekend afternoon at the medical exhibit, solving puzzles and challenges with you. This date promises to be both enjoyable and intellectually stimulating. [end] conforms to rules"}}, {"from": "GM", "to": "GM", "timestamp": "2024-09-12T14:37:02.526969", "action": {"type": "mismatch action agreement", "content": "no action agreement, mismatched sentiment"}}], [{"from": "GM", "to": "Player 1", "timestamp": "2024-09-12T14:37:02.526969", "action": {"type": "send message", "content": "Dr. Olivia Khan 's Message:  I'm delighted that we've reached an overall agreement on our first date. I'm looking forward to spending a weekend afternoon at the medical exhibit, solving puzzles and challenges with you. This date promises to be both enjoyable and intellectually stimulating. [end]\n"}}, {"from": "Player 1", "to": "GM", "timestamp": "2024-09-12T14:37:03.823636", "action": {"type": "get message", "content": "[sentiment] Overall Agreement [end]\n\n[response] I'm glad we're both excited about our first date. I can't wait to meet you and enjoy our time together at the medical exhibit. See you soon, Dr. Olivia Khan! [end]"}}, {"from": "GM", "to": "GM", "timestamp": "2024-09-12T14:37:03.824645", "action": {"type": "invalid format: pattern", "content": "Aborted game because of invalid format: pattern"}}]], "max_turns": 15, "completed_turns": 8, "time_agreement": false, "location_agreement": false, "action_agreement": false}