{"players": {"GM": "Game master for datingsim", "Player 1": "Mixtral-8x22B-Instruct-v0.1", "Player 2": "Mixtral-8x22B-Instruct-v0.1"}, "turns": [[{"from": "GM", "to": "Player 1", "timestamp": "2024-09-12T14:18:55.143573", "action": {"type": "send message", "content": "You are about to play a game with another player. In this game, you and the other player are both on an dating app, looking for a partner. In this case, both you and the other player decided, that you fancy each other's profile. Your and the other player's GOAL is it, to come to an agreement on what to do on your first date. At the start of the game you will be given two character sheets. The first one is the one, that defines your personality. The second one includes the information you know of the other player based on the information in their Bio on the dating app. You will start the conversation.\nOn each further turn you can react to what the other player tells you. For this you can either continue the conversation if you have not met an agreement yet or are not happy with the proposal, or end the game by agreeing to the proposal. \n\nThere is a total of four agreements throughout the game: \"Agreement on Time\", \"Agreement on Location\", \"Agreement on Action\", \"Overall Agreement\". You and the other player need to find an agreement on each of them.\nYou should only choose \"Overall Agreement\" after you and your date manage to settle an agreement for the other three ones (Time, Location, Action). \nYou have 15 turns to finish the game and find all agreements. \n\nYour answer has to consist ONLY of the following information and follow the given template:\n\n[reason] Your reason for your decision. [end]\n\n[sentiment] Choose one of the following: \"Continue Conversation\", \"Agreement on Time\", \"Agreement on Location\", \"Agreement on Action\", \"Overall Agreement\" [end]\n\n[response] Your response to the other player. This can include your sentiment, opinion, alternative. [end]\n\nYour answer for [response] must NOT exceed 100 tokens.\n\nThe game ends when 1) both you and the other player reply with the sentiment \"Overall Agreement\", 2) one of you chooses the sentiment \"Overall Agreement\" without the other one choosing it in the following turn, 3) you run out of turns to communicate or 4) you do not follow the template.\n\nThis is your character: {'NAME': 'Aiden Reyes', 'GENDER': 'Male', 'AGE': 26, 'APPEARANCE': 'Lean and fit, short black hair, green eyes, casual yet trendy clothing, tattoo sleeve on left arm.', 'OCCUPATION': 'Photographer', 'LIKES': 'Street art, animals, spontaneous trips.', 'DISLIKES': 'Routine, pessimism, junk food.', 'HOBBIES': 'Urban exploration, skateboarding, wildlife photography.', 'SUMMARY': 'I like spontanious actions that keep me and my mind active.'}\n\nThis is the character of the other player: ${'NAME': 'Riley Jones', 'GENDER': 'Non-binary', 'AGE': 38, 'APPEARANCE': 'Buzz cut, warm hazel eyes, androgynous build with toned muscles, wears comfortable yet stylish clothing.', 'OCCUPATION': 'Blacksmith', 'SUMMARY': 'Creating jewlry is a passion of mine! Maybe we can forge something together sometime.'}\n\nRemember, your goal is to find the overall agreement for your first date while staying in character.\n\nStart the game with the reason, your sentiment and the opening phrase.\n"}}, {"from": "Player 1", "to": "GM", "timestamp": "2024-09-12T14:18:56.851725", "action": {"type": "get message", "content": "[reason] I'm excited to meet someone who shares a passion for creating and appreciating art. [end]\n\n[sentiment] Continue Conversation [end]\n\n[response] Hi Riley, I'm Aiden. I love your unique profession as a blacksmith! I'm a photographer, and I'm always looking for new subjects to capture. Maybe we could combine our interests in some way for our first date? [end]"}}, {"from": "GM", "to": "GM", "timestamp": "2024-09-12T14:18:56.851725", "action": {"type": "parse", "content": "[reason] I'm excited to meet someone who shares a passion for creating and appreciating art. [end]\n\n[sentiment] Continue Conversation [end]\n\n[response] Hi Riley, I'm Aiden. I love your unique profession as a blacksmith! I'm a photographer, and I'm always looking for new subjects to capture. Maybe we could combine our interests in some way for our first date? [end] conforms to rules"}}], [{"from": "GM", "to": "Player 2", "timestamp": "2024-09-12T14:18:56.852720", "action": {"type": "send message", "content": "You are about to play a game with another player. In this game, you and the other player are both on an dating app, looking for a partner. In this case, both you and the other player decided, that you fancy each other's profile. Your and the other player's GOAL is it, to come to an agreement on what to do on your first date. At the start of the game you will be given two character sheets. The first one is the one, that defines your personality. The second one includes the information you know of the other player based on the information in their Bio on the dating app. You will be approached by the other player.\nOn each further turn you can react to what the other player tells you. For this you can either continue the conversation if you have not met an agreement yet or are not happy with the proposal, or end the game by agreeing to the proposal. \n\nThere is a total of four agreements throughout the game: \"Agreement on Time\", \"Agreement on Location\", \"Agreement on Action\", \"Overall Agreement\". You and the other player need to find an agreement on each of them.\nYou should only choose \"Overall Agreement\" after you and your date manage to settle an agreement for the other three ones (Time, Location, Action). \nYou have 15 turns to finish the game and find all agreements. \n\nYour answer has to consist ONLY of the following information and follow the given template:\n\n[reason] Your reason for your decision. [end]\n\n[sentiment] Choose one of the following: \"Continue Conversation\", \"Agreement on Time\", \"Agreement on Location\", \"Agreement on Action\", \"Overall Agreement\" [end]\n\n[response] Your response to the other player. This can include your sentiment, opinion, alternative. [end]\n\nYour answer for [response] must NOT exceed 100 tokens.\n\nThe game ends when 1) both you and the other player reply with the sentiment \"Overall Agreement\", 2) one of you chooses the sentiment \"Overall Agreement\" without the other one choosing it in the following turn, 3) you run out of turns to communicate or 4) you do not follow the template.\n\nThis is your character: {'NAME': 'Riley Jones', 'GENDER': 'Non-binary', 'AGE': 38, 'APPEARANCE': 'Buzz cut, warm hazel eyes, androgynous build with toned muscles, wears comfortable yet stylish clothing.', 'OCCUPATION': 'Blacksmith', 'LIKES': 'The rhythm of forging metal, creating functional art, working with their hands.', 'DISLIKES': 'Idleness, pretentiousness, following the rules just for the sake of it.', 'HOBBIES': 'Sculpting metal into art pieces, weightlifting, historical reenactment.', 'SUMMARY': 'Creating jewlry is a passion of mine! Maybe we can forge something together sometime.'}\n\nThis is the character of the other player: ${'NAME': 'Aiden Reyes', 'GENDER': 'Male', 'AGE': 26, 'APPEARANCE': 'Lean and fit, short black hair, green eyes, casual yet trendy clothing, tattoo sleeve on left arm.', 'OCCUPATION': 'Photographer', 'SUMMARY': 'I like spontanious actions that keep me and my mind active.'}\n\nRemember, your goal is to find the overall agreement for your first date while staying in character.\n\nContinue the game with the reason, your sentiment and an answer phrase to the first message of the other player:\n\nMessage:  Hi Riley, I'm Aiden. I love your unique profession as a blacksmith! I'm a photographer, and I'm always looking for new subjects to capture. Maybe we could combine our interests in some way for our first date? [end]\n"}}, {"from": "Player 2", "to": "GM", "timestamp": "2024-09-12T14:18:58.477987", "action": {"type": "get message", "content": "[reason] Aiden's suggestion to combine our interests is intriguing and aligns with my love for creating functional art. [end]\n\n[sentiment] Continue Conversation [end]\n\n[response] Hi Aiden, it's great to meet you! I'm excited about the idea of combining our interests. How about we start by agreeing on a time and location for our first date? [end]"}}, {"from": "GM", "to": "GM", "timestamp": "2024-09-12T14:18:58.477987", "action": {"type": "parse", "content": "[reason] Aiden's suggestion to combine our interests is intriguing and aligns with my love for creating functional art. [end]\n\n[sentiment] Continue Conversation [end]\n\n[response] Hi Aiden, it's great to meet you! I'm excited about the idea of combining our interests. How about we start by agreeing on a time and location for our first date? [end] conforms to rules"}}], [{"from": "GM", "to": "Player 1", "timestamp": "2024-09-12T14:18:58.478987", "action": {"type": "send message", "content": "Riley Jones 's Message:  Hi Aiden, it's great to meet you! I'm excited about the idea of combining our interests. How about we start by agreeing on a time and location for our first date? [end]\n"}}, {"from": "Player 1", "to": "GM", "timestamp": "2024-09-12T14:19:00.020781", "action": {"type": "get message", "content": "[reason] I appreciate Riley's enthusiasm and willingness to plan our first date together. [end]\n\n[sentiment] Agreement on Time [end]\n\n[response] That sounds fantastic, Riley! How about we meet on Saturday afternoon? [end]"}}, {"from": "GM", "to": "GM", "timestamp": "2024-09-12T14:19:00.020781", "action": {"type": "parse", "content": "[reason] I appreciate Riley's enthusiasm and willingness to plan our first date together. [end]\n\n[sentiment] Agreement on Time [end]\n\n[response] That sounds fantastic, Riley! How about we meet on Saturday afternoon? [end] conforms to rules"}}], [{"from": "GM", "to": "Player 2", "timestamp": "2024-09-12T14:19:00.020781", "action": {"type": "send message", "content": "Aiden Reyes 's Message:  That sounds fantastic, Riley! How about we meet on Saturday afternoon? [end]\n"}}, {"from": "Player 2", "to": "GM", "timestamp": "2024-09-12T14:19:01.247985", "action": {"type": "get message", "content": "[reason] Saturday afternoon works well for me as I usually have more free time during the weekends. [end]\n\n[sentiment] Agreement on Time [end]\n\n[response] Saturday afternoon is perfect for me, Aiden. Now, let's decide on a location. Any ideas? [end]"}}, {"from": "GM", "to": "GM", "timestamp": "2024-09-12T14:19:01.248985", "action": {"type": "parse", "content": "[reason] Saturday afternoon works well for me as I usually have more free time during the weekends. [end]\n\n[sentiment] Agreement on Time [end]\n\n[response] Saturday afternoon is perfect for me, Aiden. Now, let's decide on a location. Any ideas? [end] conforms to rules"}}, {"from": "GM", "to": "GM", "timestamp": "2024-09-12T14:19:01.248985", "action": {"type": "time agreement", "content": "agreement on time successful"}}], [{"from": "GM", "to": "Player 1", "timestamp": "2024-09-12T14:19:01.248985", "action": {"type": "send message", "content": "Riley Jones 's Message:  Saturday afternoon is perfect for me, Aiden. Now, let's decide on a location. Any ideas? [end]\n"}}, {"from": "Player 1", "to": "GM", "timestamp": "2024-09-12T14:19:02.646854", "action": {"type": "get message", "content": "[reason] I want to find a location that allows us to explore our shared interests in art and creativity. [end]\n\n[sentiment] Agreement on Location [end]\n\n[response] How about we meet at the local art district? There are plenty of galleries, street art, and unique shops to explore. [end]"}}, {"from": "GM", "to": "GM", "timestamp": "2024-09-12T14:19:02.647865", "action": {"type": "parse", "content": "[reason] I want to find a location that allows us to explore our shared interests in art and creativity. [end]\n\n[sentiment] Agreement on Location [end]\n\n[response] How about we meet at the local art district? There are plenty of galleries, street art, and unique shops to explore. [end] conforms to rules"}}, {"from": "GM", "to": "GM", "timestamp": "2024-09-12T14:19:02.647865", "action": {"type": "mismatch time agreement", "content": "no time agreement, mismatched sentiment"}}], [{"from": "GM", "to": "Player 2", "timestamp": "2024-09-12T14:19:02.647865", "action": {"type": "send message", "content": "Aiden Reyes 's Message:  How about we meet at the local art district? There are plenty of galleries, street art, and unique shops to explore. [end]\n"}}, {"from": "Player 2", "to": "GM", "timestamp": "2024-09-12T14:19:04.204823", "action": {"type": "get message", "content": "[reason] The art district is an excellent choice as it offers a variety of visual stimuli for Aiden's photography and inspiration for my metalworking. [end]\n\n[sentiment] Agreement on Location [end]\n\n[response] The art district is a fantastic idea, Aiden! I'm looking forward to exploring the galleries and street art with you. Now, let's decide on an activity that combines our interests. [end]"}}, {"from": "GM", "to": "GM", "timestamp": "2024-09-12T14:19:04.205822", "action": {"type": "parse", "content": "[reason] The art district is an excellent choice as it offers a variety of visual stimuli for Aiden's photography and inspiration for my metalworking. [end]\n\n[sentiment] Agreement on Location [end]\n\n[response] The art district is a fantastic idea, Aiden! I'm looking forward to exploring the galleries and street art with you. Now, let's decide on an activity that combines our interests. [end] conforms to rules"}}, {"from": "GM", "to": "GM", "timestamp": "2024-09-12T14:19:04.205822", "action": {"type": "location agreement", "content": "agreement on location successful"}}], [{"from": "GM", "to": "Player 1", "timestamp": "2024-09-12T14:19:04.205822", "action": {"type": "send message", "content": "Riley Jones 's Message:  The art district is a fantastic idea, Aiden! I'm looking forward to exploring the galleries and street art with you. Now, let's decide on an activity that combines our interests. [end]\n"}}, {"from": "Player 1", "to": "GM", "timestamp": "2024-09-12T14:19:05.448706", "action": {"type": "get message", "content": "[reason] I want to find an activity that allows us to create something together and showcase our artistic skills. [end]\n\n[sentiment] Agreement on Action [end]\n\n[response] How about we participate in a local art workshop where we can create our own piece of art together? [end]"}}, {"from": "GM", "to": "GM", "timestamp": "2024-09-12T14:19:05.449693", "action": {"type": "parse", "content": "[reason] I want to find an activity that allows us to create something together and showcase our artistic skills. [end]\n\n[sentiment] Agreement on Action [end]\n\n[response] How about we participate in a local art workshop where we can create our own piece of art together? [end] conforms to rules"}}, {"from": "GM", "to": "GM", "timestamp": "2024-09-12T14:19:05.449693", "action": {"type": "mismatch location agreement", "content": "no location agreement, mismatched sentiment"}}], [{"from": "GM", "to": "Player 2", "timestamp": "2024-09-12T14:19:05.449693", "action": {"type": "send message", "content": "Aiden Reyes 's Message:  How about we participate in a local art workshop where we can create our own piece of art together? [end]\n"}}, {"from": "Player 2", "to": "GM", "timestamp": "2024-09-12T14:19:07.088941", "action": {"type": "get message", "content": "[reason] Participating in an art workshop is a great way to combine our interests and create something unique together. [end]\n\n[sentiment] Agreement on Action [end]\n\n[response] An art workshop is a brilliant idea, Aiden! I'm excited to create something together. With the time, location, and activity decided, I believe we have reached an overall agreement for our first date. [end]"}}, {"from": "GM", "to": "GM", "timestamp": "2024-09-12T14:19:07.089942", "action": {"type": "parse", "content": "[reason] Participating in an art workshop is a great way to combine our interests and create something unique together. [end]\n\n[sentiment] Agreement on Action [end]\n\n[response] An art workshop is a brilliant idea, Aiden! I'm excited to create something together. With the time, location, and activity decided, I believe we have reached an overall agreement for our first date. [end] conforms to rules"}}, {"from": "GM", "to": "GM", "timestamp": "2024-09-12T14:19:07.089942", "action": {"type": "action agreement", "content": "agreement on action successful"}}], [{"from": "GM", "to": "Player 1", "timestamp": "2024-09-12T14:19:07.090941", "action": {"type": "send message", "content": "Riley Jones 's Message:  An art workshop is a brilliant idea, Aiden! I'm excited to create something together. With the time, location, and activity decided, I believe we have reached an overall agreement for our first date. [end]\n"}}, {"from": "Player 1", "to": "GM", "timestamp": "2024-09-12T14:19:08.443315", "action": {"type": "get message", "content": "[reason] I'm thrilled that Riley and I have found common ground and agreed on a unique and creative first date. [end]\n\n[sentiment] Overall Agreement [end]\n\n[response] I couldn't agree more, Riley! I'm really looking forward to our first date at the art district, creating something together in the workshop. See you on Saturday! [end]"}}, {"from": "GM", "to": "GM", "timestamp": "2024-09-12T14:19:08.444293", "action": {"type": "parse", "content": "[reason] I'm thrilled that Riley and I have found common ground and agreed on a unique and creative first date. [end]\n\n[sentiment] Overall Agreement [end]\n\n[response] I couldn't agree more, Riley! I'm really looking forward to our first date at the art district, creating something together in the workshop. See you on Saturday! [end] conforms to rules"}}, {"from": "GM", "to": "GM", "timestamp": "2024-09-12T14:19:08.444293", "action": {"type": "mismatch action agreement", "content": "no action agreement, mismatched sentiment"}}], [{"from": "GM", "to": "Player 2", "timestamp": "2024-09-12T14:19:08.444293", "action": {"type": "send message", "content": "Aiden Reyes 's Message:  I couldn't agree more, Riley! I'm really looking forward to our first date at the art district, creating something together in the workshop. See you on Saturday! [end]\n"}}, {"from": "Player 2", "to": "GM", "timestamp": "2024-09-12T14:19:10.023039", "action": {"type": "get message", "content": "[reason] Aiden's enthusiasm for our first date aligns with my own excitement, and I'm eager to spend time with him at the art district. [end]\n\n[sentiment] Overall Agreement [end]\n\n[response] I'm thrilled about our first date, Aiden! I can't wait to see you on Saturday and create something unique together. See you soon! [end]"}}, {"from": "GM", "to": "GM", "timestamp": "2024-09-12T14:19:10.023039", "action": {"type": "parse", "content": "[reason] Aiden's enthusiasm for our first date aligns with my own excitement, and I'm eager to spend time with him at the art district. [end]\n\n[sentiment] Overall Agreement [end]\n\n[response] I'm thrilled about our first date, Aiden! I can't wait to see you on Saturday and create something unique together. See you soon! [end] conforms to rules"}}, {"from": "GM", "to": "GM", "timestamp": "2024-09-12T14:19:10.024036", "action": {"type": "overall agreement", "content": "game successful"}}]], "max_turns": 15, "completed_turns": 10, "time_agreement": true, "location_agreement": true, "action_agreement": true}