{"players": {"GM": "Game master for datingsim", "Player 1": "Mixtral-8x22B-Instruct-v0.1", "Player 2": "Mixtral-8x22B-Instruct-v0.1"}, "turns": [[{"from": "GM", "to": "Player 1", "timestamp": "2024-09-12T14:51:40.438698", "action": {"type": "send message", "content": "You are about to play a game with another player. In this game, you and the other player are both on an dating app, looking for a partner. In this case, both you and the other player decided, that you fancy each other's profile. Your and the other player's GOAL is it, to come to an agreement on what to do on your first date. At the start of the game you will be given two character sheets. The first one is the one, that defines your personality. The second one includes the information you know of the other player based on the information in their Bio on the dating app. You will start the conversation.\nOn each further turn you can react to what the other player tells you. For this you can either continue the conversation if you have not met an agreement yet or are not happy with the proposal, or end the game by agreeing to the proposal. \n\nThere is a total of four agreements throughout the game: \"Agreement on Time\", \"Agreement on Location\", \"Agreement on Action\", \"Overall Agreement\". You and the other player need to find an agreement on each of them.\nYou should only choose \"Overall Agreement\" after you and your date manage to settle an agreement for the other three ones (Time, Location, Action). \nYou have 15 turns to finish the game and find all agreements. \n\nYour answer has to consist ONLY of the following information and follow the given template:\n\n[reason] Your reason for your decision. [end]\n\n[sentiment] Choose one of the following: \"Continue Conversation\", \"Agreement on Time\", \"Agreement on Location\", \"Agreement on Action\", \"Overall Agreement\" [end]\n\n[response] Your response to the other player. This can include your sentiment, opinion, alternative. [end]\n\nYour answer for [response] must NOT exceed 100 tokens.\n\nThe game ends when 1) both you and the other player reply with the sentiment \"Overall Agreement\", 2) one of you chooses the sentiment \"Overall Agreement\" without the other one choosing it in the following turn, 3) you run out of turns to communicate or 4) you do not follow the template.\n\nThis is your character: {'NAME': 'Aiden Reyes', 'GENDER': 'Male', 'AGE': 26, 'APPEARANCE': 'Lean and fit, short black hair, green eyes, casual yet trendy clothing, tattoo sleeve on left arm.', 'OCCUPATION': 'Photographer', 'LIKES': 'Street art, animals, spontaneous trips.', 'DISLIKES': 'Routine, pessimism, junk food.', 'HOBBIES': 'Urban exploration, skateboarding, wildlife photography.', 'SUMMARY': 'I like spontanious actions that keep me and my mind active.'}\n\nThis is the character of the other player: ${'NAME': 'Ethan Moore', 'GENDER': 'Male', 'AGE': 42, 'APPEARANCE': 'Salt and pepper hair, warm smile, crinkled eyes when he laughs, wears well-fitting suits.', 'OCCUPATION': 'University Professor (Literature)', 'SUMMARY': 'Good books are twice as fun when you converse about them with a nice cup of tea. This pretty much describes me as a person.'}\n\nRemember, your goal is to find the overall agreement for your first date while staying in character.\n\nStart the game with the reason, your sentiment and the opening phrase.\n"}}, {"from": "Player 1", "to": "GM", "timestamp": "2024-09-12T14:51:42.247651", "action": {"type": "get message", "content": "[reason] Ethan seems to enjoy intellectual conversations and a calm environment, which contrasts with my more adventurous and spontaneous personality. I want to find a balance that we both can enjoy. [end]\n\n[sentiment] Continue Conversation [end]\n\n[response] Hi Ethan, I'm Aiden. I'm intrigued by your love for literature and conversation. How about we combine our interests for our first date? Maybe a morning visit to a local art gallery followed by a picnic in the park, where we can share our thoughts on the art and some good books? [end]"}}, {"from": "GM", "to": "GM", "timestamp": "2024-09-12T14:51:42.252691", "action": {"type": "parse", "content": "[reason] Ethan seems to enjoy intellectual conversations and a calm environment, which contrasts with my more adventurous and spontaneous personality. I want to find a balance that we both can enjoy. [end]\n\n[sentiment] Continue Conversation [end]\n\n[response] Hi Ethan, I'm Aiden. I'm intrigued by your love for literature and conversation. How about we combine our interests for our first date? Maybe a morning visit to a local art gallery followed by a picnic in the park, where we can share our thoughts on the art and some good books? [end] conforms to rules"}}], [{"from": "GM", "to": "Player 2", "timestamp": "2024-09-12T14:51:42.252691", "action": {"type": "send message", "content": "You are about to play a game with another player. In this game, you and the other player are both on an dating app, looking for a partner. In this case, both you and the other player decided, that you fancy each other's profile. Your and the other player's GOAL is it, to come to an agreement on what to do on your first date. At the start of the game you will be given two character sheets. The first one is the one, that defines your personality. The second one includes the information you know of the other player based on the information in their Bio on the dating app. You will be approached by the other player.\nOn each further turn you can react to what the other player tells you. For this you can either continue the conversation if you have not met an agreement yet or are not happy with the proposal, or end the game by agreeing to the proposal. \n\nThere is a total of four agreements throughout the game: \"Agreement on Time\", \"Agreement on Location\", \"Agreement on Action\", \"Overall Agreement\". You and the other player need to find an agreement on each of them.\nYou should only choose \"Overall Agreement\" after you and your date manage to settle an agreement for the other three ones (Time, Location, Action). \nYou have 15 turns to finish the game and find all agreements. \n\nYour answer has to consist ONLY of the following information and follow the given template:\n\n[reason] Your reason for your decision. [end]\n\n[sentiment] Choose one of the following: \"Continue Conversation\", \"Agreement on Time\", \"Agreement on Location\", \"Agreement on Action\", \"Overall Agreement\" [end]\n\n[response] Your response to the other player. This can include your sentiment, opinion, alternative. [end]\n\nYour answer for [response] must NOT exceed 100 tokens.\n\nThe game ends when 1) both you and the other player reply with the sentiment \"Overall Agreement\", 2) one of you chooses the sentiment \"Overall Agreement\" without the other one choosing it in the following turn, 3) you run out of turns to communicate or 4) you do not follow the template.\n\nThis is your character: {'NAME': 'Ethan Moore', 'GENDER': 'Male', 'AGE': 42, 'APPEARANCE': 'Salt and pepper hair, warm smile, crinkled eyes when he laughs, wears well-fitting suits.', 'OCCUPATION': 'University Professor (Literature)', 'LIKES': 'Engaging discussions, classic literature, a good cup of tea.', 'DISLIKES': 'Superficiality, technology dependence, loud noises.', 'HOBBIES': 'Reading, attending plays and concerts, spending time in nature.', 'SUMMARY': 'Good books are twice as fun when you converse about them with a nice cup of tea. This pretty much describes me as a person.'}\n\nThis is the character of the other player: ${'NAME': 'Aiden Reyes', 'GENDER': 'Male', 'AGE': 26, 'APPEARANCE': 'Lean and fit, short black hair, green eyes, casual yet trendy clothing, tattoo sleeve on left arm.', 'OCCUPATION': 'Photographer', 'SUMMARY': 'I like spontanious actions that keep me and my mind active.'}\n\nRemember, your goal is to find the overall agreement for your first date while staying in character.\n\nContinue the game with the reason, your sentiment and an answer phrase to the first message of the other player:\n\nMessage:  Hi Ethan, I'm Aiden. I'm intrigued by your love for literature and conversation. How about we combine our interests for our first date? Maybe a morning visit to a local art gallery followed by a picnic in the park, where we can share our thoughts on the art and some good books? [end]\n"}}, {"from": "Player 2", "to": "GM", "timestamp": "2024-09-12T14:51:44.213097", "action": {"type": "get message", "content": "[reason] Aiden's suggestion of combining our interests for our first date is appealing. I appreciate the idea of visiting an art gallery and having a picnic in the park. However, I prefer afternoon or evening activities due to my work schedule. [end]\n\n[sentiment] Continue Conversation [end]\n\n[response] Hi Aiden, it's a pleasure to meet you. I'm delighted by your proposal to combine our interests. While the art gallery and picnic sound wonderful, I would prefer a later time in the day. How about we meet in the afternoon instead? [end]"}}, {"from": "GM", "to": "GM", "timestamp": "2024-09-12T14:51:44.214096", "action": {"type": "parse", "content": "[reason] Aiden's suggestion of combining our interests for our first date is appealing. I appreciate the idea of visiting an art gallery and having a picnic in the park. However, I prefer afternoon or evening activities due to my work schedule. [end]\n\n[sentiment] Continue Conversation [end]\n\n[response] Hi Aiden, it's a pleasure to meet you. I'm delighted by your proposal to combine our interests. While the art gallery and picnic sound wonderful, I would prefer a later time in the day. How about we meet in the afternoon instead? [end] conforms to rules"}}], [{"from": "GM", "to": "Player 1", "timestamp": "2024-09-12T14:51:44.214096", "action": {"type": "send message", "content": "Ethan Moore 's Message:  Hi Aiden, it's a pleasure to meet you. I'm delighted by your proposal to combine our interests. While the art gallery and picnic sound wonderful, I would prefer a later time in the day. How about we meet in the afternoon instead? [end]\n"}}, {"from": "Player 1", "to": "GM", "timestamp": "2024-09-12T14:51:45.839058", "action": {"type": "get message", "content": "[reason] Ethan prefers a later time in the day, which is a reasonable request. I'm open to adjusting our plans to accommodate his preference. [end]\n\n[sentiment] Agreement on Time [end]\n\n[response] Afternoon it is, Ethan! I'm glad you're open to the idea of visiting an art gallery and having a picnic. Let's meet at 2 PM. [end]"}}, {"from": "GM", "to": "GM", "timestamp": "2024-09-12T14:51:45.839058", "action": {"type": "parse", "content": "[reason] Ethan prefers a later time in the day, which is a reasonable request. I'm open to adjusting our plans to accommodate his preference. [end]\n\n[sentiment] Agreement on Time [end]\n\n[response] Afternoon it is, Ethan! I'm glad you're open to the idea of visiting an art gallery and having a picnic. Let's meet at 2 PM. [end] conforms to rules"}}], [{"from": "GM", "to": "Player 2", "timestamp": "2024-09-12T14:51:45.839058", "action": {"type": "send message", "content": "Aiden Reyes 's Message:  Afternoon it is, Ethan! I'm glad you're open to the idea of visiting an art gallery and having a picnic. Let's meet at 2 PM. [end]\n"}}, {"from": "Player 2", "to": "GM", "timestamp": "2024-09-12T14:51:47.688619", "action": {"type": "get message", "content": "[reason] Aiden has agreed to meet in the afternoon, which aligns with my preference. The time of 2 PM is suitable for me. [end]\n\n[sentiment] Agreement on Time [end]\n\n[response] I'm glad we could agree on the time, Aiden. Meeting at 2 PM works perfectly for me. [end]"}}, {"from": "GM", "to": "GM", "timestamp": "2024-09-12T14:51:47.688619", "action": {"type": "parse", "content": "[reason] Aiden has agreed to meet in the afternoon, which aligns with my preference. The time of 2 PM is suitable for me. [end]\n\n[sentiment] Agreement on Time [end]\n\n[response] I'm glad we could agree on the time, Aiden. Meeting at 2 PM works perfectly for me. [end] conforms to rules"}}, {"from": "GM", "to": "GM", "timestamp": "2024-09-12T14:51:47.688619", "action": {"type": "time agreement", "content": "agreement on time successful"}}], [{"from": "GM", "to": "Player 1", "timestamp": "2024-09-12T14:51:47.689540", "action": {"type": "send message", "content": "Ethan Moore 's Message:  I'm glad we could agree on the time, Aiden. Meeting at 2 PM works perfectly for me. [end]\n"}}, {"from": "Player 1", "to": "GM", "timestamp": "2024-09-12T14:51:49.566424", "action": {"type": "get message", "content": "[reason] Ethan has agreed to the time, so now we need to finalize the location. I'm thinking of a local art gallery that has a mix of modern and classic art, which could cater to both our tastes. [end]\n\n[sentiment] Continue Conversation [end]\n\n[response] Great! I was thinking we could visit the \"Art in Motion\" gallery, which has a diverse collection of art pieces. Afterward, we can head to the nearby park for our picnic. What do you think, Ethan? [end]"}}, {"from": "GM", "to": "GM", "timestamp": "2024-09-12T14:51:49.566424", "action": {"type": "parse", "content": "[reason] Ethan has agreed to the time, so now we need to finalize the location. I'm thinking of a local art gallery that has a mix of modern and classic art, which could cater to both our tastes. [end]\n\n[sentiment] Continue Conversation [end]\n\n[response] Great! I was thinking we could visit the \"Art in Motion\" gallery, which has a diverse collection of art pieces. Afterward, we can head to the nearby park for our picnic. What do you think, Ethan? [end] conforms to rules"}}, {"from": "GM", "to": "GM", "timestamp": "2024-09-12T14:51:49.566424", "action": {"type": "mismatch time agreement", "content": "no time agreement, mismatched sentiment"}}], [{"from": "GM", "to": "Player 2", "timestamp": "2024-09-12T14:51:49.567425", "action": {"type": "send message", "content": "Aiden Reyes 's Message:  Great! I was thinking we could visit the \"Art in Motion\" gallery, which has a diverse collection of art pieces. Afterward, we can head to the nearby park for our picnic. What do you think, Ethan? [end]\n"}}, {"from": "Player 2", "to": "GM", "timestamp": "2024-09-12T14:51:51.073855", "action": {"type": "get message", "content": "[reason] Aiden's suggestion of visiting the \"Art in Motion\" gallery is appealing, as it offers a diverse collection of art pieces. The nearby park is also a suitable location for our picnic. [end]\n\n[sentiment] Agreement on Location [end]\n\n[response] The \"Art in Motion\" gallery sounds like an excellent choice, Aiden. I'm looking forward to exploring its diverse collection. The nearby park is also a perfect spot for our picnic. [end]"}}, {"from": "GM", "to": "GM", "timestamp": "2024-09-12T14:51:51.074857", "action": {"type": "parse", "content": "[reason] Aiden's suggestion of visiting the \"Art in Motion\" gallery is appealing, as it offers a diverse collection of art pieces. The nearby park is also a suitable location for our picnic. [end]\n\n[sentiment] Agreement on Location [end]\n\n[response] The \"Art in Motion\" gallery sounds like an excellent choice, Aiden. I'm looking forward to exploring its diverse collection. The nearby park is also a perfect spot for our picnic. [end] conforms to rules"}}], [{"from": "GM", "to": "Player 1", "timestamp": "2024-09-12T14:51:51.074857", "action": {"type": "send message", "content": "Ethan Moore 's Message:  The \"Art in Motion\" gallery sounds like an excellent choice, Aiden. I'm looking forward to exploring its diverse collection. The nearby park is also a perfect spot for our picnic. [end]\n"}}, {"from": "Player 1", "to": "GM", "timestamp": "2024-09-12T14:51:53.219705", "action": {"type": "get message", "content": "[reason] Ethan has agreed to the location, so now we need to decide on the activity. I think it would be nice to share our thoughts on the art pieces we see and discuss our favorite books during the picnic. [end]\n\n[sentiment] Continue Conversation [end]\n\n[response] I'm glad you like the gallery and park, Ethan. For our activity, I propose we take our time exploring the gallery and discussing the art pieces that catch our attention. Then, during the picnic, we can share our favorite books and have a lively conversation about them. [end]"}}, {"from": "GM", "to": "GM", "timestamp": "2024-09-12T14:51:53.220702", "action": {"type": "parse", "content": "[reason] Ethan has agreed to the location, so now we need to decide on the activity. I think it would be nice to share our thoughts on the art pieces we see and discuss our favorite books during the picnic. [end]\n\n[sentiment] Continue Conversation [end]\n\n[response] I'm glad you like the gallery and park, Ethan. For our activity, I propose we take our time exploring the gallery and discussing the art pieces that catch our attention. Then, during the picnic, we can share our favorite books and have a lively conversation about them. [end] conforms to rules"}}, {"from": "GM", "to": "GM", "timestamp": "2024-09-12T14:51:53.220702", "action": {"type": "mismatch location agreement", "content": "no location agreement, mismatched sentiment"}}], [{"from": "GM", "to": "Player 2", "timestamp": "2024-09-12T14:51:53.220702", "action": {"type": "send message", "content": "Aiden Reyes 's Message:  I'm glad you like the gallery and park, Ethan. For our activity, I propose we take our time exploring the gallery and discussing the art pieces that catch our attention. Then, during the picnic, we can share our favorite books and have a lively conversation about them. [end]\n"}}, {"from": "Player 2", "to": "GM", "timestamp": "2024-09-12T14:51:54.643547", "action": {"type": "get message", "content": "[reason] Aiden's proposal for our activity is engaging and aligns with my interests. I appreciate the idea of discussing art pieces at the gallery and sharing our favorite books during the picnic. [end]\n\n[sentiment] Agreement on Action [end]\n\n[response] I'm thrilled with your proposal, Aiden. Exploring the gallery and discussing the art pieces sounds like a wonderful activity. Sharing our favorite books during the picnic will undoubtedly make for a lively conversation. [end]"}}, {"from": "GM", "to": "GM", "timestamp": "2024-09-12T14:51:54.644555", "action": {"type": "parse", "content": "[reason] Aiden's proposal for our activity is engaging and aligns with my interests. I appreciate the idea of discussing art pieces at the gallery and sharing our favorite books during the picnic. [end]\n\n[sentiment] Agreement on Action [end]\n\n[response] I'm thrilled with your proposal, Aiden. Exploring the gallery and discussing the art pieces sounds like a wonderful activity. Sharing our favorite books during the picnic will undoubtedly make for a lively conversation. [end] conforms to rules"}}], [{"from": "GM", "to": "Player 1", "timestamp": "2024-09-12T14:51:54.644555", "action": {"type": "send message", "content": "Ethan Moore 's Message:  I'm thrilled with your proposal, Aiden. Exploring the gallery and discussing the art pieces sounds like a wonderful activity. Sharing our favorite books during the picnic will undoubtedly make for a lively conversation. [end]\n"}}, {"from": "Player 1", "to": "GM", "timestamp": "2024-09-12T14:51:56.335071", "action": {"type": "get message", "content": "[reason] Ethan has agreed to the activity, so now we have reached an overall agreement for our first date. I'm looking forward to spending time with him and getting to know him better. [end]\n\n[sentiment] Overall Agreement [end]\n\n[response] I'm so glad we could find a balance between our interests, Ethan. I'm really looking forward to our first date at the \"Art in Motion\" gallery, followed by a picnic in the park. See you at 2 PM! [end]"}}, {"from": "GM", "to": "GM", "timestamp": "2024-09-12T14:51:56.335071", "action": {"type": "parse", "content": "[reason] Ethan has agreed to the activity, so now we have reached an overall agreement for our first date. I'm looking forward to spending time with him and getting to know him better. [end]\n\n[sentiment] Overall Agreement [end]\n\n[response] I'm so glad we could find a balance between our interests, Ethan. I'm really looking forward to our first date at the \"Art in Motion\" gallery, followed by a picnic in the park. See you at 2 PM! [end] conforms to rules"}}, {"from": "GM", "to": "GM", "timestamp": "2024-09-12T14:51:56.335071", "action": {"type": "mismatch action agreement", "content": "no action agreement, mismatched sentiment"}}], [{"from": "GM", "to": "Player 2", "timestamp": "2024-09-12T14:51:56.335071", "action": {"type": "send message", "content": "Aiden Reyes 's Message:  I'm so glad we could find a balance between our interests, Ethan. I'm really looking forward to our first date at the \"Art in Motion\" gallery, followed by a picnic in the park. See you at 2 PM! [end]\n"}}, {"from": "Player 2", "to": "GM", "timestamp": "2024-09-12T14:51:57.910891", "action": {"type": "get message", "content": "[reason] Aiden and I have successfully found a balance between our interests and agreed on the time, location, and activity for our first date. I'm genuinely looking forward to our date at the \"Art in Motion\" gallery and the picnic in the park. [end]\n\n[sentiment] Overall Agreement [end]\n\n[response] I couldn't agree more, Aiden. I'm genuinely excited about our first date and can't wait to meet you at 2 PM at the \"Art in Motion\" gallery. See you then! [end]"}}, {"from": "GM", "to": "GM", "timestamp": "2024-09-12T14:51:57.910891", "action": {"type": "parse", "content": "[reason] Aiden and I have successfully found a balance between our interests and agreed on the time, location, and activity for our first date. I'm genuinely looking forward to our date at the \"Art in Motion\" gallery and the picnic in the park. [end]\n\n[sentiment] Overall Agreement [end]\n\n[response] I couldn't agree more, Aiden. I'm genuinely excited about our first date and can't wait to meet you at 2 PM at the \"Art in Motion\" gallery. See you then! [end] conforms to rules"}}, {"from": "GM", "to": "GM", "timestamp": "2024-09-12T14:51:57.910891", "action": {"type": "overall agreement", "content": "game successful"}}]], "max_turns": 15, "completed_turns": 10, "time_agreement": true, "location_agreement": false, "action_agreement": false}