{"players": {"GM": "Game master for datingsim", "Player 1": "openchat-3.6-8b", "Player 2": "openchat-3.6-8b"}, "turns": [[{"from": "GM", "to": "Player 1", "timestamp": "2024-09-12T18:36:34.341369", "action": {"type": "send message", "content": "You are about to play a game with another player. In this game, you and the other player are both on an dating app, looking for a partner. In this case, both you and the other player decided, that you fancy each other's profile. Your and the other player's GOAL is it, to come to an agreement on what to do on your first date. At the start of the game you will be given two character sheets. The first one is the one, that defines your personality. The second one includes the information you know of the other player based on the information in their Bio on the dating app. You will start the conversation.\nOn each further turn you can react to what the other player tells you. For this you can either continue the conversation if you have not met an agreement yet or are not happy with the proposal, or end the game by agreeing to the proposal. \n\nThere is a total of four agreements throughout the game: \"Agreement on Time\", \"Agreement on Location\", \"Agreement on Action\", \"Overall Agreement\". You and the other player need to find an agreement on each of them.\nYou should only choose \"Overall Agreement\" after you and your date manage to settle an agreement for the other three ones (Time, Location, Action). \nYou have 15 turns to finish the game and find all agreements. \n\nYour answer has to consist ONLY of the following information and follow the given template:\n\n[reason] Your reason for your decision. [end]\n\n[sentiment] Choose one of the following: \"Continue Conversation\", \"Agreement on Time\", \"Agreement on Location\", \"Agreement on Action\", \"Overall Agreement\" [end]\n\n[response] Your response to the other player. This can include your sentiment, opinion, alternative. [end]\n\nYour answer for [response] must NOT exceed 100 tokens.\n\nThe game ends when 1) both you and the other player reply with the sentiment \"Overall Agreement\", 2) one of you chooses the sentiment \"Overall Agreement\" without the other one choosing it in the following turn, 3) you run out of turns to communicate or 4) you do not follow the template.\n\nThis is your character: {'NAME': 'Riley Taylor', 'GENDER': 'Non-binary', 'AGE': 38, 'APPEARANCE': 'Short silver hair, dark eyes, modern professional attire, glasses, calm and composed.', 'OCCUPATION': 'Architect', 'LIKES': 'Modern design, sustainability, jazz music.', 'DISLIKES': 'Wastefulness, misinformation, extreme heat.', 'HOBBIES': 'Sketching, visiting art museums, playing the saxophone.', 'SUMMARY': 'I am an architect with a passion for modern design and sustainability.'}\n\nThis is the character of the other player: ${'NAME': 'Riley Taylor', 'SUMMARY': 'I am an architect with a passion for modern design and sustainability.'}\n\nRemember, your goal is to find the overall agreement for your first date while staying in character.\n\nStart the game with the reason, your sentiment and the opening phrase.\n"}}, {"from": "Player 1", "to": "GM", "timestamp": "2024-09-12T18:36:39.453966", "action": {"type": "get message", "content": "[reason] I'm glad we both seem to have similar interests. [end]\n\n[sentiment] Agreement on Time [end]\n\n[response] How about meeting up around 7pm? That's a good time for me to unwind after work. [end]"}}, {"from": "GM", "to": "GM", "timestamp": "2024-09-12T18:36:39.454184", "action": {"type": "parse", "content": "[reason] I'm glad we both seem to have similar interests. [end]\n\n[sentiment] Agreement on Time [end]\n\n[response] How about meeting up around 7pm? That's a good time for me to unwind after work. [end] conforms to rules"}}], [{"from": "GM", "to": "Player 2", "timestamp": "2024-09-12T18:36:39.454257", "action": {"type": "send message", "content": "You are about to play a game with another player. In this game, you and the other player are both on an dating app, looking for a partner. In this case, both you and the other player decided, that you fancy each other's profile. Your and the other player's GOAL is it, to come to an agreement on what to do on your first date. At the start of the game you will be given two character sheets. The first one is the one, that defines your personality. The second one includes the information you know of the other player based on the information in their Bio on the dating app. You will be approached by the other player.\nOn each further turn you can react to what the other player tells you. For this you can either continue the conversation if you have not met an agreement yet or are not happy with the proposal, or end the game by agreeing to the proposal. \n\nThere is a total of four agreements throughout the game: \"Agreement on Time\", \"Agreement on Location\", \"Agreement on Action\", \"Overall Agreement\". You and the other player need to find an agreement on each of them.\nYou should only choose \"Overall Agreement\" after you and your date manage to settle an agreement for the other three ones (Time, Location, Action). \nYou have 15 turns to finish the game and find all agreements. \n\nYour answer has to consist ONLY of the following information and follow the given template:\n\n[reason] Your reason for your decision. [end]\n\n[sentiment] Choose one of the following: \"Continue Conversation\", \"Agreement on Time\", \"Agreement on Location\", \"Agreement on Action\", \"Overall Agreement\" [end]\n\n[response] Your response to the other player. This can include your sentiment, opinion, alternative. [end]\n\nYour answer for [response] must NOT exceed 100 tokens.\n\nThe game ends when 1) both you and the other player reply with the sentiment \"Overall Agreement\", 2) one of you chooses the sentiment \"Overall Agreement\" without the other one choosing it in the following turn, 3) you run out of turns to communicate or 4) you do not follow the template.\n\nThis is your character: {'NAME': 'Riley Taylor', 'GENDER': 'Non-binary', 'AGE': 38, 'APPEARANCE': 'Short silver hair, dark eyes, modern professional attire, glasses, calm and composed.', 'OCCUPATION': 'Architect', 'LIKES': 'Modern design, sustainability, jazz music.', 'DISLIKES': 'Wastefulness, misinformation, extreme heat.', 'HOBBIES': 'Sketching, visiting art museums, playing the saxophone.', 'SUMMARY': 'I am an architect with a passion for modern design and sustainability.'}\n\nThis is the character of the other player: ${'NAME': 'Riley Taylor', 'SUMMARY': 'I am an architect with a passion for modern design and sustainability.'}\n\nRemember, your goal is to find the overall agreement for your first date while staying in character.\n\nContinue the game with the reason, your sentiment and an answer phrase to the first message of the other player:\n\nMessage:  How about meeting up around 7pm? That's a good time for me to unwind after work. [end]\n"}}, {"from": "Player 2", "to": "GM", "timestamp": "2024-09-12T18:36:45.024170", "action": {"type": "get message", "content": "[reason] I'm glad you suggested that time! It gives us enough time to enjoy our date without feeling rushed. [end]\n\n[sentiment] Agreement on Time [end]\n\n[response] Great, 7pm works perfectly for me too. Let's go with that! [end]"}}, {"from": "GM", "to": "GM", "timestamp": "2024-09-12T18:36:45.024427", "action": {"type": "parse", "content": "[reason] I'm glad you suggested that time! It gives us enough time to enjoy our date without feeling rushed. [end]\n\n[sentiment] Agreement on Time [end]\n\n[response] Great, 7pm works perfectly for me too. Let's go with that! [end] conforms to rules"}}], [{"from": "GM", "to": "Player 1", "timestamp": "2024-09-12T18:36:45.024506", "action": {"type": "send message", "content": "Riley Taylor 's Message:  Great, 7pm works perfectly for me too. Let's go with that! [end]\n"}}, {"from": "Player 1", "to": "GM", "timestamp": "2024-09-12T18:36:50.727420", "action": {"type": "get message", "content": "[reason] Awesome, I'm glad we both agree on the timing. [end]\n\n[sentiment] Agreement on Location [end]\n\n[response] What about meeting at a local jazz club? It would be great to enjoy some live music together. [end]"}}, {"from": "GM", "to": "GM", "timestamp": "2024-09-12T18:36:50.727798", "action": {"type": "parse", "content": "[reason] Awesome, I'm glad we both agree on the timing. [end]\n\n[sentiment] Agreement on Location [end]\n\n[response] What about meeting at a local jazz club? It would be great to enjoy some live music together. [end] conforms to rules"}}, {"from": "GM", "to": "GM", "timestamp": "2024-09-12T18:36:50.727877", "action": {"type": "mismatch time agreement", "content": "no time agreement, mismatched sentiment"}}], [{"from": "GM", "to": "Player 2", "timestamp": "2024-09-12T18:36:50.727998", "action": {"type": "send message", "content": "Riley Taylor 's Message:  What about meeting at a local jazz club? It would be great to enjoy some live music together. [end]\n"}}, {"from": "Player 2", "to": "GM", "timestamp": "2024-09-12T18:36:57.337346", "action": {"type": "get message", "content": "[reason] That sounds like a fun idea! I love jazz music and it seems like a perfect way to spend our time together. [end]\n\n[sentiment] Agreement on Action [end]\n\n[response] Yes, going to a jazz club is an excellent choice! Let's do that. [end]"}}, {"from": "GM", "to": "GM", "timestamp": "2024-09-12T18:36:57.337786", "action": {"type": "parse", "content": "[reason] That sounds like a fun idea! I love jazz music and it seems like a perfect way to spend our time together. [end]\n\n[sentiment] Agreement on Action [end]\n\n[response] Yes, going to a jazz club is an excellent choice! Let's do that. [end] conforms to rules"}}, {"from": "GM", "to": "GM", "timestamp": "2024-09-12T18:36:57.337880", "action": {"type": "mismatch location agreement", "content": "no location agreement, mismatched sentiment"}}], [{"from": "GM", "to": "Player 1", "timestamp": "2024-09-12T18:36:57.339302", "action": {"type": "send message", "content": "Riley Taylor 's Message:  Yes, going to a jazz club is an excellent choice! Let's do that. [end]\n"}}, {"from": "Player 1", "to": "GM", "timestamp": "2024-09-12T18:37:03.500854", "action": {"type": "get message", "content": "[reason] That's fantastic, I'm looking forward to it already. [end]\n\n[sentiment] Agreement on Action [end]\n\n[response] Great, so we'll meet at the jazz club and enjoy some live music together. Sounds like a plan! [end]"}}, {"from": "GM", "to": "GM", "timestamp": "2024-09-12T18:37:03.501181", "action": {"type": "parse", "content": "[reason] That's fantastic, I'm looking forward to it already. [end]\n\n[sentiment] Agreement on Action [end]\n\n[response] Great, so we'll meet at the jazz club and enjoy some live music together. Sounds like a plan! [end] conforms to rules"}}, {"from": "GM", "to": "GM", "timestamp": "2024-09-12T18:37:03.501263", "action": {"type": "action agreement", "content": "agreement on action successful"}}], [{"from": "GM", "to": "Player 2", "timestamp": "2024-09-12T18:37:03.501397", "action": {"type": "send message", "content": "Riley Taylor 's Message:  Great, so we'll meet at the jazz club and enjoy some live music together. Sounds like a plan! [end]\n"}}, {"from": "Player 2", "to": "GM", "timestamp": "2024-09-12T18:37:10.353094", "action": {"type": "get message", "content": "[reason] I'm really looking forward to this date already! Meeting at the jazz club will be such a great experience for both of us. [end]\n\n[sentiment] Agreement on Location [end]\n\n[response] Absolutely, the jazz club is perfect. Can't wait to see you there! [end]"}}, {"from": "GM", "to": "GM", "timestamp": "2024-09-12T18:37:10.353414", "action": {"type": "parse", "content": "[reason] I'm really looking forward to this date already! Meeting at the jazz club will be such a great experience for both of us. [end]\n\n[sentiment] Agreement on Location [end]\n\n[response] Absolutely, the jazz club is perfect. Can't wait to see you there! [end] conforms to rules"}}, {"from": "GM", "to": "GM", "timestamp": "2024-09-12T18:37:10.353487", "action": {"type": "mismatch action agreement", "content": "no action agreement, mismatched sentiment"}}], [{"from": "GM", "to": "Player 1", "timestamp": "2024-09-12T18:37:10.353599", "action": {"type": "send message", "content": "Riley Taylor 's Message:  Absolutely, the jazz club is perfect. Can't wait to see you there! [end]\n"}}, {"from": "Player 1", "to": "GM", "timestamp": "2024-09-12T18:37:16.820226", "action": {"type": "get message", "content": "[reason] I'm really excited about our first date already. [end]\n\n[sentiment] Overall Agreement [end]\n\n[response] Me too! Let's make it happen. See you at the jazz club tonight, 7pm! [end]"}}, {"from": "GM", "to": "GM", "timestamp": "2024-09-12T18:37:16.820478", "action": {"type": "parse", "content": "[reason] I'm really excited about our first date already. [end]\n\n[sentiment] Overall Agreement [end]\n\n[response] Me too! Let's make it happen. See you at the jazz club tonight, 7pm! [end] conforms to rules"}}, {"from": "GM", "to": "GM", "timestamp": "2024-09-12T18:37:16.820546", "action": {"type": "mismatch location agreement", "content": "no location agreement, mismatched sentiment"}}], [{"from": "GM", "to": "Player 2", "timestamp": "2024-09-12T18:37:16.820658", "action": {"type": "send message", "content": "Riley Taylor 's Message:  Me too! Let's make it happen. See you at the jazz club tonight, 7pm! [end]\n"}}, {"from": "Player 2", "to": "GM", "timestamp": "2024-09-12T18:37:24.158745", "action": {"type": "get message", "content": "[reason] I'm so excited for our date tonight! Meeting at the jazz club at 7pm is perfect. [end]\n\n[sentiment] Overall Agreement [end]\n\n[response] Me too! Thanks for suggesting the jazz club and 7pm. Looking forward to seeing you there. [end]"}}, {"from": "GM", "to": "GM", "timestamp": "2024-09-12T18:37:24.159149", "action": {"type": "parse", "content": "[reason] I'm so excited for our date tonight! Meeting at the jazz club at 7pm is perfect. [end]\n\n[sentiment] Overall Agreement [end]\n\n[response] Me too! Thanks for suggesting the jazz club and 7pm. Looking forward to seeing you there. [end] conforms to rules"}}, {"from": "GM", "to": "GM", "timestamp": "2024-09-12T18:37:24.159238", "action": {"type": "overall agreement", "content": "game successful"}}]], "max_turns": 15, "completed_turns": 8, "time_agreement": false, "location_agreement": false, "action_agreement": true}