{"players": {"GM": "Game master for datingsim", "Player 1": "openchat-3.6-8b", "Player 2": "openchat-3.6-8b"}, "turns": [[{"from": "GM", "to": "Player 1", "timestamp": "2024-09-12T17:45:29.459910", "action": {"type": "send message", "content": "You are about to play a game with another player. In this game, you and the other player are both on an dating app, looking for a partner. In this case, both you and the other player decided, that you fancy each other's profile. Your and the other player's GOAL is it, to come to an agreement on what to do on your first date. At the start of the game you will be given two character sheets. The first one is the one, that defines your personality. The second one includes the information you know of the other player based on the information in their Bio on the dating app. You will start the conversation.\nOn each further turn you can react to what the other player tells you. For this you can either continue the conversation if you have not met an agreement yet or are not happy with the proposal, or end the game by agreeing to the proposal. \n\nThere is a total of four agreements throughout the game: \"Agreement on Time\", \"Agreement on Location\", \"Agreement on Action\", \"Overall Agreement\". You and the other player need to find an agreement on each of them.\nYou should only choose \"Overall Agreement\" after you and your date manage to settle an agreement for the other three ones (Time, Location, Action). \nYou have 15 turns to finish the game and find all agreements. \n\nYour answer has to consist ONLY of the following information and follow the given template:\n\n[reason] Your reason for your decision. [end]\n\n[sentiment] Choose one of the following: \"Continue Conversation\", \"Agreement on Time\", \"Agreement on Location\", \"Agreement on Action\", \"Overall Agreement\" [end]\n\n[response] Your response to the other player. This can include your sentiment, opinion, alternative. [end]\n\nYour answer for [response] must NOT exceed 100 tokens.\n\nThe game ends when 1) both you and the other player reply with the sentiment \"Overall Agreement\", 2) one of you chooses the sentiment \"Overall Agreement\" without the other one choosing it in the following turn, 3) you run out of turns to communicate or 4) you do not follow the template.\n\nThis is your character: {'NAME': 'Hiro Suzuki', 'GENDER': 'Male', 'AGE': 21, 'APPEARANCE': 'Bright blue hair (dyed), energetic eyes, playful grin, wears trendy clothes.', 'OCCUPATION': 'Up-and-Coming Esports Player (Streamer)', 'LIKES': 'Gaming, sharing his passion with his viewers, pushing his limits.', 'DISLIKES': 'Losing, negativity, feeling stagnant.', 'HOBBIES': 'Exercising, attending gaming conventions, trying out new games.', 'SUMMARY': 'Esports player who likes to connect with his viewers.'}\n\nThis is the character of the other player: ${'NAME': 'Noah Sullivan', 'SUMMARY': \"Noah of the Noah's Ark? Not quite. I believe more in science.\"}\n\nRemember, your goal is to find the overall agreement for your first date while staying in character.\n\nStart the game with the reason, your sentiment and the opening phrase.\n"}}, {"from": "Player 1", "to": "GM", "timestamp": "2024-09-12T17:45:34.808423", "action": {"type": "get message", "content": "[reason] As an up-and-coming esports player, I'm always looking for opportunities to connect with my viewers. [end]\n\n[sentiment] Agreement on Time [end]\n\n[response] Hey Noah, that sounds great! How about we meet at 7pm? [end]"}}, {"from": "GM", "to": "GM", "timestamp": "2024-09-12T17:45:34.808722", "action": {"type": "parse", "content": "[reason] As an up-and-coming esports player, I'm always looking for opportunities to connect with my viewers. [end]\n\n[sentiment] Agreement on Time [end]\n\n[response] Hey Noah, that sounds great! How about we meet at 7pm? [end] conforms to rules"}}], [{"from": "GM", "to": "Player 2", "timestamp": "2024-09-12T17:45:34.808800", "action": {"type": "send message", "content": "You are about to play a game with another player. In this game, you and the other player are both on an dating app, looking for a partner. In this case, both you and the other player decided, that you fancy each other's profile. Your and the other player's GOAL is it, to come to an agreement on what to do on your first date. At the start of the game you will be given two character sheets. The first one is the one, that defines your personality. The second one includes the information you know of the other player based on the information in their Bio on the dating app. You will be approached by the other player.\nOn each further turn you can react to what the other player tells you. For this you can either continue the conversation if you have not met an agreement yet or are not happy with the proposal, or end the game by agreeing to the proposal. \n\nThere is a total of four agreements throughout the game: \"Agreement on Time\", \"Agreement on Location\", \"Agreement on Action\", \"Overall Agreement\". You and the other player need to find an agreement on each of them.\nYou should only choose \"Overall Agreement\" after you and your date manage to settle an agreement for the other three ones (Time, Location, Action). \nYou have 15 turns to finish the game and find all agreements. \n\nYour answer has to consist ONLY of the following information and follow the given template:\n\n[reason] Your reason for your decision. [end]\n\n[sentiment] Choose one of the following: \"Continue Conversation\", \"Agreement on Time\", \"Agreement on Location\", \"Agreement on Action\", \"Overall Agreement\" [end]\n\n[response] Your response to the other player. This can include your sentiment, opinion, alternative. [end]\n\nYour answer for [response] must NOT exceed 100 tokens.\n\nThe game ends when 1) both you and the other player reply with the sentiment \"Overall Agreement\", 2) one of you chooses the sentiment \"Overall Agreement\" without the other one choosing it in the following turn, 3) you run out of turns to communicate or 4) you do not follow the template.\n\nThis is your character: {'NAME': 'Noah Sullivan', 'GENDER': 'Male', 'AGE': 42, 'APPEARANCE': 'Broad shoulders, graying hair, hazel eyes, rugged outdoor look, always has a slight stubble.', 'OCCUPATION': 'Environmental Scientist', 'LIKES': 'Nature, reading, sustainable living.', 'DISLIKES': 'Pollution, ignorance, loud noises.', 'HOBBIES': 'Hiking, gardening, birdwatching.', 'SUMMARY': \"Noah of the Noah's Ark? Not quite. I believe more in science.\"}\n\nThis is the character of the other player: ${'NAME': 'Hiro Suzuki', 'SUMMARY': 'Esports player who likes to connect with his viewers.'}\n\nRemember, your goal is to find the overall agreement for your first date while staying in character.\n\nContinue the game with the reason, your sentiment and an answer phrase to the first message of the other player:\n\nMessage:  Hey Noah, that sounds great! How about we meet at 7pm? [end]\n"}}, {"from": "Player 2", "to": "GM", "timestamp": "2024-09-12T17:45:40.764751", "action": {"type": "get message", "content": "[reason] I'm glad you're excited. However, I prefer a later time so I can finish my work earlier. [end]\n\n[sentiment] Agreement on Time [end]\n\n[response] How about 8 pm instead? That would give me enough time to wrap up my day and be ready for our date. [end]"}}, {"from": "GM", "to": "GM", "timestamp": "2024-09-12T17:45:40.765147", "action": {"type": "parse", "content": "[reason] I'm glad you're excited. However, I prefer a later time so I can finish my work earlier. [end]\n\n[sentiment] Agreement on Time [end]\n\n[response] How about 8 pm instead? That would give me enough time to wrap up my day and be ready for our date. [end] conforms to rules"}}], [{"from": "GM", "to": "Player 1", "timestamp": "2024-09-12T17:45:40.765253", "action": {"type": "send message", "content": "Noah Sullivan 's Message:  How about 8 pm instead? That would give me enough time to wrap up my day and be ready for our date. [end]\n"}}, {"from": "Player 1", "to": "GM", "timestamp": "2024-09-12T17:45:46.897998", "action": {"type": "get message", "content": "[reason] I'm flexible with the timing, but 8pm works for me too! Let's go with that. [end]\n\n[sentiment] Agreement on Time [end]\n\n[response] Awesome, so we're set to meet at 8 pm then! Looking forward to it. [end]"}}, {"from": "GM", "to": "GM", "timestamp": "2024-09-12T17:45:46.898274", "action": {"type": "parse", "content": "[reason] I'm flexible with the timing, but 8pm works for me too! Let's go with that. [end]\n\n[sentiment] Agreement on Time [end]\n\n[response] Awesome, so we're set to meet at 8 pm then! Looking forward to it. [end] conforms to rules"}}, {"from": "GM", "to": "GM", "timestamp": "2024-09-12T17:45:46.898354", "action": {"type": "time agreement", "content": "agreement on time successful"}}], [{"from": "GM", "to": "Player 2", "timestamp": "2024-09-12T17:45:46.898486", "action": {"type": "send message", "content": "Hiro Suzuki 's Message:  Awesome, so we're set to meet at 8 pm then! Looking forward to it. [end]\n"}}, {"from": "Player 2", "to": "GM", "timestamp": "2024-09-12T17:45:52.601050", "action": {"type": "get message", "content": "[reason] Great! I'm looking forward to meeting you too. [end]\n\n[sentiment] Agreement on Time [end]\n\n[response] That's settled then. Now let's move on to the location for our date. [end]"}}, {"from": "GM", "to": "GM", "timestamp": "2024-09-12T17:45:52.601280", "action": {"type": "parse", "content": "[reason] Great! I'm looking forward to meeting you too. [end]\n\n[sentiment] Agreement on Time [end]\n\n[response] That's settled then. Now let's move on to the location for our date. [end] conforms to rules"}}, {"from": "GM", "to": "GM", "timestamp": "2024-09-12T17:45:52.601347", "action": {"type": "already agreed", "content": "Agreement on Time was already achieved."}}], [{"from": "GM", "to": "Player 1", "timestamp": "2024-09-12T17:45:52.601483", "action": {"type": "send message", "content": "Noah Sullivan 's Message:  That's settled then. Now let's move on to the location for our date. [end]\n"}}, {"from": "Player 1", "to": "GM", "timestamp": "2024-09-12T17:45:58.787176", "action": {"type": "get message", "content": "[reason] I think a gaming convention would be fun and engaging, what do you think? [end]\n\n[sentiment] Agreement on Location [end]\n\n[response] A gaming convention sounds like a great idea! I'm down for that. [end]"}}, {"from": "GM", "to": "GM", "timestamp": "2024-09-12T17:45:58.787404", "action": {"type": "parse", "content": "[reason] I think a gaming convention would be fun and engaging, what do you think? [end]\n\n[sentiment] Agreement on Location [end]\n\n[response] A gaming convention sounds like a great idea! I'm down for that. [end] conforms to rules"}}, {"from": "GM", "to": "GM", "timestamp": "2024-09-12T17:45:58.787474", "action": {"type": "mismatch time agreement", "content": "no time agreement, mismatched sentiment"}}], [{"from": "GM", "to": "Player 2", "timestamp": "2024-09-12T17:45:58.787589", "action": {"type": "send message", "content": "Hiro Suzuki 's Message:  A gaming convention sounds like a great idea! I'm down for that. [end]\n"}}, {"from": "Player 2", "to": "GM", "timestamp": "2024-09-12T17:46:06.029956", "action": {"type": "get message", "content": "[reason] Awesome, I think it'll be fun and we can meet some of my friends there too. [end]\n\n[sentiment] Agreement on Location [end]\n\n[response] Sounds good to me! So we're agreed on meeting at the gaming convention then. Now let's decide on what action we want to do during our date. [end]"}}, {"from": "GM", "to": "GM", "timestamp": "2024-09-12T17:46:06.030300", "action": {"type": "parse", "content": "[reason] Awesome, I think it'll be fun and we can meet some of my friends there too. [end]\n\n[sentiment] Agreement on Location [end]\n\n[response] Sounds good to me! So we're agreed on meeting at the gaming convention then. Now let's decide on what action we want to do during our date. [end] conforms to rules"}}, {"from": "GM", "to": "GM", "timestamp": "2024-09-12T17:46:06.030373", "action": {"type": "location agreement", "content": "agreement on location successful"}}], [{"from": "GM", "to": "Player 1", "timestamp": "2024-09-12T17:46:06.030484", "action": {"type": "send message", "content": "Noah Sullivan 's Message:  Sounds good to me! So we're agreed on meeting at the gaming convention then. Now let's decide on what action we want to do during our date. [end]\n"}}, {"from": "Player 1", "to": "GM", "timestamp": "2024-09-12T17:46:13.072925", "action": {"type": "get message", "content": "[reason] I was thinking maybe we could play some games together and share our experiences? What are your thoughts? [end]\n\n[sentiment] Agreement on Action [end]\n\n[response] That sounds like a fun idea! We can definitely play some games together. [end]"}}, {"from": "GM", "to": "GM", "timestamp": "2024-09-12T17:46:13.073352", "action": {"type": "parse", "content": "[reason] I was thinking maybe we could play some games together and share our experiences? What are your thoughts? [end]\n\n[sentiment] Agreement on Action [end]\n\n[response] That sounds like a fun idea! We can definitely play some games together. [end] conforms to rules"}}, {"from": "GM", "to": "GM", "timestamp": "2024-09-12T17:46:13.073439", "action": {"type": "mismatch location agreement", "content": "no location agreement, mismatched sentiment"}}], [{"from": "GM", "to": "Player 2", "timestamp": "2024-09-12T17:46:13.073671", "action": {"type": "send message", "content": "Hiro Suzuki 's Message:  That sounds like a fun idea! We can definitely play some games together. [end]\n"}}, {"from": "Player 2", "to": "GM", "timestamp": "2024-09-12T17:46:21.605163", "action": {"type": "get message", "content": "[reason] I'm glad you're excited about it. How about we play some cooperative games? They are more interactive and fun with a partner. [end]\n\n[sentiment] Agreement on Action [end]\n\n[response] That's a great idea! We can definitely find some good cooperative games to play together. So now we have agreed on Time, Location and Action for our date. Let's make an Overall Agreement. [end]"}}, {"from": "GM", "to": "GM", "timestamp": "2024-09-12T17:46:21.605735", "action": {"type": "parse", "content": "[reason] I'm glad you're excited about it. How about we play some cooperative games? They are more interactive and fun with a partner. [end]\n\n[sentiment] Agreement on Action [end]\n\n[response] That's a great idea! We can definitely find some good cooperative games to play together. So now we have agreed on Time, Location and Action for our date. Let's make an Overall Agreement. [end] conforms to rules"}}, {"from": "GM", "to": "GM", "timestamp": "2024-09-12T17:46:21.605840", "action": {"type": "action agreement", "content": "agreement on action successful"}}], [{"from": "GM", "to": "Player 1", "timestamp": "2024-09-12T17:46:21.605989", "action": {"type": "send message", "content": "Noah Sullivan 's Message:  That's a great idea! We can definitely find some good cooperative games to play together. So now we have agreed on Time, Location and Action for our date. Let's make an Overall Agreement. [end]\n"}}, {"from": "Player 1", "to": "GM", "timestamp": "2024-09-12T17:46:29.762090", "action": {"type": "get message", "content": "[reason] I'm glad we could agree on all the details so quickly! I'm really looking forward to our first date at the gaming convention. [end]\n\n[sentiment] Overall Agreement [end]\n\n[response] Me too, Hiro! It's going to be a blast. See you at 8 pm then! [end]"}}, {"from": "GM", "to": "GM", "timestamp": "2024-09-12T17:46:29.762462", "action": {"type": "parse", "content": "[reason] I'm glad we could agree on all the details so quickly! I'm really looking forward to our first date at the gaming convention. [end]\n\n[sentiment] Overall Agreement [end]\n\n[response] Me too, Hiro! It's going to be a blast. See you at 8 pm then! [end] conforms to rules"}}, {"from": "GM", "to": "GM", "timestamp": "2024-09-12T17:46:29.762558", "action": {"type": "mismatch action agreement", "content": "no action agreement, mismatched sentiment"}}], [{"from": "GM", "to": "Player 2", "timestamp": "2024-09-12T17:46:29.762728", "action": {"type": "send message", "content": "Hiro Suzuki 's Message:  Me too, Hiro! It's going to be a blast. See you at 8 pm then! [end]\n"}}, {"from": "Player 2", "to": "GM", "timestamp": "2024-09-12T17:46:37.610825", "action": {"type": "get message", "content": "[reason] Absolutely! I'm really looking forward to it. See you at the gaming convention at 8 pm. [end]\n\n[sentiment] Overall Agreement [end]\n\n[response] Great, see you there! Have a great day and I'll see you soon. [end]"}}, {"from": "GM", "to": "GM", "timestamp": "2024-09-12T17:46:37.610961", "action": {"type": "parse", "content": "[reason] Absolutely! I'm really looking forward to it. See you at the gaming convention at 8 pm. [end]\n\n[sentiment] Overall Agreement [end]\n\n[response] Great, see you there! Have a great day and I'll see you soon. [end] conforms to rules"}}, {"from": "GM", "to": "GM", "timestamp": "2024-09-12T17:46:37.610990", "action": {"type": "overall agreement", "content": "game successful"}}]], "max_turns": 15, "completed_turns": 10, "time_agreement": true, "location_agreement": true, "action_agreement": true}