{"players": {"GM": "Game master for datingsim", "Player 1": "openchat-3.6-8b", "Player 2": "openchat-3.6-8b"}, "turns": [[{"from": "GM", "to": "Player 1", "timestamp": "2024-09-12T19:25:43.193981", "action": {"type": "send message", "content": "You are about to play a game with another player. In this game, you and the other player are both on an dating app, looking for a partner. In this case, both you and the other player decided, that you fancy each other's profile. Your and the other player's GOAL is it, to come to an agreement on what to do on your first date. At the start of the game you will be given two character sheets. The first one is the one, that defines your personality. The second one includes the information you know of the other player based on the information in their Bio on the dating app. You will start the conversation.\nOn each further turn you can react to what the other player tells you. For this you can either continue the conversation if you have not met an agreement yet or are not happy with the proposal, or end the game by agreeing to the proposal. \n\nThere is a total of four agreements throughout the game: \"Agreement on Time\", \"Agreement on Location\", \"Agreement on Action\", \"Overall Agreement\". You and the other player need to find an agreement on each of them.\nYou should only choose \"Overall Agreement\" after you and your date manage to settle an agreement for the other three ones (Time, Location, Action). \nYou have 20 turns to finish the game and find all agreements. \n\nYour answer has to consist ONLY of the following information and follow the given template:\n\n[reason] Your reason for your decision. [end]\n\n[sentiment] Choose one of the following: \"Continue Conversation\", \"Agreement on Time\", \"Agreement on Location\", \"Agreement on Action\", \"Overall Agreement\" [end]\n\n[response] Your response to the other player. This can include your sentiment, opinion, alternative. [end]\n\nYour answer for [response] must NOT exceed 100 tokens.\n\nThe game ends when 1) both you and the other player reply with the sentiment \"Overall Agreement\", 2) one of you chooses the sentiment \"Overall Agreement\" without the other one choosing it in the following turn, 3) you run out of turns to communicate or 4) you do not follow the template.\n\nThis is your character: {'NAME': 'Kai Nakamura', 'GENDER': 'Male', 'AGE': 28, 'APPEARANCE': 'Chiseled jawline, kind eyes, messy black hair, athletic build.', 'OCCUPATION': 'Bakery Owner', 'LIKES': 'Baking, early mornings, seeing people happy with his pastries.', 'DISLIKES': 'Burnt bread, negativity, rushing.', 'HOBBIES': 'Rock climbing, sketching, volunteering at a local animal shelter.', 'SUMMARY': 'I am a baker with a passion for creating delicious treats. I always find time to pursue my hobbies and give back to the community.'}\n\nThis is the character of the other player: ${'NAME': 'Dr. Olivia Khan', 'GENDER': 'Female', 'AGE': 42, 'APPEARANCE': 'Confident smile, sharp blue eyes, stylishly short black hair, professional attire with a touch of personality.', 'OCCUPATION': 'Cardiovascular Surgeon', 'SUMMARY': 'I love my work as much as I love a good riddle.'}\n\nRemember, your goal is to find the overall agreement for your first date while staying in character.\n\nStart the game with the reason, your sentiment and the opening phrase.\n"}}, {"from": "Player 1", "to": "GM", "timestamp": "2024-09-12T19:25:47.064180", "action": {"type": "get message", "content": "[reason] Your profile caught my attention because of your passion for what you do. [end]\n\n[sentiment] Continue Conversation [end]\n\n[response] I'm glad to hear that! What would be a good time for us to meet? [end]"}}, {"from": "GM", "to": "GM", "timestamp": "2024-09-12T19:25:47.064566", "action": {"type": "parse", "content": "[reason] Your profile caught my attention because of your passion for what you do. [end]\n\n[sentiment] Continue Conversation [end]\n\n[response] I'm glad to hear that! What would be a good time for us to meet? [end] conforms to rules"}}], [{"from": "GM", "to": "Player 2", "timestamp": "2024-09-12T19:25:47.064657", "action": {"type": "send message", "content": "You are about to play a game with another player. In this game, you and the other player are both on an dating app, looking for a partner. In this case, both you and the other player decided, that you fancy each other's profile. Your and the other player's GOAL is it, to come to an agreement on what to do on your first date. At the start of the game you will be given two character sheets. The first one is the one, that defines your personality. The second one includes the information you know of the other player based on the information in their Bio on the dating app. You will be approached by the other player.\nOn each further turn you can react to what the other player tells you. For this you can either continue the conversation if you have not met an agreement yet or are not happy with the proposal, or end the game by agreeing to the proposal. \n\nThere is a total of four agreements throughout the game: \"Agreement on Time\", \"Agreement on Location\", \"Agreement on Action\", \"Overall Agreement\". You and the other player need to find an agreement on each of them.\nYou should only choose \"Overall Agreement\" after you and your date manage to settle an agreement for the other three ones (Time, Location, Action). \nYou have 20 turns to finish the game and find all agreements. \n\nYour answer has to consist ONLY of the following information and follow the given template:\n\n[reason] Your reason for your decision. [end]\n\n[sentiment] Choose one of the following: \"Continue Conversation\", \"Agreement on Time\", \"Agreement on Location\", \"Agreement on Action\", \"Overall Agreement\" [end]\n\n[response] Your response to the other player. This can include your sentiment, opinion, alternative. [end]\n\nYour answer for [response] must NOT exceed 100 tokens.\n\nThe game ends when 1) both you and the other player reply with the sentiment \"Overall Agreement\", 2) one of you chooses the sentiment \"Overall Agreement\" without the other one choosing it in the following turn, 3) you run out of turns to communicate or 4) you do not follow the template.\n\nThis is your character: {'NAME': 'Dr. Olivia Khan', 'GENDER': 'Female', 'AGE': 42, 'APPEARANCE': 'Confident smile, sharp blue eyes, stylishly short black hair, professional attire with a touch of personality.', 'OCCUPATION': 'Cardiovascular Surgeon', 'LIKES': 'Helping people, pushing the boundaries of medicine, a good intellectual challenge.', 'DISLIKES': 'Arrogance, inefficiency, seeing people give up.', 'HOBBIES': 'Rock climbing (to manage stress), playing the cello, volunteering at a medical clinic for the underprivileged.', 'SUMMARY': 'I love my work as much as I love a good riddle.'}\n\nThis is the character of the other player: ${'NAME': 'Kai Nakamura', 'GENDER': 'Male', 'AGE': 28, 'APPEARANCE': 'Chiseled jawline, kind eyes, messy black hair, athletic build.', 'OCCUPATION': 'Bakery Owner', 'SUMMARY': 'I am a baker with a passion for creating delicious treats. I always find time to pursue my hobbies and give back to the community.'}\n\nRemember, your goal is to find the overall agreement for your first date while staying in character.\n\nContinue the game with the reason, your sentiment and an answer phrase to the first message of the other player:\n\nMessage:  I'm glad to hear that! What would be a good time for us to meet? [end]\n"}}, {"from": "Player 2", "to": "GM", "timestamp": "2024-09-12T19:25:52.977049", "action": {"type": "get message", "content": "[reason] Your profile caught my attention because you seem like someone who appreciates hard work and dedication. [end]\n\n[sentiment] Agreement on Time [end]\n\n[response] How about we meet at 7 pm on Friday? I'm free that day. [end]"}}, {"from": "GM", "to": "GM", "timestamp": "2024-09-12T19:25:52.977280", "action": {"type": "parse", "content": "[reason] Your profile caught my attention because you seem like someone who appreciates hard work and dedication. [end]\n\n[sentiment] Agreement on Time [end]\n\n[response] How about we meet at 7 pm on Friday? I'm free that day. [end] conforms to rules"}}], [{"from": "GM", "to": "Player 1", "timestamp": "2024-09-12T19:25:52.977363", "action": {"type": "send message", "content": "Dr. Olivia Khan 's Message:  How about we meet at 7 pm on Friday? I'm free that day. [end]\n"}}, {"from": "Player 1", "to": "GM", "timestamp": "2024-09-12T19:25:59.479847", "action": {"type": "get message", "content": "[reason] That sounds great, I usually finish work around 6 so it gives me enough time to get ready and head over. [end]\n\n[sentiment] Agreement on Time [end]\n\n[response] Perfect! So we'll meet at 7 pm on Friday. What about the location? [end]"}}, {"from": "GM", "to": "GM", "timestamp": "2024-09-12T19:25:59.480172", "action": {"type": "parse", "content": "[reason] That sounds great, I usually finish work around 6 so it gives me enough time to get ready and head over. [end]\n\n[sentiment] Agreement on Time [end]\n\n[response] Perfect! So we'll meet at 7 pm on Friday. What about the location? [end] conforms to rules"}}, {"from": "GM", "to": "GM", "timestamp": "2024-09-12T19:25:59.480256", "action": {"type": "time agreement", "content": "agreement on time successful"}}], [{"from": "GM", "to": "Player 2", "timestamp": "2024-09-12T19:25:59.480380", "action": {"type": "send message", "content": "Kai Nakamura 's Message:  Perfect! So we'll meet at 7 pm on Friday. What about the location? [end]\n"}}, {"from": "Player 2", "to": "GM", "timestamp": "2024-09-12T19:26:06.496751", "action": {"type": "get message", "content": "[reason] I think it would be great to meet in a cozy cafe, where we can have some good conversation and get to know each other better. [end]\n\n[sentiment] Agreement on Location [end]\n\n[response] That sounds perfect! I've been looking for a nice spot like that. Great choice! [end]"}}, {"from": "GM", "to": "GM", "timestamp": "2024-09-12T19:26:06.497213", "action": {"type": "parse", "content": "[reason] I think it would be great to meet in a cozy cafe, where we can have some good conversation and get to know each other better. [end]\n\n[sentiment] Agreement on Location [end]\n\n[response] That sounds perfect! I've been looking for a nice spot like that. Great choice! [end] conforms to rules"}}, {"from": "GM", "to": "GM", "timestamp": "2024-09-12T19:26:06.497313", "action": {"type": "mismatch time agreement", "content": "no time agreement, mismatched sentiment"}}], [{"from": "GM", "to": "Player 1", "timestamp": "2024-09-12T19:26:06.497453", "action": {"type": "send message", "content": "Dr. Olivia Khan 's Message:  That sounds perfect! I've been looking for a nice spot like that. Great choice! [end]\n"}}, {"from": "Player 1", "to": "GM", "timestamp": "2024-09-12T19:26:13.327665", "action": {"type": "get message", "content": "[reason] I'm glad you approve of my suggestion. How about we grab some dinner at a local Italian restaurant nearby? [end]\n\n[sentiment] Agreement on Location [end]\n\n[response] That sounds delicious! What kind of action would you like to do after dinner? [end]"}}, {"from": "GM", "to": "GM", "timestamp": "2024-09-12T19:26:13.327902", "action": {"type": "parse", "content": "[reason] I'm glad you approve of my suggestion. How about we grab some dinner at a local Italian restaurant nearby? [end]\n\n[sentiment] Agreement on Location [end]\n\n[response] That sounds delicious! What kind of action would you like to do after dinner? [end] conforms to rules"}}, {"from": "GM", "to": "GM", "timestamp": "2024-09-12T19:26:13.327973", "action": {"type": "location agreement", "content": "agreement on location successful"}}], [{"from": "GM", "to": "Player 2", "timestamp": "2024-09-12T19:26:13.328084", "action": {"type": "send message", "content": "Kai Nakamura 's Message:  That sounds delicious! What kind of action would you like to do after dinner? [end]\n"}}, {"from": "Player 2", "to": "GM", "timestamp": "2024-09-12T19:26:21.007776", "action": {"type": "get message", "content": "[reason] I think it would be fun to go rock climbing together, as it's one of my hobbies and a great way to bond. [end]\n\n[sentiment] Agreement on Action [end]\n\n[response] Rock climbing sounds amazing! I've never done it before but I'm excited to give it a try with you. [end]"}}, {"from": "GM", "to": "GM", "timestamp": "2024-09-12T19:26:21.008236", "action": {"type": "parse", "content": "[reason] I think it would be fun to go rock climbing together, as it's one of my hobbies and a great way to bond. [end]\n\n[sentiment] Agreement on Action [end]\n\n[response] Rock climbing sounds amazing! I've never done it before but I'm excited to give it a try with you. [end] conforms to rules"}}, {"from": "GM", "to": "GM", "timestamp": "2024-09-12T19:26:21.008371", "action": {"type": "mismatch location agreement", "content": "no location agreement, mismatched sentiment"}}], [{"from": "GM", "to": "Player 1", "timestamp": "2024-09-12T19:26:21.008526", "action": {"type": "send message", "content": "Dr. Olivia Khan 's Message:  Rock climbing sounds amazing! I've never done it before but I'm excited to give it a try with you. [end]\n"}}, {"from": "Player 1", "to": "GM", "timestamp": "2024-09-12T19:26:29.347360", "action": {"type": "get message", "content": "[reason] Awesome, me too! It's always fun trying new things together. So we'll meet at 7 pm on Friday, grab dinner at an Italian restaurant and then head over to the climbing gym. [end]\n\n[sentiment] Overall Agreement [end]\n\n[response] That sounds like a perfect plan! I'm really looking forward to our first date. See you on Friday! [end]"}}, {"from": "GM", "to": "GM", "timestamp": "2024-09-12T19:26:29.347671", "action": {"type": "parse", "content": "[reason] Awesome, me too! It's always fun trying new things together. So we'll meet at 7 pm on Friday, grab dinner at an Italian restaurant and then head over to the climbing gym. [end]\n\n[sentiment] Overall Agreement [end]\n\n[response] That sounds like a perfect plan! I'm really looking forward to our first date. See you on Friday! [end] conforms to rules"}}, {"from": "GM", "to": "GM", "timestamp": "2024-09-12T19:26:29.347754", "action": {"type": "mismatch action agreement", "content": "no action agreement, mismatched sentiment"}}], [{"from": "GM", "to": "Player 2", "timestamp": "2024-09-12T19:26:29.347880", "action": {"type": "send message", "content": "Kai Nakamura 's Message:  That sounds like a perfect plan! I'm really looking forward to our first date. See you on Friday! [end]\n"}}, {"from": "Player 2", "to": "GM", "timestamp": "2024-09-12T19:26:37.096254", "action": {"type": "get message", "content": "[reason] I'm so glad we could agree on everything and can't wait for our first date either! Have a great day, Kai! [end]\n\n[sentiment] Overall Agreement [end]\n\n[response] Thanks, Olivia! Have a fantastic day too. See you on Friday! [end]"}}, {"from": "GM", "to": "GM", "timestamp": "2024-09-12T19:26:37.096391", "action": {"type": "parse", "content": "[reason] I'm so glad we could agree on everything and can't wait for our first date either! Have a great day, Kai! [end]\n\n[sentiment] Overall Agreement [end]\n\n[response] Thanks, Olivia! Have a fantastic day too. See you on Friday! [end] conforms to rules"}}, {"from": "GM", "to": "GM", "timestamp": "2024-09-12T19:26:37.096416", "action": {"type": "overall agreement", "content": "game successful"}}]], "max_turns": 20, "completed_turns": 8, "time_agreement": true, "location_agreement": true, "action_agreement": false}