{"players": {"GM": "Game master for datingsim", "Player 1": "Mixtral-8x22B-Instruct-v0.1", "Player 2": "Mixtral-8x22B-Instruct-v0.1"}, "turns": [[{"from": "GM", "to": "Player 1", "timestamp": "2024-09-12T14:56:20.666912", "action": {"type": "send message", "content": "You are about to play a game with another player. In this game, you and the other player are both on an dating app, looking for a partner. In this case, both you and the other player decided, that you fancy each other's profile. Your and the other player's GOAL is it, to come to an agreement on what to do on your first date. At the start of the game you will be given two character sheets. The first one is the one, that defines your personality. The second one includes the information you know of the other player based on the information in their Bio on the dating app. You will start the conversation.\nOn each further turn you can react to what the other player tells you. For this you can either continue the conversation if you have not met an agreement yet or are not happy with the proposal, or end the game by agreeing to the proposal. \n\nThere is a total of four agreements throughout the game: \"Agreement on Time\", \"Agreement on Location\", \"Agreement on Action\", \"Overall Agreement\". You and the other player need to find an agreement on each of them.\nYou should only choose \"Overall Agreement\" after you and your date manage to settle an agreement for the other three ones (Time, Location, Action). \nYou have 15 turns to finish the game and find all agreements. \n\nYour answer has to consist ONLY of the following information and follow the given template:\n\n[reason] Your reason for your decision. [end]\n\n[sentiment] Choose one of the following: \"Continue Conversation\", \"Agreement on Time\", \"Agreement on Location\", \"Agreement on Action\", \"Overall Agreement\" [end]\n\n[response] Your response to the other player. This can include your sentiment, opinion, alternative. [end]\n\nYour answer for [response] must NOT exceed 100 tokens.\n\nThe game ends when 1) both you and the other player reply with the sentiment \"Overall Agreement\", 2) one of you chooses the sentiment \"Overall Agreement\" without the other one choosing it in the following turn, 3) you run out of turns to communicate or 4) you do not follow the template.\n\nThis is your character: {'NAME': 'Casey Rivers', 'GENDER': 'Non-binary', 'AGE': 25, 'APPEARANCE': 'Long auburn hair, hazel eyes, casual chic attire, freckles, soft-spokenr.', 'OCCUPATION': 'Bookstore Owner', 'LIKES': 'Poetry, herbal tea, rainy days.', 'DISLIKES': 'Loud environments, fast fashion, injustice.', 'HOBBIES': 'Writing, gardening, knitting.', 'SUMMARY': 'Some might say I have grandma hobbies, others however appreciate the quality and time I invest to handmade them clothes.'}\n\nThis is the character of the other player: ${'NAME': 'Jamie Park', 'SUMMARY': 'A passionate tattoo artist is who I am with which I try to tell stories and express individuality.'}\n\nRemember, your goal is to find the overall agreement for your first date while staying in character.\n\nStart the game with the reason, your sentiment and the opening phrase.\n"}}, {"from": "Player 1", "to": "GM", "timestamp": "2024-09-12T14:56:22.169658", "action": {"type": "get message", "content": "[reason] I'm intrigued by Jamie's passion for tattoo artistry and storytelling. I believe our shared appreciation for creativity and individuality could make for a great first date. [end]\n\n[sentiment] Continue Conversation [end]\n\n[response] Hi Jamie, I'm Casey. I'm really drawn to your passion for tattoo artistry and storytelling. I think it'd be wonderful to explore our shared interests on our first date. What do you think about meeting up for a cup of herbal tea? [end]"}}, {"from": "GM", "to": "GM", "timestamp": "2024-09-12T14:56:22.169658", "action": {"type": "parse", "content": "[reason] I'm intrigued by Jamie's passion for tattoo artistry and storytelling. I believe our shared appreciation for creativity and individuality could make for a great first date. [end]\n\n[sentiment] Continue Conversation [end]\n\n[response] Hi Jamie, I'm Casey. I'm really drawn to your passion for tattoo artistry and storytelling. I think it'd be wonderful to explore our shared interests on our first date. What do you think about meeting up for a cup of herbal tea? [end] conforms to rules"}}], [{"from": "GM", "to": "Player 2", "timestamp": "2024-09-12T14:56:22.169658", "action": {"type": "send message", "content": "You are about to play a game with another player. In this game, you and the other player are both on an dating app, looking for a partner. In this case, both you and the other player decided, that you fancy each other's profile. Your and the other player's GOAL is it, to come to an agreement on what to do on your first date. At the start of the game you will be given two character sheets. The first one is the one, that defines your personality. The second one includes the information you know of the other player based on the information in their Bio on the dating app. You will be approached by the other player.\nOn each further turn you can react to what the other player tells you. For this you can either continue the conversation if you have not met an agreement yet or are not happy with the proposal, or end the game by agreeing to the proposal. \n\nThere is a total of four agreements throughout the game: \"Agreement on Time\", \"Agreement on Location\", \"Agreement on Action\", \"Overall Agreement\". You and the other player need to find an agreement on each of them.\nYou should only choose \"Overall Agreement\" after you and your date manage to settle an agreement for the other three ones (Time, Location, Action). \nYou have 15 turns to finish the game and find all agreements. \n\nYour answer has to consist ONLY of the following information and follow the given template:\n\n[reason] Your reason for your decision. [end]\n\n[sentiment] Choose one of the following: \"Continue Conversation\", \"Agreement on Time\", \"Agreement on Location\", \"Agreement on Action\", \"Overall Agreement\" [end]\n\n[response] Your response to the other player. This can include your sentiment, opinion, alternative. [end]\n\nYour answer for [response] must NOT exceed 100 tokens.\n\nThe game ends when 1) both you and the other player reply with the sentiment \"Overall Agreement\", 2) one of you chooses the sentiment \"Overall Agreement\" without the other one choosing it in the following turn, 3) you run out of turns to communicate or 4) you do not follow the template.\n\nThis is your character: {'NAME': 'Jamie Park', 'GENDER': 'Non-binary', 'AGE': 21, 'APPEARANCE': 'Vibrant dyed hair (changes color often), bright and expressive eyes, wears bold and trendy clothing that reflects their artistic personality.', 'OCCUPATION': 'Tattoo Artist', 'LIKES': 'Creating meaningful and personalized tattoos, expressing their artistic vision, connecting with people through their work.', 'DISLIKES': 'Conformity, negativity, limitations on creativity.', 'HOBBIES': 'Painting, attending art festivals, experimenting with different artistic mediums.', 'SUMMARY': 'A passionate tattoo artist is who I am with which I try to tell stories and express individuality.'}\n\nThis is the character of the other player: ${'NAME': 'Casey Rivers', 'SUMMARY': 'Some might say I have grandma hobbies, others however appreciate the quality and time I invest to handmade them clothes.'}\n\nRemember, your goal is to find the overall agreement for your first date while staying in character.\n\nContinue the game with the reason, your sentiment and an answer phrase to the first message of the other player:\n\nMessage:  Hi Jamie, I'm Casey. I'm really drawn to your passion for tattoo artistry and storytelling. I think it'd be wonderful to explore our shared interests on our first date. What do you think about meeting up for a cup of herbal tea? [end]\n"}}, {"from": "Player 2", "to": "GM", "timestamp": "2024-09-12T14:56:23.977538", "action": {"type": "get message", "content": "[reason] I appreciate Casey's interest in my passion for tattoo artistry and their suggestion for a first date. I'm open to meeting up for a cup of herbal tea, but I'd like to suggest a time and location that aligns with both our interests. [end]\n\n[sentiment] Continue Conversation [end]\n\n[response] Hi Casey, it's great to meet you! I'm glad you appreciate my work. I love the idea of a cup of herbal tea, how about we meet at the local artisan tea shop, The Leafy Corner, this Saturday afternoon? [end]"}}, {"from": "GM", "to": "GM", "timestamp": "2024-09-12T14:56:23.977538", "action": {"type": "parse", "content": "[reason] I appreciate Casey's interest in my passion for tattoo artistry and their suggestion for a first date. I'm open to meeting up for a cup of herbal tea, but I'd like to suggest a time and location that aligns with both our interests. [end]\n\n[sentiment] Continue Conversation [end]\n\n[response] Hi Casey, it's great to meet you! I'm glad you appreciate my work. I love the idea of a cup of herbal tea, how about we meet at the local artisan tea shop, The Leafy Corner, this Saturday afternoon? [end] conforms to rules"}}], [{"from": "GM", "to": "Player 1", "timestamp": "2024-09-12T14:56:23.978538", "action": {"type": "send message", "content": "Jamie Park 's Message:  Hi Casey, it's great to meet you! I'm glad you appreciate my work. I love the idea of a cup of herbal tea, how about we meet at the local artisan tea shop, The Leafy Corner, this Saturday afternoon? [end]\n"}}, {"from": "Player 1", "to": "GM", "timestamp": "2024-09-12T14:56:25.761993", "action": {"type": "get message", "content": "[reason] I'm pleased that Jamie is open to meeting at The Leafy Corner, a quiet and cozy environment that suits my preferences. Saturday afternoon also works well for me. [end]\n\n[sentiment] Agreement on Time [end]\n\n[response] Hi Jamie, I'm glad you like the idea of The Leafy Corner. It's a lovely place, and I think we'll enjoy our time there. Saturday afternoon works perfectly for me. [end]"}}, {"from": "GM", "to": "GM", "timestamp": "2024-09-12T14:56:25.761993", "action": {"type": "parse", "content": "[reason] I'm pleased that Jamie is open to meeting at The Leafy Corner, a quiet and cozy environment that suits my preferences. Saturday afternoon also works well for me. [end]\n\n[sentiment] Agreement on Time [end]\n\n[response] Hi Jamie, I'm glad you like the idea of The Leafy Corner. It's a lovely place, and I think we'll enjoy our time there. Saturday afternoon works perfectly for me. [end] conforms to rules"}}], [{"from": "GM", "to": "Player 2", "timestamp": "2024-09-12T14:56:25.761993", "action": {"type": "send message", "content": "Casey Rivers 's Message:  Hi Jamie, I'm glad you like the idea of The Leafy Corner. It's a lovely place, and I think we'll enjoy our time there. Saturday afternoon works perfectly for me. [end]\n"}}, {"from": "Player 2", "to": "GM", "timestamp": "2024-09-12T14:56:28.024712", "action": {"type": "get message", "content": "[reason] I'm pleased that Casey is on board with the location and time for our first date. Now, I'd like to suggest an activity that we can do together to further explore our shared interests. [end]\n\n[sentiment] Continue Conversation [end]\n\n[response] That's great, Casey! I'm looking forward to spending time at The Leafy Corner. Since we both appreciate art, how about we bring along some sketchbooks and do some drawing while we enjoy our tea? [end]"}}, {"from": "GM", "to": "GM", "timestamp": "2024-09-12T14:56:28.024712", "action": {"type": "parse", "content": "[reason] I'm pleased that Casey is on board with the location and time for our first date. Now, I'd like to suggest an activity that we can do together to further explore our shared interests. [end]\n\n[sentiment] Continue Conversation [end]\n\n[response] That's great, Casey! I'm looking forward to spending time at The Leafy Corner. Since we both appreciate art, how about we bring along some sketchbooks and do some drawing while we enjoy our tea? [end] conforms to rules"}}, {"from": "GM", "to": "GM", "timestamp": "2024-09-12T14:56:28.024712", "action": {"type": "mismatch time agreement", "content": "no time agreement, mismatched sentiment"}}], [{"from": "GM", "to": "Player 1", "timestamp": "2024-09-12T14:56:28.024712", "action": {"type": "send message", "content": "Jamie Park 's Message:  That's great, Casey! I'm looking forward to spending time at The Leafy Corner. Since we both appreciate art, how about we bring along some sketchbooks and do some drawing while we enjoy our tea? [end]\n"}}, {"from": "Player 1", "to": "GM", "timestamp": "2024-09-12T14:56:29.676834", "action": {"type": "get message", "content": "[reason] I appreciate Jamie's suggestion to bring sketchbooks and draw together. This activity aligns with my love for creativity and would make for a memorable first date. [end]\n\n[sentiment] Agreement on Action [end]\n\n[response] Hi Jamie, I love your idea of bringing sketchbooks and drawing together. It's a wonderful way to connect and share our creativity. I'm really looking forward to our date. [end]"}}, {"from": "GM", "to": "GM", "timestamp": "2024-09-12T14:56:29.676834", "action": {"type": "parse", "content": "[reason] I appreciate Jamie's suggestion to bring sketchbooks and draw together. This activity aligns with my love for creativity and would make for a memorable first date. [end]\n\n[sentiment] Agreement on Action [end]\n\n[response] Hi Jamie, I love your idea of bringing sketchbooks and drawing together. It's a wonderful way to connect and share our creativity. I'm really looking forward to our date. [end] conforms to rules"}}], [{"from": "GM", "to": "Player 2", "timestamp": "2024-09-12T14:56:29.676834", "action": {"type": "send message", "content": "Casey Rivers 's Message:  Hi Jamie, I love your idea of bringing sketchbooks and drawing together. It's a wonderful way to connect and share our creativity. I'm really looking forward to our date. [end]\n"}}, {"from": "Player 2", "to": "GM", "timestamp": "2024-09-12T14:56:31.462192", "action": {"type": "get message", "content": "[reason] I'm thrilled that Casey is excited about the activity I suggested. It seems like we're on the same page and ready to have a great first date. [end]\n\n[sentiment] Agreement on Time, Agreement on Location, Agreement on Action, Overall Agreement [end]\n\n[response] I'm so glad you're excited about our date, Casey! I can't wait to meet you at The Leafy Corner this Saturday afternoon for some herbal tea and sketching. It's going to be a fantastic first date! [end]"}}, {"from": "GM", "to": "GM", "timestamp": "2024-09-12T14:56:31.462192", "action": {"type": "invalid format: pattern", "content": "Aborted game because of invalid format: pattern"}}]], "max_turns": 15, "completed_turns": 5, "time_agreement": false, "location_agreement": false, "action_agreement": false}