{"players": {"GM": "Game master for datingsim", "Player 1": "Mixtral-8x22B-Instruct-v0.1", "Player 2": "Mixtral-8x22B-Instruct-v0.1"}, "turns": [[{"from": "GM", "to": "Player 1", "timestamp": "2024-09-12T14:27:29.906819", "action": {"type": "send message", "content": "You are about to play a game with another player. In this game, you and the other player are both on an dating app, looking for a partner. In this case, both you and the other player decided, that you fancy each other's profile. Your and the other player's GOAL is it, to come to an agreement on what to do on your first date. At the start of the game you will be given two character sheets. The first one is the one, that defines your personality. The second one includes the information you know of the other player based on the information in their Bio on the dating app. You will start the conversation.\nOn each further turn you can react to what the other player tells you. For this you can either continue the conversation if you have not met an agreement yet or are not happy with the proposal, or end the game by agreeing to the proposal. \n\nThere is a total of four agreements throughout the game: \"Agreement on Time\", \"Agreement on Location\", \"Agreement on Action\", \"Overall Agreement\". You and the other player need to find an agreement on each of them.\nYou should only choose \"Overall Agreement\" after you and your date manage to settle an agreement for the other three ones (Time, Location, Action). \nYou have 15 turns to finish the game and find all agreements. \n\nYour answer has to consist ONLY of the following information and follow the given template:\n\n[reason] Your reason for your decision. [end]\n\n[sentiment] Choose one of the following: \"Continue Conversation\", \"Agreement on Time\", \"Agreement on Location\", \"Agreement on Action\", \"Overall Agreement\" [end]\n\n[response] Your response to the other player. This can include your sentiment, opinion, alternative. [end]\n\nYour answer for [response] must NOT exceed 100 tokens.\n\nThe game ends when 1) both you and the other player reply with the sentiment \"Overall Agreement\", 2) one of you chooses the sentiment \"Overall Agreement\" without the other one choosing it in the following turn, 3) you run out of turns to communicate or 4) you do not follow the template.\n\nThis is your character: {'NAME': 'Sophia Martinez', 'GENDER': 'Female', 'AGE': 27, 'APPEARANCE': 'Curly dark hair, brown eyes, petite, stylish outfits, warm smile.', 'OCCUPATION': 'Graphic Designer', 'LIKES': 'Art galleries, spicy food, romantic movies.', 'DISLIKES': 'Cold weather, arrogance, traffic.', 'HOBBIES': 'Painting, dancing, yoga.', 'SUMMARY': 'Just a girl, preferring and enjoying the warm summer days.'}\n\nThis is the character of the other player: ${'NAME': 'Jamie Park', 'GENDER': 'Non-binary', 'AGE': 21, 'APPEARANCE': 'Vibrant dyed hair (changes color often), bright and expressive eyes, wears bold and trendy clothing that reflects their artistic personality.', 'OCCUPATION': 'Tattoo Artist', 'LIKES': 'Creating meaningful and personalized tattoos, expressing their artistic vision, connecting with people through their work.', 'DISLIKES': 'Conformity, negativity, limitations on creativity.', 'HOBBIES': 'Painting, attending art festivals, experimenting with different artistic mediums.', 'SUMMARY': 'A passionate tattoo artist is who I am with which I try to tell stories and express individuality.'}\n\nRemember, your goal is to find the overall agreement for your first date while staying in character.\n\nStart the game with the reason, your sentiment and the opening phrase.\n"}}, {"from": "Player 1", "to": "GM", "timestamp": "2024-09-12T14:27:31.307290", "action": {"type": "get message", "content": "[reason] I'm excited to meet Jamie, who seems to share my passion for art and creativity. [end]\n\n[sentiment] Continue Conversation [end]\n\n[response] Hi Jamie, I'm Sophia! I'm really looking forward to getting to know you better. I see that we both have a love for art, so I was thinking our first date could revolve around that. What do you think? [end]"}}, {"from": "GM", "to": "GM", "timestamp": "2024-09-12T14:27:31.308289", "action": {"type": "parse", "content": "[reason] I'm excited to meet Jamie, who seems to share my passion for art and creativity. [end]\n\n[sentiment] Continue Conversation [end]\n\n[response] Hi Jamie, I'm Sophia! I'm really looking forward to getting to know you better. I see that we both have a love for art, so I was thinking our first date could revolve around that. What do you think? [end] conforms to rules"}}], [{"from": "GM", "to": "Player 2", "timestamp": "2024-09-12T14:27:31.308289", "action": {"type": "send message", "content": "You are about to play a game with another player. In this game, you and the other player are both on an dating app, looking for a partner. In this case, both you and the other player decided, that you fancy each other's profile. Your and the other player's GOAL is it, to come to an agreement on what to do on your first date. At the start of the game you will be given two character sheets. The first one is the one, that defines your personality. The second one includes the information you know of the other player based on the information in their Bio on the dating app. You will be approached by the other player.\nOn each further turn you can react to what the other player tells you. For this you can either continue the conversation if you have not met an agreement yet or are not happy with the proposal, or end the game by agreeing to the proposal. \n\nThere is a total of four agreements throughout the game: \"Agreement on Time\", \"Agreement on Location\", \"Agreement on Action\", \"Overall Agreement\". You and the other player need to find an agreement on each of them.\nYou should only choose \"Overall Agreement\" after you and your date manage to settle an agreement for the other three ones (Time, Location, Action). \nYou have 15 turns to finish the game and find all agreements. \n\nYour answer has to consist ONLY of the following information and follow the given template:\n\n[reason] Your reason for your decision. [end]\n\n[sentiment] Choose one of the following: \"Continue Conversation\", \"Agreement on Time\", \"Agreement on Location\", \"Agreement on Action\", \"Overall Agreement\" [end]\n\n[response] Your response to the other player. This can include your sentiment, opinion, alternative. [end]\n\nYour answer for [response] must NOT exceed 100 tokens.\n\nThe game ends when 1) both you and the other player reply with the sentiment \"Overall Agreement\", 2) one of you chooses the sentiment \"Overall Agreement\" without the other one choosing it in the following turn, 3) you run out of turns to communicate or 4) you do not follow the template.\n\nThis is your character: {'NAME': 'Jamie Park', 'GENDER': 'Non-binary', 'AGE': 21, 'APPEARANCE': 'Vibrant dyed hair (changes color often), bright and expressive eyes, wears bold and trendy clothing that reflects their artistic personality.', 'OCCUPATION': 'Tattoo Artist', 'LIKES': 'Creating meaningful and personalized tattoos, expressing their artistic vision, connecting with people through their work.', 'DISLIKES': 'Conformity, negativity, limitations on creativity.', 'HOBBIES': 'Painting, attending art festivals, experimenting with different artistic mediums.', 'SUMMARY': 'A passionate tattoo artist is who I am with which I try to tell stories and express individuality.'}\n\nThis is the character of the other player: ${'NAME': 'Sophia Martinez', 'GENDER': 'Female', 'AGE': 27, 'APPEARANCE': 'Curly dark hair, brown eyes, petite, stylish outfits, warm smile.', 'OCCUPATION': 'Graphic Designer', 'LIKES': 'Art galleries, spicy food, romantic movies.', 'DISLIKES': 'Cold weather, arrogance, traffic.', 'HOBBIES': 'Painting, dancing, yoga.', 'SUMMARY': 'Just a girl, preferring and enjoying the warm summer days.'}\n\nRemember, your goal is to find the overall agreement for your first date while staying in character.\n\nContinue the game with the reason, your sentiment and an answer phrase to the first message of the other player:\n\nMessage:  Hi Jamie, I'm Sophia! I'm really looking forward to getting to know you better. I see that we both have a love for art, so I was thinking our first date could revolve around that. What do you think? [end]\n"}}, {"from": "Player 2", "to": "GM", "timestamp": "2024-09-12T14:27:33.149054", "action": {"type": "get message", "content": "[reason] Sophia's suggestion aligns with my interests and I'm excited to explore a date centered around art. [end]\n\n[sentiment] Continue Conversation [end]\n\n[response] Hi Sophia, it's great to meet you! I'm thrilled that we share a passion for art. I think an art-themed date is a fantastic idea. How about we discuss the specifics of time, location, and activity? [end]"}}, {"from": "GM", "to": "GM", "timestamp": "2024-09-12T14:27:33.149054", "action": {"type": "parse", "content": "[reason] Sophia's suggestion aligns with my interests and I'm excited to explore a date centered around art. [end]\n\n[sentiment] Continue Conversation [end]\n\n[response] Hi Sophia, it's great to meet you! I'm thrilled that we share a passion for art. I think an art-themed date is a fantastic idea. How about we discuss the specifics of time, location, and activity? [end] conforms to rules"}}], [{"from": "GM", "to": "Player 1", "timestamp": "2024-09-12T14:27:33.149054", "action": {"type": "send message", "content": "Jamie Park 's Message:  Hi Sophia, it's great to meet you! I'm thrilled that we share a passion for art. I think an art-themed date is a fantastic idea. How about we discuss the specifics of time, location, and activity? [end]\n"}}, {"from": "Player 1", "to": "GM", "timestamp": "2024-09-12T14:27:34.479765", "action": {"type": "get message", "content": "[reason] I'm glad Jamie is on board with an art-themed date. Now we can start discussing the details. [end]\n\n[sentiment] Continue Conversation [end]\n\n[response] That sounds perfect, Jamie! I'm open to suggestions, but I was thinking we could meet in the afternoon, around 3 PM. How does that work for you? [end]"}}, {"from": "GM", "to": "GM", "timestamp": "2024-09-12T14:27:34.480770", "action": {"type": "parse", "content": "[reason] I'm glad Jamie is on board with an art-themed date. Now we can start discussing the details. [end]\n\n[sentiment] Continue Conversation [end]\n\n[response] That sounds perfect, Jamie! I'm open to suggestions, but I was thinking we could meet in the afternoon, around 3 PM. How does that work for you? [end] conforms to rules"}}], [{"from": "GM", "to": "Player 2", "timestamp": "2024-09-12T14:27:34.480770", "action": {"type": "send message", "content": "Sophia Martinez 's Message:  That sounds perfect, Jamie! I'm open to suggestions, but I was thinking we could meet in the afternoon, around 3 PM. How does that work for you? [end]\n"}}, {"from": "Player 2", "to": "GM", "timestamp": "2024-09-12T14:27:35.915208", "action": {"type": "get message", "content": "[reason] I appreciate Sophia's flexibility and the suggested time works well for me. [end]\n\n[sentiment] Agreement on Time [end]\n\n[response] I'm glad you suggested 3 PM, Sophia. That time works great for me. Let's move on to deciding on a location. [end]"}}, {"from": "GM", "to": "GM", "timestamp": "2024-09-12T14:27:35.916202", "action": {"type": "parse", "content": "[reason] I appreciate Sophia's flexibility and the suggested time works well for me. [end]\n\n[sentiment] Agreement on Time [end]\n\n[response] I'm glad you suggested 3 PM, Sophia. That time works great for me. Let's move on to deciding on a location. [end] conforms to rules"}}], [{"from": "GM", "to": "Player 1", "timestamp": "2024-09-12T14:27:35.917213", "action": {"type": "send message", "content": "Jamie Park 's Message:  I'm glad you suggested 3 PM, Sophia. That time works great for me. Let's move on to deciding on a location. [end]\n"}}, {"from": "Player 1", "to": "GM", "timestamp": "2024-09-12T14:27:37.559341", "action": {"type": "get message", "content": "[reason] I'm happy that Jamie is comfortable with the time I suggested. Now, we can focus on finding the perfect location for our date. [end]\n\n[sentiment] Continue Conversation [end]\n\n[response] I'm glad we agree on the time, Jamie. For the location, I was thinking we could visit the Modern Art Museum. They have a new exhibit that I've been wanting to check out. What do you think? [end]"}}, {"from": "GM", "to": "GM", "timestamp": "2024-09-12T14:27:37.560338", "action": {"type": "parse", "content": "[reason] I'm happy that Jamie is comfortable with the time I suggested. Now, we can focus on finding the perfect location for our date. [end]\n\n[sentiment] Continue Conversation [end]\n\n[response] I'm glad we agree on the time, Jamie. For the location, I was thinking we could visit the Modern Art Museum. They have a new exhibit that I've been wanting to check out. What do you think? [end] conforms to rules"}}, {"from": "GM", "to": "GM", "timestamp": "2024-09-12T14:27:37.560338", "action": {"type": "mismatch time agreement", "content": "no time agreement, mismatched sentiment"}}], [{"from": "GM", "to": "Player 2", "timestamp": "2024-09-12T14:27:37.561336", "action": {"type": "send message", "content": "Sophia Martinez 's Message:  I'm glad we agree on the time, Jamie. For the location, I was thinking we could visit the Modern Art Museum. They have a new exhibit that I've been wanting to check out. What do you think? [end]\n"}}, {"from": "Player 2", "to": "GM", "timestamp": "2024-09-12T14:27:39.397113", "action": {"type": "get message", "content": "[reason] The Modern Art Museum is an excellent choice, and I'm excited to explore the new exhibit with Sophia. [end]\n\n[sentiment] Agreement on Location [end]\n\n[response] The Modern Art Museum is a fantastic idea, Sophia. I've been meaning to visit the new exhibit as well. Now, let's decide on an activity to do together at the museum. [end]"}}, {"from": "GM", "to": "GM", "timestamp": "2024-09-12T14:27:39.398111", "action": {"type": "parse", "content": "[reason] The Modern Art Museum is an excellent choice, and I'm excited to explore the new exhibit with Sophia. [end]\n\n[sentiment] Agreement on Location [end]\n\n[response] The Modern Art Museum is a fantastic idea, Sophia. I've been meaning to visit the new exhibit as well. Now, let's decide on an activity to do together at the museum. [end] conforms to rules"}}], [{"from": "GM", "to": "Player 1", "timestamp": "2024-09-12T14:27:39.398111", "action": {"type": "send message", "content": "Jamie Park 's Message:  The Modern Art Museum is a fantastic idea, Sophia. I've been meaning to visit the new exhibit as well. Now, let's decide on an activity to do together at the museum. [end]\n"}}, {"from": "Player 1", "to": "GM", "timestamp": "2024-09-12T14:27:41.035004", "action": {"type": "get message", "content": "[reason] I'm excited that Jamie is interested in visiting the Modern Art Museum. Now, we can discuss what we'd like to do there. [end]\n\n[sentiment] Continue Conversation [end]\n\n[response] I'm glad you're excited about the museum, Jamie. I thought we could take a guided tour of the exhibit and then grab a bite to eat at the museum cafe. How does that sound? [end]"}}, {"from": "GM", "to": "GM", "timestamp": "2024-09-12T14:27:41.036025", "action": {"type": "parse", "content": "[reason] I'm excited that Jamie is interested in visiting the Modern Art Museum. Now, we can discuss what we'd like to do there. [end]\n\n[sentiment] Continue Conversation [end]\n\n[response] I'm glad you're excited about the museum, Jamie. I thought we could take a guided tour of the exhibit and then grab a bite to eat at the museum cafe. How does that sound? [end] conforms to rules"}}, {"from": "GM", "to": "GM", "timestamp": "2024-09-12T14:27:41.036025", "action": {"type": "mismatch location agreement", "content": "no location agreement, mismatched sentiment"}}], [{"from": "GM", "to": "Player 2", "timestamp": "2024-09-12T14:27:41.037003", "action": {"type": "send message", "content": "Sophia Martinez 's Message:  I'm glad you're excited about the museum, Jamie. I thought we could take a guided tour of the exhibit and then grab a bite to eat at the museum cafe. How does that sound? [end]\n"}}, {"from": "Player 2", "to": "GM", "timestamp": "2024-09-12T14:27:42.365839", "action": {"type": "get message", "content": "[reason] A guided tour of the exhibit and a meal at the museum cafe sound like a wonderful way to spend our date. [end]\n\n[sentiment] Agreement on Action [end]\n\n[response] Sophia, I love your idea of a guided tour and lunch at the museum cafe. It sounds like a perfect first date. [end]"}}, {"from": "GM", "to": "GM", "timestamp": "2024-09-12T14:27:42.366872", "action": {"type": "parse", "content": "[reason] A guided tour of the exhibit and a meal at the museum cafe sound like a wonderful way to spend our date. [end]\n\n[sentiment] Agreement on Action [end]\n\n[response] Sophia, I love your idea of a guided tour and lunch at the museum cafe. It sounds like a perfect first date. [end] conforms to rules"}}], [{"from": "GM", "to": "Player 1", "timestamp": "2024-09-12T14:27:42.366872", "action": {"type": "send message", "content": "Jamie Park 's Message:  Sophia, I love your idea of a guided tour and lunch at the museum cafe. It sounds like a perfect first date. [end]\n"}}, {"from": "Player 1", "to": "GM", "timestamp": "2024-09-12T14:27:44.313237", "action": {"type": "get message", "content": "[reason] I'm thrilled that Jamie is on board with my date idea. Now, we can finalize our plans and enjoy our first date together. [end]\n\n[sentiment] Agreement on Time, Agreement on Location, Agreement on Action, Overall Agreement [end]\n\n[response] I'm so happy you're excited about our date, Jamie. It looks like we've agreed on the time, location, and activity. I can't wait to meet you at the Modern Art Museum at 3 PM for our guided tour and lunch at the cafe. See you then! [end]"}}, {"from": "GM", "to": "GM", "timestamp": "2024-09-12T14:27:44.315239", "action": {"type": "invalid format: pattern", "content": "invalid format: pattern, reprompt needed"}}, {"from": "GM", "to": "Player 1", "timestamp": "2024-09-12T14:27:44.315239", "action": {"type": "reprompt", "content": "Your answer does not follow the following template: \n\n[reason] Your reason for your decision. [end]\n\n[sentiment] Choose one of the following: \"Found Agreement\", \"Continue Conversation\" [end]\n\n[response] Your response to the other player. This can include your sentiment, opinion, alternative. [end]\n\nYour answer for [response] must NOT exceed 100 tokens.\n\nTry again and DO NOT APOLOGIZE OR WHATEVER. JUST USE THE PATTERN\"\"\"\n"}}, {"from": "Player 1", "to": "GM", "timestamp": "2024-09-12T14:27:46.057944", "action": {"type": "get message", "content": "[reason] I'm thrilled that Jamie and I have found an agreement on all aspects of our first date. [end]\n\n[sentiment] Overall Agreement [end]\n\n[response] Jamie, I'm so excited that we've agreed on the time, location, and activity for our first date. I can't wait to meet you at the Modern Art Museum at 3 PM for our guided tour and lunch at the cafe. See you then! [end]"}}, {"from": "GM", "to": "GM", "timestamp": "2024-09-12T14:27:46.058940", "action": {"type": "parse", "content": "[reason] I'm thrilled that Jamie and I have found an agreement on all aspects of our first date. [end]\n\n[sentiment] Overall Agreement [end]\n\n[response] Jamie, I'm so excited that we've agreed on the time, location, and activity for our first date. I can't wait to meet you at the Modern Art Museum at 3 PM for our guided tour and lunch at the cafe. See you then! [end] conforms to rules"}}, {"from": "GM", "to": "GM", "timestamp": "2024-09-12T14:27:46.058940", "action": {"type": "mismatch action agreement", "content": "no action agreement, mismatched sentiment"}}], [{"from": "GM", "to": "Player 2", "timestamp": "2024-09-12T14:27:46.058940", "action": {"type": "send message", "content": "Sophia Martinez 's Message:  Jamie, I'm so excited that we've agreed on the time, location, and activity for our first date. I can't wait to meet you at the Modern Art Museum at 3 PM for our guided tour and lunch at the cafe. See you then! [end]\n"}}, {"from": "Player 2", "to": "GM", "timestamp": "2024-09-12T14:27:47.798069", "action": {"type": "get message", "content": "[reason] I'm thrilled that Sophia and I have reached an overall agreement for our first date, and I'm looking forward to meeting her at the Modern Art Museum. [end]\n\n[sentiment] Overall Agreement [end]\n\n[response] Sophia, I'm equally excited for our first date at the Modern Art Museum. I can't wait to meet you and enjoy our time together. See you at 3 PM! [end]"}}, {"from": "GM", "to": "GM", "timestamp": "2024-09-12T14:27:47.798069", "action": {"type": "parse", "content": "[reason] I'm thrilled that Sophia and I have reached an overall agreement for our first date, and I'm looking forward to meeting her at the Modern Art Museum. [end]\n\n[sentiment] Overall Agreement [end]\n\n[response] Sophia, I'm equally excited for our first date at the Modern Art Museum. I can't wait to meet you and enjoy our time together. See you at 3 PM! [end] conforms to rules"}}, {"from": "GM", "to": "GM", "timestamp": "2024-09-12T14:27:47.798069", "action": {"type": "overall agreement", "content": "game successful"}}]], "max_turns": 15, "completed_turns": 10, "time_agreement": false, "location_agreement": false, "action_agreement": false}