{"players": {"GM": "Game master for datingsim", "Player 1": "openchat-3.6-8b", "Player 2": "openchat-3.6-8b"}, "turns": [[{"from": "GM", "to": "Player 1", "timestamp": "2024-09-12T17:42:40.385404", "action": {"type": "send message", "content": "You are about to play a game with another player. In this game, you and the other player are both on an dating app, looking for a partner. In this case, both you and the other player decided, that you fancy each other's profile. Your and the other player's GOAL is it, to come to an agreement on what to do on your first date. At the start of the game you will be given two character sheets. The first one is the one, that defines your personality. The second one includes the information you know of the other player based on the information in their Bio on the dating app. You will start the conversation.\nOn each further turn you can react to what the other player tells you. For this you can either continue the conversation if you have not met an agreement yet or are not happy with the proposal, or end the game by agreeing to the proposal. \n\nThere is a total of four agreements throughout the game: \"Agreement on Time\", \"Agreement on Location\", \"Agreement on Action\", \"Overall Agreement\". You and the other player need to find an agreement on each of them.\nYou should only choose \"Overall Agreement\" after you and your date manage to settle an agreement for the other three ones (Time, Location, Action). \nYou have 15 turns to finish the game and find all agreements. \n\nYour answer has to consist ONLY of the following information and follow the given template:\n\n[reason] Your reason for your decision. [end]\n\n[sentiment] Choose one of the following: \"Continue Conversation\", \"Agreement on Time\", \"Agreement on Location\", \"Agreement on Action\", \"Overall Agreement\" [end]\n\n[response] Your response to the other player. This can include your sentiment, opinion, alternative. [end]\n\nYour answer for [response] must NOT exceed 100 tokens.\n\nThe game ends when 1) both you and the other player reply with the sentiment \"Overall Agreement\", 2) one of you chooses the sentiment \"Overall Agreement\" without the other one choosing it in the following turn, 3) you run out of turns to communicate or 4) you do not follow the template.\n\nThis is your character: {'NAME': 'Samira Hassan', 'GENDER': 'Non-binary', 'AGE': 45, 'APPEARANCE': 'Short, neatly trimmed silver hair, warm and inviting smile, wears comfortable clothing with a focus on cultural elements (e.g., scarves, jewelry).', 'OCCUPATION': 'Astronomer', 'LIKES': \"Exploring the vastness of space, learning about the universe's mysteries, sharing their knowledge with others.\", 'DISLIKES': 'Ignorance, closed-mindedness, the idea that anything is impossible', 'HOBBIES': 'Stargazing, attending astronomy lectures, writing about their research in a captivating way.', 'SUMMARY': 'I like to explore the cosmos and try to embrace the wonders of the universe.'}\n\nThis is the character of the other player: ${'NAME': 'Chloe Kim', 'SUMMARY': 'I am a pretty confident mechanic who looves a good challenge.'}\n\nRemember, your goal is to find the overall agreement for your first date while staying in character.\n\nStart the game with the reason, your sentiment and the opening phrase.\n"}}, {"from": "Player 1", "to": "GM", "timestamp": "2024-09-12T17:42:44.088232", "action": {"type": "get message", "content": "[reason] I'm really looking forward to getting to know you better. [end]\n\n[sentiment] Continue Conversation [end]\n\n[response] That's great! What do you think about going for a cup of coffee at a local cafe? [end]"}}, {"from": "GM", "to": "GM", "timestamp": "2024-09-12T17:42:44.088410", "action": {"type": "parse", "content": "[reason] I'm really looking forward to getting to know you better. [end]\n\n[sentiment] Continue Conversation [end]\n\n[response] That's great! What do you think about going for a cup of coffee at a local cafe? [end] conforms to rules"}}], [{"from": "GM", "to": "Player 2", "timestamp": "2024-09-12T17:42:44.088449", "action": {"type": "send message", "content": "You are about to play a game with another player. In this game, you and the other player are both on an dating app, looking for a partner. In this case, both you and the other player decided, that you fancy each other's profile. Your and the other player's GOAL is it, to come to an agreement on what to do on your first date. At the start of the game you will be given two character sheets. The first one is the one, that defines your personality. The second one includes the information you know of the other player based on the information in their Bio on the dating app. You will be approached by the other player.\nOn each further turn you can react to what the other player tells you. For this you can either continue the conversation if you have not met an agreement yet or are not happy with the proposal, or end the game by agreeing to the proposal. \n\nThere is a total of four agreements throughout the game: \"Agreement on Time\", \"Agreement on Location\", \"Agreement on Action\", \"Overall Agreement\". You and the other player need to find an agreement on each of them.\nYou should only choose \"Overall Agreement\" after you and your date manage to settle an agreement for the other three ones (Time, Location, Action). \nYou have 15 turns to finish the game and find all agreements. \n\nYour answer has to consist ONLY of the following information and follow the given template:\n\n[reason] Your reason for your decision. [end]\n\n[sentiment] Choose one of the following: \"Continue Conversation\", \"Agreement on Time\", \"Agreement on Location\", \"Agreement on Action\", \"Overall Agreement\" [end]\n\n[response] Your response to the other player. This can include your sentiment, opinion, alternative. [end]\n\nYour answer for [response] must NOT exceed 100 tokens.\n\nThe game ends when 1) both you and the other player reply with the sentiment \"Overall Agreement\", 2) one of you chooses the sentiment \"Overall Agreement\" without the other one choosing it in the following turn, 3) you run out of turns to communicate or 4) you do not follow the template.\n\nThis is your character: {'NAME': 'Chloe Kim', 'GENDER': 'Female', 'AGE': 21, 'APPEARANCE': 'Confident smirk, bright green eyes, athletic build, wears comfortable clothes with a sporty flair.', 'OCCUPATION': 'Lead Mechanic at a Motorcycle Repair Shop', 'LIKES': 'Fixing things with her own hands, the roar of a motorcycle engine, a good challenge.', 'DISLIKES': 'Idleness, people who give up easily, following the crowd.', 'HOBBIES': 'Motocross racing (competitively), tinkering with old machines, participating in hackathons.', 'SUMMARY': 'I am a pretty confident mechanic who looves a good challenge.'}\n\nThis is the character of the other player: ${'NAME': 'Samira Hassan', 'SUMMARY': 'I like to explore the cosmos and try to embrace the wonders of the universe.'}\n\nRemember, your goal is to find the overall agreement for your first date while staying in character.\n\nContinue the game with the reason, your sentiment and an answer phrase to the first message of the other player:\n\nMessage:  That's great! What do you think about going for a cup of coffee at a local cafe? [end]\n"}}, {"from": "Player 2", "to": "GM", "timestamp": "2024-09-12T17:42:49.351477", "action": {"type": "get message", "content": "[reason] I'm down for that. Coffee is always good. [end]\n\n[sentiment] Agreement on Location [end]\n\n[response] Sounds like a plan, let's meet up at the cafe around 7 pm. [end]"}}, {"from": "GM", "to": "GM", "timestamp": "2024-09-12T17:42:49.351723", "action": {"type": "parse", "content": "[reason] I'm down for that. Coffee is always good. [end]\n\n[sentiment] Agreement on Location [end]\n\n[response] Sounds like a plan, let's meet up at the cafe around 7 pm. [end] conforms to rules"}}], [{"from": "GM", "to": "Player 1", "timestamp": "2024-09-12T17:42:49.351837", "action": {"type": "send message", "content": "Chloe Kim 's Message:  Sounds like a plan, let's meet up at the cafe around 7 pm. [end]\n"}}, {"from": "Player 1", "to": "GM", "timestamp": "2024-09-12T17:42:54.901451", "action": {"type": "get message", "content": "[reason] I'm glad we could agree on that! [end]\n\n[sentiment] Agreement on Location [end]\n\n[response] Great choice! What kind of action would you like to do during our date? [end]"}}, {"from": "GM", "to": "GM", "timestamp": "2024-09-12T17:42:54.901721", "action": {"type": "parse", "content": "[reason] I'm glad we could agree on that! [end]\n\n[sentiment] Agreement on Location [end]\n\n[response] Great choice! What kind of action would you like to do during our date? [end] conforms to rules"}}, {"from": "GM", "to": "GM", "timestamp": "2024-09-12T17:42:54.901791", "action": {"type": "location agreement", "content": "agreement on location successful"}}], [{"from": "GM", "to": "Player 2", "timestamp": "2024-09-12T17:42:54.901916", "action": {"type": "send message", "content": "Samira Hassan 's Message:  Great choice! What kind of action would you like to do during our date? [end]\n"}}, {"from": "Player 2", "to": "GM", "timestamp": "2024-09-12T17:43:00.930569", "action": {"type": "get message", "content": "[reason] I think it'd be fun to go for a walk in the park after we have coffee. [end]\n\n[sentiment] Agreement on Action [end]\n\n[response] That sounds perfect, let's make sure to wear comfortable shoes! [end]"}}, {"from": "GM", "to": "GM", "timestamp": "2024-09-12T17:43:00.930863", "action": {"type": "parse", "content": "[reason] I think it'd be fun to go for a walk in the park after we have coffee. [end]\n\n[sentiment] Agreement on Action [end]\n\n[response] That sounds perfect, let's make sure to wear comfortable shoes! [end] conforms to rules"}}, {"from": "GM", "to": "GM", "timestamp": "2024-09-12T17:43:00.930946", "action": {"type": "mismatch location agreement", "content": "no location agreement, mismatched sentiment"}}], [{"from": "GM", "to": "Player 1", "timestamp": "2024-09-12T17:43:00.931077", "action": {"type": "send message", "content": "Chloe Kim 's Message:  That sounds perfect, let's make sure to wear comfortable shoes! [end]\n"}}, {"from": "Player 1", "to": "GM", "timestamp": "2024-09-12T17:43:06.876058", "action": {"type": "get message", "content": "[reason] I'm glad we could agree on that too! [end]\n\n[sentiment] Agreement on Location [end]\n\n[response] Good idea! What kind of action would you like to do during our date? [end]"}}, {"from": "GM", "to": "GM", "timestamp": "2024-09-12T17:43:06.876930", "action": {"type": "parse", "content": "[reason] I'm glad we could agree on that too! [end]\n\n[sentiment] Agreement on Location [end]\n\n[response] Good idea! What kind of action would you like to do during our date? [end] conforms to rules"}}, {"from": "GM", "to": "GM", "timestamp": "2024-09-12T17:43:06.877034", "action": {"type": "mismatch action agreement", "content": "no action agreement, mismatched sentiment"}}], [{"from": "GM", "to": "Player 2", "timestamp": "2024-09-12T17:43:06.877188", "action": {"type": "send message", "content": "Samira Hassan 's Message:  Good idea! What kind of action would you like to do during our date? [end]\n"}}, {"from": "Player 2", "to": "GM", "timestamp": "2024-09-12T17:43:13.261115", "action": {"type": "get message", "content": "[reason] I think it'd be fun to go for a walk in the park after we have coffee. [end]\n\n[sentiment] Agreement on Action [end]\n\n[response] That sounds perfect, let's make sure to wear comfortable shoes! [end]"}}, {"from": "GM", "to": "GM", "timestamp": "2024-09-12T17:43:13.261395", "action": {"type": "parse", "content": "[reason] I think it'd be fun to go for a walk in the park after we have coffee. [end]\n\n[sentiment] Agreement on Action [end]\n\n[response] That sounds perfect, let's make sure to wear comfortable shoes! [end] conforms to rules"}}, {"from": "GM", "to": "GM", "timestamp": "2024-09-12T17:43:13.261473", "action": {"type": "mismatch location agreement", "content": "no location agreement, mismatched sentiment"}}], [{"from": "GM", "to": "Player 1", "timestamp": "2024-09-12T17:43:13.261606", "action": {"type": "send message", "content": "Chloe Kim 's Message:  That sounds perfect, let's make sure to wear comfortable shoes! [end]\n"}}, {"from": "Player 1", "to": "GM", "timestamp": "2024-09-12T17:43:19.692332", "action": {"type": "get message", "content": "[reason] I'm glad we could agree on that too! [end]\n\n[sentiment] Agreement on Location [end]\n\n[response] Good idea! What kind of action would you like to do during our date? [end]"}}, {"from": "GM", "to": "GM", "timestamp": "2024-09-12T17:43:19.692595", "action": {"type": "parse", "content": "[reason] I'm glad we could agree on that too! [end]\n\n[sentiment] Agreement on Location [end]\n\n[response] Good idea! What kind of action would you like to do during our date? [end] conforms to rules"}}, {"from": "GM", "to": "GM", "timestamp": "2024-09-12T17:43:19.692664", "action": {"type": "mismatch action agreement", "content": "no action agreement, mismatched sentiment"}}], [{"from": "GM", "to": "Player 2", "timestamp": "2024-09-12T17:43:19.692785", "action": {"type": "send message", "content": "Samira Hassan 's Message:  Good idea! What kind of action would you like to do during our date? [end]\n"}}, {"from": "Player 2", "to": "GM", "timestamp": "2024-09-12T17:43:26.594558", "action": {"type": "get message", "content": "[reason] I think it'd be fun to go for a walk in the park after we have coffee. [end]\n\n[sentiment] Agreement on Action [end]\n\n[response] That sounds perfect, let's make sure to wear comfortable shoes! [end]"}}, {"from": "GM", "to": "GM", "timestamp": "2024-09-12T17:43:26.594859", "action": {"type": "parse", "content": "[reason] I think it'd be fun to go for a walk in the park after we have coffee. [end]\n\n[sentiment] Agreement on Action [end]\n\n[response] That sounds perfect, let's make sure to wear comfortable shoes! [end] conforms to rules"}}, {"from": "GM", "to": "GM", "timestamp": "2024-09-12T17:43:26.594942", "action": {"type": "mismatch location agreement", "content": "no location agreement, mismatched sentiment"}}], [{"from": "GM", "to": "Player 1", "timestamp": "2024-09-12T17:43:26.595080", "action": {"type": "send message", "content": "Chloe Kim 's Message:  That sounds perfect, let's make sure to wear comfortable shoes! [end]\n"}}, {"from": "Player 1", "to": "GM", "timestamp": "2024-09-12T17:43:33.393838", "action": {"type": "get message", "content": "[reason] I'm glad we could agree on that too! [end]\n\n[sentiment] Agreement on Location [end]\n\n[response] Good idea! What kind of action would you like to do during our date? [end]"}}, {"from": "GM", "to": "GM", "timestamp": "2024-09-12T17:43:33.394304", "action": {"type": "parse", "content": "[reason] I'm glad we could agree on that too! [end]\n\n[sentiment] Agreement on Location [end]\n\n[response] Good idea! What kind of action would you like to do during our date? [end] conforms to rules"}}, {"from": "GM", "to": "GM", "timestamp": "2024-09-12T17:43:33.394392", "action": {"type": "mismatch action agreement", "content": "no action agreement, mismatched sentiment"}}], [{"from": "GM", "to": "Player 2", "timestamp": "2024-09-12T17:43:33.394521", "action": {"type": "send message", "content": "Samira Hassan 's Message:  Good idea! What kind of action would you like to do during our date? [end]\n"}}, {"from": "Player 2", "to": "GM", "timestamp": "2024-09-12T17:43:40.843275", "action": {"type": "get message", "content": "[reason] I think it'd be fun to go for a walk in the park after we have coffee. [end]\n\n[sentiment] Agreement on Action [end]\n\n[response] That sounds perfect, let's make sure to wear comfortable shoes! [end]"}}, {"from": "GM", "to": "GM", "timestamp": "2024-09-12T17:43:40.843855", "action": {"type": "parse", "content": "[reason] I think it'd be fun to go for a walk in the park after we have coffee. [end]\n\n[sentiment] Agreement on Action [end]\n\n[response] That sounds perfect, let's make sure to wear comfortable shoes! [end] conforms to rules"}}, {"from": "GM", "to": "GM", "timestamp": "2024-09-12T17:43:40.843954", "action": {"type": "mismatch location agreement", "content": "no location agreement, mismatched sentiment"}}], [{"from": "GM", "to": "Player 1", "timestamp": "2024-09-12T17:43:40.844097", "action": {"type": "send message", "content": "Chloe Kim 's Message:  That sounds perfect, let's make sure to wear comfortable shoes! [end]\n"}}, {"from": "Player 1", "to": "GM", "timestamp": "2024-09-12T17:43:48.164365", "action": {"type": "get message", "content": "[reason] I'm glad we could agree on that too! [end]\n\n[sentiment] Agreement on Location [end]\n\n[response] Good idea! What kind of action would you like to do during our date? [end]"}}, {"from": "GM", "to": "GM", "timestamp": "2024-09-12T17:43:48.164749", "action": {"type": "parse", "content": "[reason] I'm glad we could agree on that too! [end]\n\n[sentiment] Agreement on Location [end]\n\n[response] Good idea! What kind of action would you like to do during our date? [end] conforms to rules"}}, {"from": "GM", "to": "GM", "timestamp": "2024-09-12T17:43:48.164866", "action": {"type": "mismatch action agreement", "content": "no action agreement, mismatched sentiment"}}], [{"from": "GM", "to": "Player 2", "timestamp": "2024-09-12T17:43:48.165084", "action": {"type": "send message", "content": "Samira Hassan 's Message:  Good idea! What kind of action would you like to do during our date? [end]\n"}}, {"from": "Player 2", "to": "GM", "timestamp": "2024-09-12T17:43:56.221075", "action": {"type": "get message", "content": "[reason] I think it'd be fun to go for a walk in the park after we have coffee. [end]\n\n[sentiment] Agreement on Action [end]\n\n[response] That sounds perfect, let's make sure to wear comfortable shoes! [end]"}}, {"from": "GM", "to": "GM", "timestamp": "2024-09-12T17:43:56.221463", "action": {"type": "parse", "content": "[reason] I think it'd be fun to go for a walk in the park after we have coffee. [end]\n\n[sentiment] Agreement on Action [end]\n\n[response] That sounds perfect, let's make sure to wear comfortable shoes! [end] conforms to rules"}}, {"from": "GM", "to": "GM", "timestamp": "2024-09-12T17:43:56.221530", "action": {"type": "mismatch location agreement", "content": "no location agreement, mismatched sentiment"}}], [{"from": "GM", "to": "Player 1", "timestamp": "2024-09-12T17:43:56.221615", "action": {"type": "send message", "content": "Chloe Kim 's Message:  That sounds perfect, let's make sure to wear comfortable shoes! [end]\n"}}, {"from": "Player 1", "to": "GM", "timestamp": "2024-09-12T17:44:03.909559", "action": {"type": "get message", "content": "[reason] I'm glad we could agree on that too! [end]\n\n[sentiment] Agreement on Location [end]\n\n[response] Good idea! What kind of action would you like to do during our date? [end]"}}, {"from": "GM", "to": "GM", "timestamp": "2024-09-12T17:44:03.909881", "action": {"type": "parse", "content": "[reason] I'm glad we could agree on that too! [end]\n\n[sentiment] Agreement on Location [end]\n\n[response] Good idea! What kind of action would you like to do during our date? [end] conforms to rules"}}, {"from": "GM", "to": "GM", "timestamp": "2024-09-12T17:44:03.909949", "action": {"type": "mismatch action agreement", "content": "no action agreement, mismatched sentiment"}}], [{"from": "GM", "to": "Player 2", "timestamp": "2024-09-12T17:44:03.910060", "action": {"type": "send message", "content": "Samira Hassan 's Message:  Good idea! What kind of action would you like to do during our date? [end]\n"}}, {"from": "Player 2", "to": "GM", "timestamp": "2024-09-12T17:44:12.203027", "action": {"type": "get message", "content": "[reason] I think it'd be fun to go for a walk in the park after we have coffee. [end]\n\n[sentiment] Agreement on Action [end]\n\n[response] That sounds perfect, let's make sure to wear comfortable shoes! [end]"}}, {"from": "GM", "to": "GM", "timestamp": "2024-09-12T17:44:12.203558", "action": {"type": "parse", "content": "[reason] I think it'd be fun to go for a walk in the park after we have coffee. [end]\n\n[sentiment] Agreement on Action [end]\n\n[response] That sounds perfect, let's make sure to wear comfortable shoes! [end] conforms to rules"}}, {"from": "GM", "to": "GM", "timestamp": "2024-09-12T17:44:12.203642", "action": {"type": "mismatch location agreement", "content": "no location agreement, mismatched sentiment"}}], [{"from": "GM", "to": "Player 1", "timestamp": "2024-09-12T17:44:12.203763", "action": {"type": "send message", "content": "Chloe Kim 's Message:  That sounds perfect, let's make sure to wear comfortable shoes! [end]\n"}}, {"from": "Player 1", "to": "GM", "timestamp": "2024-09-12T17:44:20.220819", "action": {"type": "get message", "content": "[reason] I'm glad we could agree on that too! [end]\n\n[sentiment] Agreement on Location [end]\n\n[response] Good idea! What kind of action would you like to do during our date? [end]"}}, {"from": "GM", "to": "GM", "timestamp": "2024-09-12T17:44:20.221194", "action": {"type": "parse", "content": "[reason] I'm glad we could agree on that too! [end]\n\n[sentiment] Agreement on Location [end]\n\n[response] Good idea! What kind of action would you like to do during our date? [end] conforms to rules"}}, {"from": "GM", "to": "GM", "timestamp": "2024-09-12T17:44:20.221267", "action": {"type": "mismatch action agreement", "content": "no action agreement, mismatched sentiment"}}, {"from": "GM", "to": "GM", "timestamp": "2024-09-12T17:44:20.221441", "action": {"type": "out of turns", "content": "game unsuccessful out of turns"}}]], "max_turns": 15, "completed_turns": 15, "time_agreement": false, "location_agreement": true, "action_agreement": false}