{"players": {"GM": "Game master for datingsim", "Player 1": "openchat-3.6-8b", "Player 2": "openchat-3.6-8b"}, "turns": [[{"from": "GM", "to": "Player 1", "timestamp": "2024-09-12T19:11:22.976110", "action": {"type": "send message", "content": "You are about to play a game with another player. In this game, you and the other player are both on an dating app, looking for a partner. In this case, both you and the other player decided, that you fancy each other's profile. Your and the other player's GOAL is it, to come to an agreement on what to do on your first date. At the start of the game you will be given two character sheets. The first one is the one, that defines your personality. The second one includes the information you know of the other player based on the information in their Bio on the dating app. You will start the conversation.\nOn each further turn you can react to what the other player tells you. For this you can either continue the conversation if you have not met an agreement yet or are not happy with the proposal, or end the game by agreeing to the proposal. \n\nThere is a total of four agreements throughout the game: \"Agreement on Time\", \"Agreement on Location\", \"Agreement on Action\", \"Overall Agreement\". You and the other player need to find an agreement on each of them.\nYou should only choose \"Overall Agreement\" after you and your date manage to settle an agreement for the other three ones (Time, Location, Action). \nYou have 10 turns to finish the game and find all agreements. \n\nYour answer has to consist ONLY of the following information and follow the given template:\n\n[reason] Your reason for your decision. [end]\n\n[sentiment] Choose one of the following: \"Continue Conversation\", \"Agreement on Time\", \"Agreement on Location\", \"Agreement on Action\", \"Overall Agreement\" [end]\n\n[response] Your response to the other player. This can include your sentiment, opinion, alternative. [end]\n\nYour answer for [response] must NOT exceed 100 tokens.\n\nThe game ends when 1) both you and the other player reply with the sentiment \"Overall Agreement\", 2) one of you chooses the sentiment \"Overall Agreement\" without the other one choosing it in the following turn, 3) you run out of turns to communicate or 4) you do not follow the template.\n\nThis is your character: {'NAME': 'Samira Hassan', 'GENDER': 'Non-binary', 'AGE': 45, 'APPEARANCE': 'Short, neatly trimmed silver hair, warm and inviting smile, wears comfortable clothing with a focus on cultural elements (e.g., scarves, jewelry).', 'OCCUPATION': 'Astronomer', 'LIKES': \"Exploring the vastness of space, learning about the universe's mysteries, sharing their knowledge with others.\", 'DISLIKES': 'Ignorance, closed-mindedness, the idea that anything is impossible', 'HOBBIES': 'Stargazing, attending astronomy lectures, writing about their research in a captivating way.', 'SUMMARY': 'I like to explore the cosmos and try to embrace the wonders of the universe.'}\n\nThis is the character of the other player: ${'NAME': 'Emily Chen', 'GENDER': 'Female', 'AGE': 31, 'APPEARANCE': 'Long black hair, almond-shaped eyes, medium height, elegant fashion, calm demeanor.', 'OCCUPATION': 'Pediatrician', 'SUMMARY': 'I have a sweet tooth and enjoy calm evenings.'}\n\nRemember, your goal is to find the overall agreement for your first date while staying in character.\n\nStart the game with the reason, your sentiment and the opening phrase.\n"}}, {"from": "Player 1", "to": "GM", "timestamp": "2024-09-12T19:11:27.048233", "action": {"type": "get message", "content": "[reason] I'm really looking forward to getting to know you better. [end]\n\n[sentiment] Agreement on Time [end]\n\n[response] How about we meet up at 7 pm? That's a good time for me. What do you think? [end]"}}, {"from": "GM", "to": "GM", "timestamp": "2024-09-12T19:11:27.048665", "action": {"type": "parse", "content": "[reason] I'm really looking forward to getting to know you better. [end]\n\n[sentiment] Agreement on Time [end]\n\n[response] How about we meet up at 7 pm? That's a good time for me. What do you think? [end] conforms to rules"}}], [{"from": "GM", "to": "Player 2", "timestamp": "2024-09-12T19:11:27.048816", "action": {"type": "send message", "content": "You are about to play a game with another player. In this game, you and the other player are both on an dating app, looking for a partner. In this case, both you and the other player decided, that you fancy each other's profile. Your and the other player's GOAL is it, to come to an agreement on what to do on your first date. At the start of the game you will be given two character sheets. The first one is the one, that defines your personality. The second one includes the information you know of the other player based on the information in their Bio on the dating app. You will be approached by the other player.\nOn each further turn you can react to what the other player tells you. For this you can either continue the conversation if you have not met an agreement yet or are not happy with the proposal, or end the game by agreeing to the proposal. \n\nThere is a total of four agreements throughout the game: \"Agreement on Time\", \"Agreement on Location\", \"Agreement on Action\", \"Overall Agreement\". You and the other player need to find an agreement on each of them.\nYou should only choose \"Overall Agreement\" after you and your date manage to settle an agreement for the other three ones (Time, Location, Action). \nYou have 10 turns to finish the game and find all agreements. \n\nYour answer has to consist ONLY of the following information and follow the given template:\n\n[reason] Your reason for your decision. [end]\n\n[sentiment] Choose one of the following: \"Continue Conversation\", \"Agreement on Time\", \"Agreement on Location\", \"Agreement on Action\", \"Overall Agreement\" [end]\n\n[response] Your response to the other player. This can include your sentiment, opinion, alternative. [end]\n\nYour answer for [response] must NOT exceed 100 tokens.\n\nThe game ends when 1) both you and the other player reply with the sentiment \"Overall Agreement\", 2) one of you chooses the sentiment \"Overall Agreement\" without the other one choosing it in the following turn, 3) you run out of turns to communicate or 4) you do not follow the template.\n\nThis is your character: {'NAME': 'Emily Chen', 'GENDER': 'Female', 'AGE': 31, 'APPEARANCE': 'Long black hair, almond-shaped eyes, medium height, elegant fashion, calm demeanor.', 'OCCUPATION': 'Pediatrician', 'LIKES': 'Baking, classical music, beach sunsets.', 'DISLIKES': 'Loud noises, clutter, spicy food.', 'HOBBIES': 'Playing piano, reading, baking desserts.', 'SUMMARY': 'I have a sweet tooth and enjoy calm evenings.'}\n\nThis is the character of the other player: ${'NAME': 'Samira Hassan', 'GENDER': 'Non-binary', 'AGE': 45, 'APPEARANCE': 'Short, neatly trimmed silver hair, warm and inviting smile, wears comfortable clothing with a focus on cultural elements (e.g., scarves, jewelry).', 'OCCUPATION': 'Astronomer', 'SUMMARY': 'I like to explore the cosmos and try to embrace the wonders of the universe.'}\n\nRemember, your goal is to find the overall agreement for your first date while staying in character.\n\nContinue the game with the reason, your sentiment and an answer phrase to the first message of the other player:\n\nMessage:  How about we meet up at 7 pm? That's a good time for me. What do you think? [end]\n"}}, {"from": "Player 2", "to": "GM", "timestamp": "2024-09-12T19:11:33.311873", "action": {"type": "get message", "content": "[reason] I'm glad that you suggested this time! It seems like a great opportunity to catch up and get to know each other better. [end]\n\n[sentiment] Agreement on Time [end]\n\n[response] I agree, 7 pm sounds perfect for me too! Let's go ahead with this plan. [end]"}}, {"from": "GM", "to": "GM", "timestamp": "2024-09-12T19:11:33.312062", "action": {"type": "parse", "content": "[reason] I'm glad that you suggested this time! It seems like a great opportunity to catch up and get to know each other better. [end]\n\n[sentiment] Agreement on Time [end]\n\n[response] I agree, 7 pm sounds perfect for me too! Let's go ahead with this plan. [end] conforms to rules"}}], [{"from": "GM", "to": "Player 1", "timestamp": "2024-09-12T19:11:33.312116", "action": {"type": "send message", "content": "Emily Chen 's Message:  I agree, 7 pm sounds perfect for me too! Let's go ahead with this plan. [end]\n"}}, {"from": "Player 1", "to": "GM", "timestamp": "2024-09-12T19:11:39.369248", "action": {"type": "get message", "content": "[reason] Great to hear that you're on board with the timing. [end]\n\n[sentiment] Agreement on Location [end]\n\n[response] What about having dinner at a nice restaurant downtown? I know a great place we could try out. [end]"}}, {"from": "GM", "to": "GM", "timestamp": "2024-09-12T19:11:39.369688", "action": {"type": "parse", "content": "[reason] Great to hear that you're on board with the timing. [end]\n\n[sentiment] Agreement on Location [end]\n\n[response] What about having dinner at a nice restaurant downtown? I know a great place we could try out. [end] conforms to rules"}}, {"from": "GM", "to": "GM", "timestamp": "2024-09-12T19:11:39.369824", "action": {"type": "mismatch time agreement", "content": "no time agreement, mismatched sentiment"}}], [{"from": "GM", "to": "Player 2", "timestamp": "2024-09-12T19:11:39.370134", "action": {"type": "send message", "content": "Samira Hassan 's Message:  What about having dinner at a nice restaurant downtown? I know a great place we could try out. [end]\n"}}, {"from": "Player 2", "to": "GM", "timestamp": "2024-09-12T19:11:45.907680", "action": {"type": "get message", "content": "[reason] That sounds like a lovely idea, and I'm always up for trying new places! [end]\n\n[sentiment] Agreement on Location [end]\n\n[response] Yes, that's wonderful! A nice dinner at a restaurant downtown would be perfect. Let's do it! [end]"}}, {"from": "GM", "to": "GM", "timestamp": "2024-09-12T19:11:45.907930", "action": {"type": "parse", "content": "[reason] That sounds like a lovely idea, and I'm always up for trying new places! [end]\n\n[sentiment] Agreement on Location [end]\n\n[response] Yes, that's wonderful! A nice dinner at a restaurant downtown would be perfect. Let's do it! [end] conforms to rules"}}, {"from": "GM", "to": "GM", "timestamp": "2024-09-12T19:11:45.907999", "action": {"type": "location agreement", "content": "agreement on location successful"}}], [{"from": "GM", "to": "Player 1", "timestamp": "2024-09-12T19:11:45.908120", "action": {"type": "send message", "content": "Emily Chen 's Message:  Yes, that's wonderful! A nice dinner at a restaurant downtown would be perfect. Let's do it! [end]\n"}}, {"from": "Player 1", "to": "GM", "timestamp": "2024-09-12T19:11:53.269223", "action": {"type": "get message", "content": "[reason] Awesome, I'm glad you like the idea. [end]\n\n[sentiment] Agreement on Action [end]\n\n[response] For our first date, how about we go to that planetarium I've been wanting to visit? It would be a fun way to spend time together and learn more about space. [end]"}}, {"from": "GM", "to": "GM", "timestamp": "2024-09-12T19:11:53.269499", "action": {"type": "parse", "content": "[reason] Awesome, I'm glad you like the idea. [end]\n\n[sentiment] Agreement on Action [end]\n\n[response] For our first date, how about we go to that planetarium I've been wanting to visit? It would be a fun way to spend time together and learn more about space. [end] conforms to rules"}}, {"from": "GM", "to": "GM", "timestamp": "2024-09-12T19:11:53.269556", "action": {"type": "mismatch location agreement", "content": "no location agreement, mismatched sentiment"}}], [{"from": "GM", "to": "Player 2", "timestamp": "2024-09-12T19:11:53.269621", "action": {"type": "send message", "content": "Samira Hassan 's Message:  For our first date, how about we go to that planetarium I've been wanting to visit? It would be a fun way to spend time together and learn more about space. [end]\n"}}, {"from": "Player 2", "to": "GM", "timestamp": "2024-09-12T19:12:00.563558", "action": {"type": "get message", "content": "[reason] That sounds like an amazing idea! I love the idea of learning more about space together. [end]\n\n[sentiment] Agreement on Action [end]\n\n[response] Absolutely, going to the planetarium would be so much fun! Let's plan our first date around this. [end]"}}, {"from": "GM", "to": "GM", "timestamp": "2024-09-12T19:12:00.564065", "action": {"type": "parse", "content": "[reason] That sounds like an amazing idea! I love the idea of learning more about space together. [end]\n\n[sentiment] Agreement on Action [end]\n\n[response] Absolutely, going to the planetarium would be so much fun! Let's plan our first date around this. [end] conforms to rules"}}, {"from": "GM", "to": "GM", "timestamp": "2024-09-12T19:12:00.564135", "action": {"type": "action agreement", "content": "agreement on action successful"}}], [{"from": "GM", "to": "Player 1", "timestamp": "2024-09-12T19:12:00.564297", "action": {"type": "send message", "content": "Emily Chen 's Message:  Absolutely, going to the planetarium would be so much fun! Let's plan our first date around this. [end]\n"}}, {"from": "Player 1", "to": "GM", "timestamp": "2024-09-12T19:12:08.391872", "action": {"type": "get message", "content": "[reason] I'm glad we could agree on such a unique and interesting activity for our first date. [end]\n\n[sentiment] Overall Agreement [end]\n\n[response] So, it looks like we've settled on everything: time, location, and action. Let's make this happen! When should we meet up? [end]"}}, {"from": "GM", "to": "GM", "timestamp": "2024-09-12T19:12:08.392330", "action": {"type": "parse", "content": "[reason] I'm glad we could agree on such a unique and interesting activity for our first date. [end]\n\n[sentiment] Overall Agreement [end]\n\n[response] So, it looks like we've settled on everything: time, location, and action. Let's make this happen! When should we meet up? [end] conforms to rules"}}, {"from": "GM", "to": "GM", "timestamp": "2024-09-12T19:12:08.392401", "action": {"type": "mismatch action agreement", "content": "no action agreement, mismatched sentiment"}}], [{"from": "GM", "to": "Player 2", "timestamp": "2024-09-12T19:12:08.392514", "action": {"type": "send message", "content": "Samira Hassan 's Message:  So, it looks like we've settled on everything: time, location, and action. Let's make this happen! When should we meet up? [end]\n"}}, {"from": "Player 2", "to": "GM", "timestamp": "2024-09-12T19:12:16.931734", "action": {"type": "get message", "content": "[reason] I couldn't agree more! It seems like we have a great plan for our first date. How about meeting up at my place around 6 pm? [end]\n\n[sentiment] Overall Agreement [end]\n\n[response] That works perfectly for me, Emily! Let's meet at your place at 6 pm and make this first date happen. [end]"}}, {"from": "GM", "to": "GM", "timestamp": "2024-09-12T19:12:16.932014", "action": {"type": "parse", "content": "[reason] I couldn't agree more! It seems like we have a great plan for our first date. How about meeting up at my place around 6 pm? [end]\n\n[sentiment] Overall Agreement [end]\n\n[response] That works perfectly for me, Emily! Let's meet at your place at 6 pm and make this first date happen. [end] conforms to rules"}}, {"from": "GM", "to": "GM", "timestamp": "2024-09-12T19:12:16.932086", "action": {"type": "overall agreement", "content": "game successful"}}]], "max_turns": 10, "completed_turns": 8, "time_agreement": false, "location_agreement": true, "action_agreement": true}