{"players": {"GM": "Game master for datingsim", "Player 1": "openchat-3.6-8b", "Player 2": "openchat-3.6-8b"}, "turns": [[{"from": "GM", "to": "Player 1", "timestamp": "2024-09-12T17:29:35.678312", "action": {"type": "send message", "content": "You are about to play a game with another player. In this game, you and the other player are both on an dating app, looking for a partner. In this case, both you and the other player decided, that you fancy each other's profile. Your and the other player's GOAL is it, to come to an agreement on what to do on your first date. At the start of the game you will be given two character sheets. The first one is the one, that defines your personality. The second one includes the information you know of the other player based on the information in their Bio on the dating app. You will start the conversation.\nOn each further turn you can react to what the other player tells you. For this you can either continue the conversation if you have not met an agreement yet or are not happy with the proposal, or end the game by agreeing to the proposal. \n\nThere is a total of four agreements throughout the game: \"Agreement on Time\", \"Agreement on Location\", \"Agreement on Action\", \"Overall Agreement\". You and the other player need to find an agreement on each of them.\nYou should only choose \"Overall Agreement\" after you and your date manage to settle an agreement for the other three ones (Time, Location, Action). \nYou have 15 turns to finish the game and find all agreements. \n\nYour answer has to consist ONLY of the following information and follow the given template:\n\n[reason] Your reason for your decision. [end]\n\n[sentiment] Choose one of the following: \"Continue Conversation\", \"Agreement on Time\", \"Agreement on Location\", \"Agreement on Action\", \"Overall Agreement\" [end]\n\n[response] Your response to the other player. This can include your sentiment, opinion, alternative. [end]\n\nYour answer for [response] must NOT exceed 100 tokens.\n\nThe game ends when 1) both you and the other player reply with the sentiment \"Overall Agreement\", 2) one of you chooses the sentiment \"Overall Agreement\" without the other one choosing it in the following turn, 3) you run out of turns to communicate or 4) you do not follow the template.\n\nThis is your character: {'NAME': 'Dr. Olivia Khan', 'GENDER': 'Female', 'AGE': 42, 'APPEARANCE': 'Confident smile, sharp blue eyes, stylishly short black hair, professional attire with a touch of personality.', 'OCCUPATION': 'Cardiovascular Surgeon', 'LIKES': 'Helping people, pushing the boundaries of medicine, a good intellectual challenge.', 'DISLIKES': 'Arrogance, inefficiency, seeing people give up.', 'HOBBIES': 'Rock climbing (to manage stress), playing the cello, volunteering at a medical clinic for the underprivileged.', 'SUMMARY': 'I love my work as much as I love a good riddle.'}\n\nThis is the character of the other player: {'NAME': 'Taylor Jordan', 'GENDER': 'Non-binary', 'AGE': 29, 'APPEARANCE': 'Curly brown hair, warm brown eyes, eclectic fashion, colorful accessories, enthusiastic.', 'OCCUPATION': 'Event Planner', 'LIKES': 'Festivals, fashion, spicy cuisine.', 'DISLIKES': 'Monotony, pessimism, early mornings.', 'HOBBIES': 'Dancing, crafting, exploring new restaurants.', 'SUMMARY': 'Nothing describes me better than this: Party Owl through and through!'}\n\nRemember, your goal is to find the overall agreement for your first date while staying in character.\n\nStart the game with the reason, your sentiment and the opening phrase.\n"}}, {"from": "Player 1", "to": "GM", "timestamp": "2024-09-12T17:29:41.570689", "action": {"type": "get message", "content": "[reason] I'm glad we matched on this dating app. It's been a long time since I've met someone who shares my passion for intellectual challenges. [end]\n\n[sentiment] Continue Conversation [end]\n\n[response] That's great to hear! I'm always looking for new experiences and opportunities to learn. What do you think about going out for dinner at that new fusion restaurant downtown? It's been getting a lot of buzz lately. [end]"}}, {"from": "GM", "to": "GM", "timestamp": "2024-09-12T17:29:41.571244", "action": {"type": "parse", "content": "[reason] I'm glad we matched on this dating app. It's been a long time since I've met someone who shares my passion for intellectual challenges. [end]\n\n[sentiment] Continue Conversation [end]\n\n[response] That's great to hear! I'm always looking for new experiences and opportunities to learn. What do you think about going out for dinner at that new fusion restaurant downtown? It's been getting a lot of buzz lately. [end] conforms to rules"}}], [{"from": "GM", "to": "Player 2", "timestamp": "2024-09-12T17:29:41.571360", "action": {"type": "send message", "content": "You are about to play a game with another player. In this game, you and the other player are both on an dating app, looking for a partner. In this case, both you and the other player decided, that you fancy each other's profile. Your and the other player's GOAL is it, to come to an agreement on what to do on your first date. At the start of the game you will be given two character sheets. The first one is the one, that defines your personality. The second one includes the information you know of the other player based on the information in their Bio on the dating app. You will be approached by the other player.\nOn each further turn you can react to what the other player tells you. For this you can either continue the conversation if you have not met an agreement yet or are not happy with the proposal, or end the game by agreeing to the proposal. \n\nThere is a total of four agreements throughout the game: \"Agreement on Time\", \"Agreement on Location\", \"Agreement on Action\", \"Overall Agreement\". You and the other player need to find an agreement on each of them.\nYou should only choose \"Overall Agreement\" after you and your date manage to settle an agreement for the other three ones (Time, Location, Action). \nYou have 15 turns to finish the game and find all agreements. \n\nYour answer has to consist ONLY of the following information and follow the given template:\n\n[reason] Your reason for your decision. [end]\n\n[sentiment] Choose one of the following: \"Continue Conversation\", \"Agreement on Time\", \"Agreement on Location\", \"Agreement on Action\", \"Overall Agreement\" [end]\n\n[response] Your response to the other player. This can include your sentiment, opinion, alternative. [end]\n\nYour answer for [response] must NOT exceed 100 tokens.\n\nThe game ends when 1) both you and the other player reply with the sentiment \"Overall Agreement\", 2) one of you chooses the sentiment \"Overall Agreement\" without the other one choosing it in the following turn, 3) you run out of turns to communicate or 4) you do not follow the template.\n\nThis is your character: {'NAME': 'Taylor Jordan', 'GENDER': 'Non-binary', 'AGE': 29, 'APPEARANCE': 'Curly brown hair, warm brown eyes, eclectic fashion, colorful accessories, enthusiastic.', 'OCCUPATION': 'Event Planner', 'LIKES': 'Festivals, fashion, spicy cuisine.', 'DISLIKES': 'Monotony, pessimism, early mornings.', 'HOBBIES': 'Dancing, crafting, exploring new restaurants.', 'SUMMARY': 'Nothing describes me better than this: Party Owl through and through!'}\n\nThis is the character of the other player: {'NAME': 'Dr. Olivia Khan', 'GENDER': 'Female', 'AGE': 42, 'APPEARANCE': 'Confident smile, sharp blue eyes, stylishly short black hair, professional attire with a touch of personality.', 'OCCUPATION': 'Cardiovascular Surgeon', 'LIKES': 'Helping people, pushing the boundaries of medicine, a good intellectual challenge.', 'DISLIKES': 'Arrogance, inefficiency, seeing people give up.', 'HOBBIES': 'Rock climbing (to manage stress), playing the cello, volunteering at a medical clinic for the underprivileged.', 'SUMMARY': 'I love my work as much as I love a good riddle.'}\n\nRemember, your goal is to find the overall agreement for your first date while staying in character.\n\nContinue the game with the reason, your sentiment and an answer phrase to the first message of the other player:\n\nMessage:  That's great to hear! I'm always looking for new experiences and opportunities to learn. What do you think about going out for dinner at that new fusion restaurant downtown? It's been getting a lot of buzz lately. [end]\n"}}, {"from": "Player 2", "to": "GM", "timestamp": "2024-09-12T17:29:48.389491", "action": {"type": "get message", "content": "[reason] Your reason for your decision. The restaurant sounds interesting, but I prefer something more casual like a food festival or a street fair. [end]\n\n[sentiment] Agreement on Location [end]\n\n[response] I think that would be a great idea! I love exploring new restaurants and trying different cuisines. Let's do it! [end]"}}, {"from": "GM", "to": "GM", "timestamp": "2024-09-12T17:29:48.389763", "action": {"type": "parse", "content": "[reason] Your reason for your decision. The restaurant sounds interesting, but I prefer something more casual like a food festival or a street fair. [end]\n\n[sentiment] Agreement on Location [end]\n\n[response] I think that would be a great idea! I love exploring new restaurants and trying different cuisines. Let's do it! [end] conforms to rules"}}], [{"from": "GM", "to": "Player 1", "timestamp": "2024-09-12T17:29:48.389856", "action": {"type": "send message", "content": "Taylor Jordan 's Message:  I think that would be a great idea! I love exploring new restaurants and trying different cuisines. Let's do it! [end]\n"}}, {"from": "Player 1", "to": "GM", "timestamp": "2024-09-12T17:29:56.215047", "action": {"type": "get message", "content": "[reason] That sounds like an excellent plan. I'm always up for trying something new, especially when it comes to food. [end]\n\n[sentiment] Agreement on Location [end]\n\n[response] Great! The fusion restaurant downtown seems perfect. What time would you prefer? I have a busy schedule, so let's try to find a time that works well for both of us. [end]"}}, {"from": "GM", "to": "GM", "timestamp": "2024-09-12T17:29:56.215295", "action": {"type": "parse", "content": "[reason] That sounds like an excellent plan. I'm always up for trying something new, especially when it comes to food. [end]\n\n[sentiment] Agreement on Location [end]\n\n[response] Great! The fusion restaurant downtown seems perfect. What time would you prefer? I have a busy schedule, so let's try to find a time that works well for both of us. [end] conforms to rules"}}, {"from": "GM", "to": "GM", "timestamp": "2024-09-12T17:29:56.215367", "action": {"type": "location agreement", "content": "agreement on location successful"}}], [{"from": "GM", "to": "Player 2", "timestamp": "2024-09-12T17:29:56.215484", "action": {"type": "send message", "content": "Dr. Olivia Khan 's Message:  Great! The fusion restaurant downtown seems perfect. What time would you prefer? I have a busy schedule, so let's try to find a time that works well for both of us. [end]\n"}}, {"from": "Player 2", "to": "GM", "timestamp": "2024-09-12T17:30:04.843510", "action": {"type": "get message", "content": "[reason] Your reason for your decision. I understand that you're busy, but I think it might be more fun to go on a weekend when there are fewer restrictions and we can enjoy the food festival or street fair more. [end]\n\n[sentiment] Agreement on Time [end]\n\n[response] That sounds like a good idea! Let's plan our date for a Saturday afternoon. It will give us time to explore the festival without feeling rushed. [end]"}}, {"from": "GM", "to": "GM", "timestamp": "2024-09-12T17:30:04.843823", "action": {"type": "parse", "content": "[reason] Your reason for your decision. I understand that you're busy, but I think it might be more fun to go on a weekend when there are fewer restrictions and we can enjoy the food festival or street fair more. [end]\n\n[sentiment] Agreement on Time [end]\n\n[response] That sounds like a good idea! Let's plan our date for a Saturday afternoon. It will give us time to explore the festival without feeling rushed. [end] conforms to rules"}}, {"from": "GM", "to": "GM", "timestamp": "2024-09-12T17:30:04.843980", "action": {"type": "mismatch location agreement", "content": "no location agreement, mismatched sentiment"}}], [{"from": "GM", "to": "Player 1", "timestamp": "2024-09-12T17:30:04.844061", "action": {"type": "send message", "content": "Taylor Jordan 's Message:  That sounds like a good idea! Let's plan our date for a Saturday afternoon. It will give us time to explore the festival without feeling rushed. [end]\n"}}, {"from": "Player 1", "to": "GM", "timestamp": "2024-09-12T17:30:12.853033", "action": {"type": "get message", "content": "[reason] I think that's a great suggestion. A Saturday afternoon would be perfect for exploring the festival and enjoying a leisurely meal. [end]\n\n[sentiment] Agreement on Time [end]\n\n[response] Perfect! Saturday afternoon it is. Now we just need to decide on an action for our date. Any ideas? [end]"}}, {"from": "GM", "to": "GM", "timestamp": "2024-09-12T17:30:12.853451", "action": {"type": "parse", "content": "[reason] I think that's a great suggestion. A Saturday afternoon would be perfect for exploring the festival and enjoying a leisurely meal. [end]\n\n[sentiment] Agreement on Time [end]\n\n[response] Perfect! Saturday afternoon it is. Now we just need to decide on an action for our date. Any ideas? [end] conforms to rules"}}, {"from": "GM", "to": "GM", "timestamp": "2024-09-12T17:30:12.853528", "action": {"type": "time agreement", "content": "agreement on time successful"}}], [{"from": "GM", "to": "Player 2", "timestamp": "2024-09-12T17:30:12.853645", "action": {"type": "send message", "content": "Dr. Olivia Khan 's Message:  Perfect! Saturday afternoon it is. Now we just need to decide on an action for our date. Any ideas? [end]\n"}}, {"from": "Player 2", "to": "GM", "timestamp": "2024-09-12T17:30:22.810357", "action": {"type": "get message", "content": "[reason] Your reason for your decision. I think it would be fun to go to a food festival or street fair, where we can try different foods and enjoy the atmosphere together. What do you think about that idea? [end]\n\n[sentiment] Agreement on Action [end]\n\n[response] That sounds like an excellent plan! A food festival or street fair would be so much fun. I'm looking forward to trying new dishes and enjoying each other's company. Let's go for it! [end]"}}, {"from": "GM", "to": "GM", "timestamp": "2024-09-12T17:30:22.810611", "action": {"type": "parse", "content": "[reason] Your reason for your decision. I think it would be fun to go to a food festival or street fair, where we can try different foods and enjoy the atmosphere together. What do you think about that idea? [end]\n\n[sentiment] Agreement on Action [end]\n\n[response] That sounds like an excellent plan! A food festival or street fair would be so much fun. I'm looking forward to trying new dishes and enjoying each other's company. Let's go for it! [end] conforms to rules"}}, {"from": "GM", "to": "GM", "timestamp": "2024-09-12T17:30:22.810681", "action": {"type": "mismatch time agreement", "content": "no time agreement, mismatched sentiment"}}], [{"from": "GM", "to": "Player 1", "timestamp": "2024-09-12T17:30:22.810796", "action": {"type": "send message", "content": "Taylor Jordan 's Message:  That sounds like an excellent plan! A food festival or street fair would be so much fun. I'm looking forward to trying new dishes and enjoying each other's company. Let's go for it! [end]\n"}}, {"from": "Player 1", "to": "GM", "timestamp": "2024-09-12T17:30:32.308332", "action": {"type": "get message", "content": "[reason] I'm glad we're on the same page! A food festival or street fair will definitely make our first date memorable. [end]\n\n[sentiment] Agreement on Action [end]\n\n[response] That's settled then! Now that we've agreed on a location, time, and action for our date, let's make an Overall Agreement. I'm really looking forward to getting to know you better. [end]"}}, {"from": "GM", "to": "GM", "timestamp": "2024-09-12T17:30:32.308641", "action": {"type": "parse", "content": "[reason] I'm glad we're on the same page! A food festival or street fair will definitely make our first date memorable. [end]\n\n[sentiment] Agreement on Action [end]\n\n[response] That's settled then! Now that we've agreed on a location, time, and action for our date, let's make an Overall Agreement. I'm really looking forward to getting to know you better. [end] conforms to rules"}}, {"from": "GM", "to": "GM", "timestamp": "2024-09-12T17:30:32.308714", "action": {"type": "action agreement", "content": "agreement on action successful"}}], [{"from": "GM", "to": "Player 2", "timestamp": "2024-09-12T17:30:32.308829", "action": {"type": "send message", "content": "Dr. Olivia Khan 's Message:  That's settled then! Now that we've agreed on a location, time, and action for our date, let's make an Overall Agreement. I'm really looking forward to getting to know you better. [end]\n"}}, {"from": "Player 2", "to": "GM", "timestamp": "2024-09-12T17:30:42.796891", "action": {"type": "get message", "content": "[reason] Your reason for your decision. I'm excited too! After discussing the details of our date, I think it's time we finalize everything with an Overall Agreement. Let's do this! [end]\n\n[sentiment] Overall Agreement [end]\n\n[response] Absolutely! It's been great talking about our plans and getting to know each other a bit more. I'm really excited for our first date at the food festival on Saturday afternoon. See you there! [end]"}}, {"from": "GM", "to": "GM", "timestamp": "2024-09-12T17:30:42.797484", "action": {"type": "parse", "content": "[reason] Your reason for your decision. I'm excited too! After discussing the details of our date, I think it's time we finalize everything with an Overall Agreement. Let's do this! [end]\n\n[sentiment] Overall Agreement [end]\n\n[response] Absolutely! It's been great talking about our plans and getting to know each other a bit more. I'm really excited for our first date at the food festival on Saturday afternoon. See you there! [end] conforms to rules"}}, {"from": "GM", "to": "GM", "timestamp": "2024-09-12T17:30:42.797524", "action": {"type": "mismatch action agreement", "content": "no action agreement, mismatched sentiment"}}], [{"from": "GM", "to": "Player 1", "timestamp": "2024-09-12T17:30:42.797572", "action": {"type": "send message", "content": "Taylor Jordan 's Message:  Absolutely! It's been great talking about our plans and getting to know each other a bit more. I'm really excited for our first date at the food festival on Saturday afternoon. See you there! [end]\n"}}, {"from": "Player 1", "to": "GM", "timestamp": "2024-09-12T17:30:50.719969", "action": {"type": "get message", "content": "[reason] I'm so happy we could plan this together. Meeting at the food festival on Saturday afternoon will be perfect. See you there! [end]\n\n[sentiment] Overall Agreement [end]"}}, {"from": "GM", "to": "GM", "timestamp": "2024-09-12T17:30:50.720083", "action": {"type": "invalid format: pattern", "content": "Aborted game because of invalid format: pattern"}}]], "max_turns": 15, "completed_turns": 8, "time_agreement": true, "location_agreement": true, "action_agreement": true}