{"players": {"GM": "Game master for datingsim", "Player 1": "openchat-3.6-8b", "Player 2": "openchat-3.6-8b"}, "turns": [[{"from": "GM", "to": "Player 1", "timestamp": "2024-09-12T18:21:09.871142", "action": {"type": "send message", "content": "You are about to play a game with another player. In this game, you and the other player are both on an dating app, looking for a partner. In this case, both you and the other player decided, that you fancy each other's profile. Your and the other player's GOAL is it, to come to an agreement on what to do on your first date. At the start of the game you will be given two character sheets. The first one is the one, that defines your personality. The second one includes the information you know of the other player based on the information in their Bio on the dating app. You will start the conversation.\nOn each further turn you can react to what the other player tells you. For this you can either continue the conversation if you have not met an agreement yet or are not happy with the proposal, or end the game by agreeing to the proposal. \n\nThere is a total of four agreements throughout the game: \"Agreement on Time\", \"Agreement on Location\", \"Agreement on Action\", \"Overall Agreement\". You and the other player need to find an agreement on each of them.\nYou should only choose \"Overall Agreement\" after you and your date manage to settle an agreement for the other three ones (Time, Location, Action). \nYou have 15 turns to finish the game and find all agreements. \n\nYour answer has to consist ONLY of the following information and follow the given template:\n\n[reason] Your reason for your decision. [end]\n\n[sentiment] Choose one of the following: \"Continue Conversation\", \"Agreement on Time\", \"Agreement on Location\", \"Agreement on Action\", \"Overall Agreement\" [end]\n\n[response] Your response to the other player. This can include your sentiment, opinion, alternative. [end]\n\nYour answer for [response] must NOT exceed 100 tokens.\n\nThe game ends when 1) both you and the other player reply with the sentiment \"Overall Agreement\", 2) one of you chooses the sentiment \"Overall Agreement\" without the other one choosing it in the following turn, 3) you run out of turns to communicate or 4) you do not follow the template.\n\nThis is your character: {'NAME': 'Dr. Olivia Khan', 'GENDER': 'Female', 'AGE': 42, 'APPEARANCE': 'Confident smile, sharp blue eyes, stylishly short black hair, professional attire with a touch of personality.', 'OCCUPATION': 'Cardiovascular Surgeon', 'LIKES': 'Helping people, pushing the boundaries of medicine, a good intellectual challenge.', 'DISLIKES': 'Arrogance, inefficiency, seeing people give up.', 'HOBBIES': 'Rock climbing (to manage stress), playing the cello, volunteering at a medical clinic for the underprivileged.', 'SUMMARY': 'I love my work as much as I love a good riddle.'}\n\nThis is the character of the other player: ${'NAME': 'Dr. Olivia Khan', 'GENDER': 'Female', 'AGE': 42, 'APPEARANCE': 'Confident smile, sharp blue eyes, stylishly short black hair, professional attire with a touch of personality.', 'OCCUPATION': 'Cardiovascular Surgeon', 'LIKES': 'Helping people, pushing the boundaries of medicine, a good intellectual challenge.', 'DISLIKES': 'Arrogance, inefficiency, seeing people give up.', 'HOBBIES': 'Rock climbing (to manage stress), playing the cello, volunteering at a medical clinic for the underprivileged.', 'SUMMARY': 'I love my work as much as I love a good riddle.'}\n\nRemember, your goal is to find the overall agreement for your first date while staying in character.\n\nStart the game with the reason, your sentiment and the opening phrase.\n"}}, {"from": "Player 1", "to": "GM", "timestamp": "2024-09-12T18:21:15.426276", "action": {"type": "get message", "content": "[reason] Your profile caught my attention because we share similar interests. [end]\n\n[sentiment] Agreement on Time [end]\n\n[response] I would love to meet you at 7 pm. How about you? [end]"}}, {"from": "GM", "to": "GM", "timestamp": "2024-09-12T18:21:15.426566", "action": {"type": "parse", "content": "[reason] Your profile caught my attention because we share similar interests. [end]\n\n[sentiment] Agreement on Time [end]\n\n[response] I would love to meet you at 7 pm. How about you? [end] conforms to rules"}}], [{"from": "GM", "to": "Player 2", "timestamp": "2024-09-12T18:21:15.426650", "action": {"type": "send message", "content": "You are about to play a game with another player. In this game, you and the other player are both on an dating app, looking for a partner. In this case, both you and the other player decided, that you fancy each other's profile. Your and the other player's GOAL is it, to come to an agreement on what to do on your first date. At the start of the game you will be given two character sheets. The first one is the one, that defines your personality. The second one includes the information you know of the other player based on the information in their Bio on the dating app. You will be approached by the other player.\nOn each further turn you can react to what the other player tells you. For this you can either continue the conversation if you have not met an agreement yet or are not happy with the proposal, or end the game by agreeing to the proposal. \n\nThere is a total of four agreements throughout the game: \"Agreement on Time\", \"Agreement on Location\", \"Agreement on Action\", \"Overall Agreement\". You and the other player need to find an agreement on each of them.\nYou should only choose \"Overall Agreement\" after you and your date manage to settle an agreement for the other three ones (Time, Location, Action). \nYou have 15 turns to finish the game and find all agreements. \n\nYour answer has to consist ONLY of the following information and follow the given template:\n\n[reason] Your reason for your decision. [end]\n\n[sentiment] Choose one of the following: \"Continue Conversation\", \"Agreement on Time\", \"Agreement on Location\", \"Agreement on Action\", \"Overall Agreement\" [end]\n\n[response] Your response to the other player. This can include your sentiment, opinion, alternative. [end]\n\nYour answer for [response] must NOT exceed 100 tokens.\n\nThe game ends when 1) both you and the other player reply with the sentiment \"Overall Agreement\", 2) one of you chooses the sentiment \"Overall Agreement\" without the other one choosing it in the following turn, 3) you run out of turns to communicate or 4) you do not follow the template.\n\nThis is your character: {'NAME': 'Dr. Olivia Khan', 'GENDER': 'Female', 'AGE': 42, 'APPEARANCE': 'Confident smile, sharp blue eyes, stylishly short black hair, professional attire with a touch of personality.', 'OCCUPATION': 'Cardiovascular Surgeon', 'LIKES': 'Helping people, pushing the boundaries of medicine, a good intellectual challenge.', 'DISLIKES': 'Arrogance, inefficiency, seeing people give up.', 'HOBBIES': 'Rock climbing (to manage stress), playing the cello, volunteering at a medical clinic for the underprivileged.', 'SUMMARY': 'I love my work as much as I love a good riddle.'}\n\nThis is the character of the other player: ${'NAME': 'Dr. Olivia Khan', 'GENDER': 'Female', 'AGE': 42, 'APPEARANCE': 'Confident smile, sharp blue eyes, stylishly short black hair, professional attire with a touch of personality.', 'OCCUPATION': 'Cardiovascular Surgeon', 'LIKES': 'Helping people, pushing the boundaries of medicine, a good intellectual challenge.', 'DISLIKES': 'Arrogance, inefficiency, seeing people give up.', 'HOBBIES': 'Rock climbing (to manage stress), playing the cello, volunteering at a medical clinic for the underprivileged.', 'SUMMARY': 'I love my work as much as I love a good riddle.'}\n\nRemember, your goal is to find the overall agreement for your first date while staying in character.\n\nContinue the game with the reason, your sentiment and an answer phrase to the first message of the other player:\n\nMessage:  I would love to meet you at 7 pm. How about you? [end]\n"}}, {"from": "Player 2", "to": "GM", "timestamp": "2024-09-12T18:21:20.705255", "action": {"type": "get message", "content": "[reason] Your proposal seems very reasonable. [end]\n\n[sentiment] Agreement on Time [end]\n\n[response] That works for me, let's make it happen! [end]"}}, {"from": "GM", "to": "GM", "timestamp": "2024-09-12T18:21:20.705584", "action": {"type": "parse", "content": "[reason] Your proposal seems very reasonable. [end]\n\n[sentiment] Agreement on Time [end]\n\n[response] That works for me, let's make it happen! [end] conforms to rules"}}], [{"from": "GM", "to": "Player 1", "timestamp": "2024-09-12T18:21:20.705702", "action": {"type": "send message", "content": "Dr. Olivia Khan 's Message:  That works for me, let's make it happen! [end]\n"}}, {"from": "Player 1", "to": "GM", "timestamp": "2024-09-12T18:21:27.634881", "action": {"type": "get message", "content": "[reason] Great! We have an agreement on the time. Now we need to decide on a location. [end]\n\n[sentiment] Agreement on Location [end]\n\n[response] How about meeting at a nice restaurant downtown? I know a great place called \"The Blue Note\". What do you think? [end]"}}, {"from": "GM", "to": "GM", "timestamp": "2024-09-12T18:21:27.635110", "action": {"type": "parse", "content": "[reason] Great! We have an agreement on the time. Now we need to decide on a location. [end]\n\n[sentiment] Agreement on Location [end]\n\n[response] How about meeting at a nice restaurant downtown? I know a great place called \"The Blue Note\". What do you think? [end] conforms to rules"}}, {"from": "GM", "to": "GM", "timestamp": "2024-09-12T18:21:27.635178", "action": {"type": "mismatch time agreement", "content": "no time agreement, mismatched sentiment"}}], [{"from": "GM", "to": "Player 2", "timestamp": "2024-09-12T18:21:27.635289", "action": {"type": "send message", "content": "Dr. Olivia Khan 's Message:  How about meeting at a nice restaurant downtown? I know a great place called \"The Blue Note\". What do you think? [end]\n"}}, {"from": "Player 2", "to": "GM", "timestamp": "2024-09-12T18:21:34.343768", "action": {"type": "get message", "content": "[reason] The Blue Note sounds like an excellent choice for our first date. [end]\n\n[sentiment] Agreement on Location [end]\n\n[response] That's perfect! I've been wanting to try it out for a while now. Let's go there! [end]"}}, {"from": "GM", "to": "GM", "timestamp": "2024-09-12T18:21:34.344018", "action": {"type": "parse", "content": "[reason] The Blue Note sounds like an excellent choice for our first date. [end]\n\n[sentiment] Agreement on Location [end]\n\n[response] That's perfect! I've been wanting to try it out for a while now. Let's go there! [end] conforms to rules"}}, {"from": "GM", "to": "GM", "timestamp": "2024-09-12T18:21:34.344056", "action": {"type": "location agreement", "content": "agreement on location successful"}}], [{"from": "GM", "to": "Player 1", "timestamp": "2024-09-12T18:21:34.344101", "action": {"type": "send message", "content": "Dr. Olivia Khan 's Message:  That's perfect! I've been wanting to try it out for a while now. Let's go there! [end]\n"}}, {"from": "Player 1", "to": "GM", "timestamp": "2024-09-12T18:21:42.004169", "action": {"type": "get message", "content": "[reason] Awesome, we have an agreement on the location too. Now let's decide on what to do during our date. [end]\n\n[sentiment] Agreement on Action [end]\n\n[response] I was thinking about going rock climbing afterwards. It's a great way to bond and have fun! What do you think? [end]"}}, {"from": "GM", "to": "GM", "timestamp": "2024-09-12T18:21:42.004483", "action": {"type": "parse", "content": "[reason] Awesome, we have an agreement on the location too. Now let's decide on what to do during our date. [end]\n\n[sentiment] Agreement on Action [end]\n\n[response] I was thinking about going rock climbing afterwards. It's a great way to bond and have fun! What do you think? [end] conforms to rules"}}, {"from": "GM", "to": "GM", "timestamp": "2024-09-12T18:21:42.004569", "action": {"type": "mismatch location agreement", "content": "no location agreement, mismatched sentiment"}}], [{"from": "GM", "to": "Player 2", "timestamp": "2024-09-12T18:21:42.004701", "action": {"type": "send message", "content": "Dr. Olivia Khan 's Message:  I was thinking about going rock climbing afterwards. It's a great way to bond and have fun! What do you think? [end]\n"}}, {"from": "Player 2", "to": "GM", "timestamp": "2024-09-12T18:21:48.991816", "action": {"type": "get message", "content": "[reason] Rock climbing sounds like an exciting idea for our first date. [end]\n\n[sentiment] Agreement on Action [end]\n\n[response] That's a fantastic suggestion, I'm in! Let's go rock climbing after dinner. [end]"}}, {"from": "GM", "to": "GM", "timestamp": "2024-09-12T18:21:48.992067", "action": {"type": "parse", "content": "[reason] Rock climbing sounds like an exciting idea for our first date. [end]\n\n[sentiment] Agreement on Action [end]\n\n[response] That's a fantastic suggestion, I'm in! Let's go rock climbing after dinner. [end] conforms to rules"}}, {"from": "GM", "to": "GM", "timestamp": "2024-09-12T18:21:48.992135", "action": {"type": "action agreement", "content": "agreement on action successful"}}], [{"from": "GM", "to": "Player 1", "timestamp": "2024-09-12T18:21:48.992356", "action": {"type": "send message", "content": "Dr. Olivia Khan 's Message:  That's a fantastic suggestion, I'm in! Let's go rock climbing after dinner. [end]\n"}}, {"from": "Player 1", "to": "GM", "timestamp": "2024-09-12T18:21:57.526786", "action": {"type": "get message", "content": "[reason] Great, we've agreed on the action too. Now let's make sure everything is set for our first date. [end]\n\n[sentiment] Overall Agreement [end]\n\n[response] It sounds like we have a plan! I'm really looking forward to meeting you and going rock climbing together. See you at 7 pm at \"The Blue Note\"! [end]"}}, {"from": "GM", "to": "GM", "timestamp": "2024-09-12T18:21:57.527268", "action": {"type": "parse", "content": "[reason] Great, we've agreed on the action too. Now let's make sure everything is set for our first date. [end]\n\n[sentiment] Overall Agreement [end]\n\n[response] It sounds like we have a plan! I'm really looking forward to meeting you and going rock climbing together. See you at 7 pm at \"The Blue Note\"! [end] conforms to rules"}}, {"from": "GM", "to": "GM", "timestamp": "2024-09-12T18:21:57.527349", "action": {"type": "mismatch action agreement", "content": "no action agreement, mismatched sentiment"}}], [{"from": "GM", "to": "Player 2", "timestamp": "2024-09-12T18:21:57.527483", "action": {"type": "send message", "content": "Dr. Olivia Khan 's Message:  It sounds like we have a plan! I'm really looking forward to meeting you and going rock climbing together. See you at 7 pm at \"The Blue Note\"! [end]\n"}}, {"from": "Player 2", "to": "GM", "timestamp": "2024-09-12T18:22:04.777204", "action": {"type": "get message", "content": "[reason] I'm thrilled about our first date, too! Thanks for the invitation. [end]\n\n[sentiment] Overall Agreement [end]\n\n[response] Looking forward to seeing you there! Have a great day! [end]"}}, {"from": "GM", "to": "GM", "timestamp": "2024-09-12T18:22:04.777304", "action": {"type": "parse", "content": "[reason] I'm thrilled about our first date, too! Thanks for the invitation. [end]\n\n[sentiment] Overall Agreement [end]\n\n[response] Looking forward to seeing you there! Have a great day! [end] conforms to rules"}}, {"from": "GM", "to": "GM", "timestamp": "2024-09-12T18:22:04.777327", "action": {"type": "overall agreement", "content": "game successful"}}]], "max_turns": 15, "completed_turns": 8, "time_agreement": false, "location_agreement": true, "action_agreement": true}