{"players": {"GM": "Game master for datingsim", "Player 1": "openchat-3.6-8b", "Player 2": "openchat-3.6-8b"}, "turns": [[{"from": "GM", "to": "Player 1", "timestamp": "2024-09-12T18:41:44.417494", "action": {"type": "send message", "content": "You are about to play a game with another player. In this game, you and the other player are both on an dating app, looking for a partner. In this case, both you and the other player decided, that you fancy each other's profile. Your and the other player's GOAL is it, to come to an agreement on what to do on your first date. At the start of the game you will be given two character sheets. The first one is the one, that defines your personality. The second one includes the information you know of the other player based on the information in their Bio on the dating app. You will start the conversation.\nOn each further turn you can react to what the other player tells you. For this you can either continue the conversation if you have not met an agreement yet or are not happy with the proposal, or end the game by agreeing to the proposal. \n\nThere is a total of four agreements throughout the game: \"Agreement on Time\", \"Agreement on Location\", \"Agreement on Action\", \"Overall Agreement\". You and the other player need to find an agreement on each of them.\nYou should only choose \"Overall Agreement\" after you and your date manage to settle an agreement for the other three ones (Time, Location, Action). \nYou have 15 turns to finish the game and find all agreements. \n\nYour answer has to consist ONLY of the following information and follow the given template:\n\n[reason] Your reason for your decision. [end]\n\n[sentiment] Choose one of the following: \"Continue Conversation\", \"Agreement on Time\", \"Agreement on Location\", \"Agreement on Action\", \"Overall Agreement\" [end]\n\n[response] Your response to the other player. This can include your sentiment, opinion, alternative. [end]\n\nYour answer for [response] must NOT exceed 100 tokens.\n\nThe game ends when 1) both you and the other player reply with the sentiment \"Overall Agreement\", 2) one of you chooses the sentiment \"Overall Agreement\" without the other one choosing it in the following turn, 3) you run out of turns to communicate or 4) you do not follow the template.\n\nThis is your character: {'NAME': 'Jamie Park', 'GENDER': 'Non-binary', 'AGE': 21, 'APPEARANCE': 'Vibrant dyed hair (changes color often), bright and expressive eyes, wears bold and trendy clothing that reflects their artistic personality.', 'OCCUPATION': 'Tattoo Artist', 'LIKES': 'Creating meaningful and personalized tattoos, expressing their artistic vision, connecting with people through their work.', 'DISLIKES': 'Conformity, negativity, limitations on creativity.', 'HOBBIES': 'Painting, attending art festivals, experimenting with different artistic mediums.', 'SUMMARY': 'A passionate tattoo artist is who I am with which I try to tell stories and express individuality.'}\n\nThis is the character of the other player: ${'NAME': 'Jamie Park', 'SUMMARY': 'A passionate tattoo artist is who I am with which I try to tell stories and express individuality.'}\n\nRemember, your goal is to find the overall agreement for your first date while staying in character.\n\nStart the game with the reason, your sentiment and the opening phrase.\n"}}, {"from": "Player 1", "to": "GM", "timestamp": "2024-09-12T18:41:49.802972", "action": {"type": "get message", "content": "[reason] As a fellow tattoo artist, I'm excited to get to know you better. [end]\n\n[sentiment] Agreement on Time [end]\n\n[response] How about we meet at 7pm? That's when my shop is less busy. [end]"}}, {"from": "GM", "to": "GM", "timestamp": "2024-09-12T18:41:49.803229", "action": {"type": "parse", "content": "[reason] As a fellow tattoo artist, I'm excited to get to know you better. [end]\n\n[sentiment] Agreement on Time [end]\n\n[response] How about we meet at 7pm? That's when my shop is less busy. [end] conforms to rules"}}], [{"from": "GM", "to": "Player 2", "timestamp": "2024-09-12T18:41:49.803282", "action": {"type": "send message", "content": "You are about to play a game with another player. In this game, you and the other player are both on an dating app, looking for a partner. In this case, both you and the other player decided, that you fancy each other's profile. Your and the other player's GOAL is it, to come to an agreement on what to do on your first date. At the start of the game you will be given two character sheets. The first one is the one, that defines your personality. The second one includes the information you know of the other player based on the information in their Bio on the dating app. You will be approached by the other player.\nOn each further turn you can react to what the other player tells you. For this you can either continue the conversation if you have not met an agreement yet or are not happy with the proposal, or end the game by agreeing to the proposal. \n\nThere is a total of four agreements throughout the game: \"Agreement on Time\", \"Agreement on Location\", \"Agreement on Action\", \"Overall Agreement\". You and the other player need to find an agreement on each of them.\nYou should only choose \"Overall Agreement\" after you and your date manage to settle an agreement for the other three ones (Time, Location, Action). \nYou have 15 turns to finish the game and find all agreements. \n\nYour answer has to consist ONLY of the following information and follow the given template:\n\n[reason] Your reason for your decision. [end]\n\n[sentiment] Choose one of the following: \"Continue Conversation\", \"Agreement on Time\", \"Agreement on Location\", \"Agreement on Action\", \"Overall Agreement\" [end]\n\n[response] Your response to the other player. This can include your sentiment, opinion, alternative. [end]\n\nYour answer for [response] must NOT exceed 100 tokens.\n\nThe game ends when 1) both you and the other player reply with the sentiment \"Overall Agreement\", 2) one of you chooses the sentiment \"Overall Agreement\" without the other one choosing it in the following turn, 3) you run out of turns to communicate or 4) you do not follow the template.\n\nThis is your character: {'NAME': 'Jamie Park', 'GENDER': 'Non-binary', 'AGE': 21, 'APPEARANCE': 'Vibrant dyed hair (changes color often), bright and expressive eyes, wears bold and trendy clothing that reflects their artistic personality.', 'OCCUPATION': 'Tattoo Artist', 'LIKES': 'Creating meaningful and personalized tattoos, expressing their artistic vision, connecting with people through their work.', 'DISLIKES': 'Conformity, negativity, limitations on creativity.', 'HOBBIES': 'Painting, attending art festivals, experimenting with different artistic mediums.', 'SUMMARY': 'A passionate tattoo artist is who I am with which I try to tell stories and express individuality.'}\n\nThis is the character of the other player: ${'NAME': 'Jamie Park', 'SUMMARY': 'A passionate tattoo artist is who I am with which I try to tell stories and express individuality.'}\n\nRemember, your goal is to find the overall agreement for your first date while staying in character.\n\nContinue the game with the reason, your sentiment and an answer phrase to the first message of the other player:\n\nMessage:  How about we meet at 7pm? That's when my shop is less busy. [end]\n"}}, {"from": "Player 2", "to": "GM", "timestamp": "2024-09-12T18:41:55.796540", "action": {"type": "get message", "content": "[reason] I'm open to that time! What do you think about meeting at a local art festival near my shop? It would be fun and creative. [end]\n\n[sentiment] Agreement on Time [end]\n\n[response] Sounds like a great idea, let's meet there at 7pm. [end]"}}, {"from": "GM", "to": "GM", "timestamp": "2024-09-12T18:41:55.796817", "action": {"type": "parse", "content": "[reason] I'm open to that time! What do you think about meeting at a local art festival near my shop? It would be fun and creative. [end]\n\n[sentiment] Agreement on Time [end]\n\n[response] Sounds like a great idea, let's meet there at 7pm. [end] conforms to rules"}}], [{"from": "GM", "to": "Player 1", "timestamp": "2024-09-12T18:41:55.796934", "action": {"type": "send message", "content": "Jamie Park 's Message:  Sounds like a great idea, let's meet there at 7pm. [end]\n"}}, {"from": "Player 1", "to": "GM", "timestamp": "2024-09-12T18:42:02.078243", "action": {"type": "get message", "content": "[reason] I'm glad you're on board with the time! Let's move on to the location. [end]\n\n[sentiment] Agreement on Location [end]\n\n[response] What about meeting at my shop? It's a cool place and we can talk more about our art there. [end]"}}, {"from": "GM", "to": "GM", "timestamp": "2024-09-12T18:42:02.078528", "action": {"type": "parse", "content": "[reason] I'm glad you're on board with the time! Let's move on to the location. [end]\n\n[sentiment] Agreement on Location [end]\n\n[response] What about meeting at my shop? It's a cool place and we can talk more about our art there. [end] conforms to rules"}}, {"from": "GM", "to": "GM", "timestamp": "2024-09-12T18:42:02.078703", "action": {"type": "mismatch time agreement", "content": "no time agreement, mismatched sentiment"}}], [{"from": "GM", "to": "Player 2", "timestamp": "2024-09-12T18:42:02.078843", "action": {"type": "send message", "content": "Jamie Park 's Message:  What about meeting at my shop? It's a cool place and we can talk more about our art there. [end]\n"}}, {"from": "Player 2", "to": "GM", "timestamp": "2024-09-12T18:42:08.578809", "action": {"type": "get message", "content": "[reason] I think that's a good location! How about we meet at the local art festival near my shop instead? We could have a fun time there. [end]\n\n[sentiment] Agreement on Location [end]\n\n[response] That sounds like a great plan, let's do it! [end]"}}, {"from": "GM", "to": "GM", "timestamp": "2024-09-12T18:42:08.579081", "action": {"type": "parse", "content": "[reason] I think that's a good location! How about we meet at the local art festival near my shop instead? We could have a fun time there. [end]\n\n[sentiment] Agreement on Location [end]\n\n[response] That sounds like a great plan, let's do it! [end] conforms to rules"}}, {"from": "GM", "to": "GM", "timestamp": "2024-09-12T18:42:08.579153", "action": {"type": "location agreement", "content": "agreement on location successful"}}], [{"from": "GM", "to": "Player 1", "timestamp": "2024-09-12T18:42:08.579266", "action": {"type": "send message", "content": "Jamie Park 's Message:  That sounds like a great plan, let's do it! [end]\n"}}, {"from": "Player 1", "to": "GM", "timestamp": "2024-09-12T18:42:15.096836", "action": {"type": "get message", "content": "[reason] Awesome! Now we just need to decide on the action for our first date. [end]\n\n[sentiment] Agreement on Action [end]\n\n[response] How about we go grab some dinner together? We can talk more about our tattoos and art while we eat. [end]"}}, {"from": "GM", "to": "GM", "timestamp": "2024-09-12T18:42:15.097116", "action": {"type": "parse", "content": "[reason] Awesome! Now we just need to decide on the action for our first date. [end]\n\n[sentiment] Agreement on Action [end]\n\n[response] How about we go grab some dinner together? We can talk more about our tattoos and art while we eat. [end] conforms to rules"}}, {"from": "GM", "to": "GM", "timestamp": "2024-09-12T18:42:15.097149", "action": {"type": "mismatch location agreement", "content": "no location agreement, mismatched sentiment"}}], [{"from": "GM", "to": "Player 2", "timestamp": "2024-09-12T18:42:15.097198", "action": {"type": "send message", "content": "Jamie Park 's Message:  How about we go grab some dinner together? We can talk more about our tattoos and art while we eat. [end]\n"}}, {"from": "Player 2", "to": "GM", "timestamp": "2024-09-12T18:42:21.755731", "action": {"type": "get message", "content": "[reason] I'm down for that! What kind of food are you in the mood for? [end]\n\n[sentiment] Agreement on Action [end]\n\n[response] I'm thinking something healthy, maybe a salad or some sushi? How about you? [end]"}}, {"from": "GM", "to": "GM", "timestamp": "2024-09-12T18:42:21.756096", "action": {"type": "parse", "content": "[reason] I'm down for that! What kind of food are you in the mood for? [end]\n\n[sentiment] Agreement on Action [end]\n\n[response] I'm thinking something healthy, maybe a salad or some sushi? How about you? [end] conforms to rules"}}, {"from": "GM", "to": "GM", "timestamp": "2024-09-12T18:42:21.756181", "action": {"type": "action agreement", "content": "agreement on action successful"}}], [{"from": "GM", "to": "Player 1", "timestamp": "2024-09-12T18:42:21.756317", "action": {"type": "send message", "content": "Jamie Park 's Message:  I'm thinking something healthy, maybe a salad or some sushi? How about you? [end]\n"}}, {"from": "Player 1", "to": "GM", "timestamp": "2024-09-12T18:42:29.184751", "action": {"type": "get message", "content": "[reason] That sounds good to me! Let's agree on that and make it an overall agreement. [end]\n\n[sentiment] Overall Agreement [end]\n\n[response] Great! We've agreed on everything. Looking forward to our first date at 7pm in my shop, grabbing some healthy dinner together. See you then! [end]"}}, {"from": "GM", "to": "GM", "timestamp": "2024-09-12T18:42:29.185083", "action": {"type": "parse", "content": "[reason] That sounds good to me! Let's agree on that and make it an overall agreement. [end]\n\n[sentiment] Overall Agreement [end]\n\n[response] Great! We've agreed on everything. Looking forward to our first date at 7pm in my shop, grabbing some healthy dinner together. See you then! [end] conforms to rules"}}, {"from": "GM", "to": "GM", "timestamp": "2024-09-12T18:42:29.185296", "action": {"type": "mismatch action agreement", "content": "no action agreement, mismatched sentiment"}}], [{"from": "GM", "to": "Player 2", "timestamp": "2024-09-12T18:42:29.185549", "action": {"type": "send message", "content": "Jamie Park 's Message:  Great! We've agreed on everything. Looking forward to our first date at 7pm in my shop, grabbing some healthy dinner together. See you then! [end]\n"}}, {"from": "Player 2", "to": "GM", "timestamp": "2024-09-12T18:42:36.317358", "action": {"type": "get message", "content": "[reason] That sounds perfect! I'm really looking forward to it too. See you at 7pm! [end]\n\n[sentiment] Overall Agreement [end]\n\n[response] Agreed! Have a great day and see you soon! [end]"}}, {"from": "GM", "to": "GM", "timestamp": "2024-09-12T18:42:36.317692", "action": {"type": "parse", "content": "[reason] That sounds perfect! I'm really looking forward to it too. See you at 7pm! [end]\n\n[sentiment] Overall Agreement [end]\n\n[response] Agreed! Have a great day and see you soon! [end] conforms to rules"}}, {"from": "GM", "to": "GM", "timestamp": "2024-09-12T18:42:36.317764", "action": {"type": "overall agreement", "content": "game successful"}}]], "max_turns": 15, "completed_turns": 8, "time_agreement": false, "location_agreement": true, "action_agreement": true}