{"players": {"GM": "Game master for datingsim", "Player 1": "Mixtral-8x22B-Instruct-v0.1", "Player 2": "Mixtral-8x22B-Instruct-v0.1"}, "turns": [[{"from": "GM", "to": "Player 1", "timestamp": "2024-09-12T14:37:03.851817", "action": {"type": "send message", "content": "You are about to play a game with another player. In this game, you and the other player are both on an dating app, looking for a partner. In this case, both you and the other player decided, that you fancy each other's profile. Your and the other player's GOAL is it, to come to an agreement on what to do on your first date. At the start of the game you will be given two character sheets. The first one is the one, that defines your personality. The second one includes the information you know of the other player based on the information in their Bio on the dating app. You will start the conversation.\nOn each further turn you can react to what the other player tells you. For this you can either continue the conversation if you have not met an agreement yet or are not happy with the proposal, or end the game by agreeing to the proposal. \n\nThere is a total of four agreements throughout the game: \"Agreement on Time\", \"Agreement on Location\", \"Agreement on Action\", \"Overall Agreement\". You and the other player need to find an agreement on each of them.\nYou should only choose \"Overall Agreement\" after you and your date manage to settle an agreement for the other three ones (Time, Location, Action). \nYou have 15 turns to finish the game and find all agreements. \n\nYour answer has to consist ONLY of the following information and follow the given template:\n\n[reason] Your reason for your decision. [end]\n\n[sentiment] Choose one of the following: \"Continue Conversation\", \"Agreement on Time\", \"Agreement on Location\", \"Agreement on Action\", \"Overall Agreement\" [end]\n\n[response] Your response to the other player. This can include your sentiment, opinion, alternative. [end]\n\nYour answer for [response] must NOT exceed 100 tokens.\n\nThe game ends when 1) both you and the other player reply with the sentiment \"Overall Agreement\", 2) one of you chooses the sentiment \"Overall Agreement\" without the other one choosing it in the following turn, 3) you run out of turns to communicate or 4) you do not follow the template.\n\nThis is your character: {'NAME': 'Mia Patel', 'GENDER': 'Female', 'AGE': 29, 'APPEARANCE': 'Long wavy black hair, dark brown eyes, olive skin, trendy and bohemian style, infectious laughter.', 'OCCUPATION': 'Travel Blogger', 'LIKES': 'Adventure, photography, cultural experiences.', 'DISLIKES': 'Routine, negativity, bad weather.', 'HOBBIES': 'Traveling, writing, learning new languages.', 'SUMMARY': 'I like to travel a lot and keep my precious memories saved with pictures!'}\n\nThis is the character of the other player: ${'NAME': 'Mia Patel', 'GENDER': 'Female', 'AGE': 29, 'APPEARANCE': 'Long wavy black hair, dark brown eyes, olive skin, trendy and bohemian style, infectious laughter.', 'OCCUPATION': 'Travel Blogger', 'LIKES': 'Adventure, photography, cultural experiences.', 'DISLIKES': 'Routine, negativity, bad weather.', 'HOBBIES': 'Traveling, writing, learning new languages.', 'SUMMARY': 'I like to travel a lot and keep my precious memories saved with pictures!'}\n\nRemember, your goal is to find the overall agreement for your first date while staying in character.\n\nStart the game with the reason, your sentiment and the opening phrase.\n"}}, {"from": "Player 1", "to": "GM", "timestamp": "2024-09-12T14:37:05.564898", "action": {"type": "get message", "content": "[reason] I see that we both share a love for adventure, photography, and cultural experiences. I think it would be great to plan a date that incorporates these elements. [end]\n\n[sentiment] Continue Conversation [end]\n\n[response] Hi Mia, it's great to connect with someone who shares my passion for travel and photography! I was thinking, since we both enjoy cultural experiences, maybe we could plan our first date around that? [end]"}}, {"from": "GM", "to": "GM", "timestamp": "2024-09-12T14:37:05.564898", "action": {"type": "parse", "content": "[reason] I see that we both share a love for adventure, photography, and cultural experiences. I think it would be great to plan a date that incorporates these elements. [end]\n\n[sentiment] Continue Conversation [end]\n\n[response] Hi Mia, it's great to connect with someone who shares my passion for travel and photography! I was thinking, since we both enjoy cultural experiences, maybe we could plan our first date around that? [end] conforms to rules"}}], [{"from": "GM", "to": "Player 2", "timestamp": "2024-09-12T14:37:05.565890", "action": {"type": "send message", "content": "You are about to play a game with another player. In this game, you and the other player are both on an dating app, looking for a partner. In this case, both you and the other player decided, that you fancy each other's profile. Your and the other player's GOAL is it, to come to an agreement on what to do on your first date. At the start of the game you will be given two character sheets. The first one is the one, that defines your personality. The second one includes the information you know of the other player based on the information in their Bio on the dating app. You will be approached by the other player.\nOn each further turn you can react to what the other player tells you. For this you can either continue the conversation if you have not met an agreement yet or are not happy with the proposal, or end the game by agreeing to the proposal. \n\nThere is a total of four agreements throughout the game: \"Agreement on Time\", \"Agreement on Location\", \"Agreement on Action\", \"Overall Agreement\". You and the other player need to find an agreement on each of them.\nYou should only choose \"Overall Agreement\" after you and your date manage to settle an agreement for the other three ones (Time, Location, Action). \nYou have 15 turns to finish the game and find all agreements. \n\nYour answer has to consist ONLY of the following information and follow the given template:\n\n[reason] Your reason for your decision. [end]\n\n[sentiment] Choose one of the following: \"Continue Conversation\", \"Agreement on Time\", \"Agreement on Location\", \"Agreement on Action\", \"Overall Agreement\" [end]\n\n[response] Your response to the other player. This can include your sentiment, opinion, alternative. [end]\n\nYour answer for [response] must NOT exceed 100 tokens.\n\nThe game ends when 1) both you and the other player reply with the sentiment \"Overall Agreement\", 2) one of you chooses the sentiment \"Overall Agreement\" without the other one choosing it in the following turn, 3) you run out of turns to communicate or 4) you do not follow the template.\n\nThis is your character: {'NAME': 'Mia Patel', 'GENDER': 'Female', 'AGE': 29, 'APPEARANCE': 'Long wavy black hair, dark brown eyes, olive skin, trendy and bohemian style, infectious laughter.', 'OCCUPATION': 'Travel Blogger', 'LIKES': 'Adventure, photography, cultural experiences.', 'DISLIKES': 'Routine, negativity, bad weather.', 'HOBBIES': 'Traveling, writing, learning new languages.', 'SUMMARY': 'I like to travel a lot and keep my precious memories saved with pictures!'}\n\nThis is the character of the other player: ${'NAME': 'Mia Patel', 'GENDER': 'Female', 'AGE': 29, 'APPEARANCE': 'Long wavy black hair, dark brown eyes, olive skin, trendy and bohemian style, infectious laughter.', 'OCCUPATION': 'Travel Blogger', 'LIKES': 'Adventure, photography, cultural experiences.', 'DISLIKES': 'Routine, negativity, bad weather.', 'HOBBIES': 'Traveling, writing, learning new languages.', 'SUMMARY': 'I like to travel a lot and keep my precious memories saved with pictures!'}\n\nRemember, your goal is to find the overall agreement for your first date while staying in character.\n\nContinue the game with the reason, your sentiment and an answer phrase to the first message of the other player:\n\nMessage:  Hi Mia, it's great to connect with someone who shares my passion for travel and photography! I was thinking, since we both enjoy cultural experiences, maybe we could plan our first date around that? [end]\n"}}, {"from": "Player 2", "to": "GM", "timestamp": "2024-09-12T14:37:07.204698", "action": {"type": "get message", "content": "[reason] The other player's suggestion aligns with both our interests in cultural experiences. [end]\n\n[sentiment] Continue Conversation [end]\n\n[response] Hi there! I'm thrilled to find someone who shares my love for travel and photography. I absolutely adore the idea of a culturally immersive first date. How about we explore a local museum or attend a cultural festival? [end]"}}, {"from": "GM", "to": "GM", "timestamp": "2024-09-12T14:37:07.205703", "action": {"type": "parse", "content": "[reason] The other player's suggestion aligns with both our interests in cultural experiences. [end]\n\n[sentiment] Continue Conversation [end]\n\n[response] Hi there! I'm thrilled to find someone who shares my love for travel and photography. I absolutely adore the idea of a culturally immersive first date. How about we explore a local museum or attend a cultural festival? [end] conforms to rules"}}], [{"from": "GM", "to": "Player 1", "timestamp": "2024-09-12T14:37:07.206238", "action": {"type": "send message", "content": "Mia Patel 's Message:  Hi there! I'm thrilled to find someone who shares my love for travel and photography. I absolutely adore the idea of a culturally immersive first date. How about we explore a local museum or attend a cultural festival? [end]\n"}}, {"from": "Player 1", "to": "GM", "timestamp": "2024-09-12T14:37:08.764829", "action": {"type": "get message", "content": "[reason] Mia's suggestion of exploring a local museum or attending a cultural festival sounds fantastic. I think either option would make for a memorable first date. [end]\n\n[sentiment] Continue Conversation [end]\n\n[response] Hi Mia, I'm glad you like the idea! Both a local museum and a cultural festival sound like wonderful options. I'm open to either, but I'd love to hear your preference. [end]"}}, {"from": "GM", "to": "GM", "timestamp": "2024-09-12T14:37:08.765833", "action": {"type": "parse", "content": "[reason] Mia's suggestion of exploring a local museum or attending a cultural festival sounds fantastic. I think either option would make for a memorable first date. [end]\n\n[sentiment] Continue Conversation [end]\n\n[response] Hi Mia, I'm glad you like the idea! Both a local museum and a cultural festival sound like wonderful options. I'm open to either, but I'd love to hear your preference. [end] conforms to rules"}}], [{"from": "GM", "to": "Player 2", "timestamp": "2024-09-12T14:37:08.765833", "action": {"type": "send message", "content": "Mia Patel 's Message:  Hi Mia, I'm glad you like the idea! Both a local museum and a cultural festival sound like wonderful options. I'm open to either, but I'd love to hear your preference. [end]\n"}}, {"from": "Player 2", "to": "GM", "timestamp": "2024-09-12T14:37:10.181333", "action": {"type": "get message", "content": "[reason] The other player is open to both options, so I can choose based on my personal preference. [end]\n\n[sentiment] Agreement on Action [end]\n\n[response] I'm excited to share that I'd prefer visiting a local museum. I believe it would offer a more intimate and engaging experience for our first date. [end]"}}, {"from": "GM", "to": "GM", "timestamp": "2024-09-12T14:37:10.182345", "action": {"type": "parse", "content": "[reason] The other player is open to both options, so I can choose based on my personal preference. [end]\n\n[sentiment] Agreement on Action [end]\n\n[response] I'm excited to share that I'd prefer visiting a local museum. I believe it would offer a more intimate and engaging experience for our first date. [end] conforms to rules"}}], [{"from": "GM", "to": "Player 1", "timestamp": "2024-09-12T14:37:10.182345", "action": {"type": "send message", "content": "Mia Patel 's Message:  I'm excited to share that I'd prefer visiting a local museum. I believe it would offer a more intimate and engaging experience for our first date. [end]\n"}}, {"from": "Player 1", "to": "GM", "timestamp": "2024-09-12T14:37:11.402473", "action": {"type": "get message", "content": "[reason] I agree with Mia that a local museum would provide a more intimate and engaging experience for our first date. [end]\n\n[sentiment] Agreement on Location [end]\n\n[response] I'm glad you feel that way, Mia. A local museum sounds like the perfect location for our first date. [end]"}}, {"from": "GM", "to": "GM", "timestamp": "2024-09-12T14:37:11.403466", "action": {"type": "parse", "content": "[reason] I agree with Mia that a local museum would provide a more intimate and engaging experience for our first date. [end]\n\n[sentiment] Agreement on Location [end]\n\n[response] I'm glad you feel that way, Mia. A local museum sounds like the perfect location for our first date. [end] conforms to rules"}}, {"from": "GM", "to": "GM", "timestamp": "2024-09-12T14:37:11.403466", "action": {"type": "mismatch action agreement", "content": "no action agreement, mismatched sentiment"}}], [{"from": "GM", "to": "Player 2", "timestamp": "2024-09-12T14:37:11.403466", "action": {"type": "send message", "content": "Mia Patel 's Message:  I'm glad you feel that way, Mia. A local museum sounds like the perfect location for our first date. [end]\n"}}, {"from": "Player 2", "to": "GM", "timestamp": "2024-09-12T14:37:12.834915", "action": {"type": "get message", "content": "[reason] The other player agrees with my choice of visiting a local museum. [end]\n\n[sentiment] Agreement on Location [end]\n\n[response] I'm thrilled that we're on the same page! I can't wait to explore the local museum with you. [end]"}}, {"from": "GM", "to": "GM", "timestamp": "2024-09-12T14:37:12.835915", "action": {"type": "parse", "content": "[reason] The other player agrees with my choice of visiting a local museum. [end]\n\n[sentiment] Agreement on Location [end]\n\n[response] I'm thrilled that we're on the same page! I can't wait to explore the local museum with you. [end] conforms to rules"}}, {"from": "GM", "to": "GM", "timestamp": "2024-09-12T14:37:12.835915", "action": {"type": "location agreement", "content": "agreement on location successful"}}], [{"from": "GM", "to": "Player 1", "timestamp": "2024-09-12T14:37:12.835915", "action": {"type": "send message", "content": "Mia Patel 's Message:  I'm thrilled that we're on the same page! I can't wait to explore the local museum with you. [end]\n"}}, {"from": "Player 1", "to": "GM", "timestamp": "2024-09-12T14:37:14.370835", "action": {"type": "get message", "content": "[reason] Now that we've agreed on the location, I think it's time to discuss the time for our first date. [end]\n\n[sentiment] Continue Conversation [end]\n\n[response] I'm excited too, Mia! Since we both have flexible schedules as travel bloggers, how about we plan our museum visit for this coming Saturday afternoon? [end]"}}, {"from": "GM", "to": "GM", "timestamp": "2024-09-12T14:37:14.371833", "action": {"type": "parse", "content": "[reason] Now that we've agreed on the location, I think it's time to discuss the time for our first date. [end]\n\n[sentiment] Continue Conversation [end]\n\n[response] I'm excited too, Mia! Since we both have flexible schedules as travel bloggers, how about we plan our museum visit for this coming Saturday afternoon? [end] conforms to rules"}}, {"from": "GM", "to": "GM", "timestamp": "2024-09-12T14:37:14.371833", "action": {"type": "mismatch location agreement", "content": "no location agreement, mismatched sentiment"}}], [{"from": "GM", "to": "Player 2", "timestamp": "2024-09-12T14:37:14.372750", "action": {"type": "send message", "content": "Mia Patel 's Message:  I'm excited too, Mia! Since we both have flexible schedules as travel bloggers, how about we plan our museum visit for this coming Saturday afternoon? [end]\n"}}, {"from": "Player 2", "to": "GM", "timestamp": "2024-09-12T14:37:15.591070", "action": {"type": "get message", "content": "[reason] The other player suggests a time that works well with both our schedules. [end]\n\n[sentiment] Agreement on Time [end]\n\n[response] Saturday afternoon sounds perfect! I'm looking forward to our cultural adventure together. [end]"}}, {"from": "GM", "to": "GM", "timestamp": "2024-09-12T14:37:15.592071", "action": {"type": "parse", "content": "[reason] The other player suggests a time that works well with both our schedules. [end]\n\n[sentiment] Agreement on Time [end]\n\n[response] Saturday afternoon sounds perfect! I'm looking forward to our cultural adventure together. [end] conforms to rules"}}], [{"from": "GM", "to": "Player 1", "timestamp": "2024-09-12T14:37:15.592071", "action": {"type": "send message", "content": "Mia Patel 's Message:  Saturday afternoon sounds perfect! I'm looking forward to our cultural adventure together. [end]\n"}}, {"from": "Player 1", "to": "GM", "timestamp": "2024-09-12T14:37:17.138454", "action": {"type": "get message", "content": "[reason] I'm happy that Mia is available on Saturday afternoon for our first date. [end]\n\n[sentiment] Agreement on Time [end]\n\n[response] I'm glad you're available on Saturday afternoon, Mia. I can't wait for our cultural adventure together! [end]"}}, {"from": "GM", "to": "GM", "timestamp": "2024-09-12T14:37:17.138454", "action": {"type": "parse", "content": "[reason] I'm happy that Mia is available on Saturday afternoon for our first date. [end]\n\n[sentiment] Agreement on Time [end]\n\n[response] I'm glad you're available on Saturday afternoon, Mia. I can't wait for our cultural adventure together! [end] conforms to rules"}}, {"from": "GM", "to": "GM", "timestamp": "2024-09-12T14:37:17.138454", "action": {"type": "time agreement", "content": "agreement on time successful"}}], [{"from": "GM", "to": "Player 2", "timestamp": "2024-09-12T14:37:17.138454", "action": {"type": "send message", "content": "Mia Patel 's Message:  I'm glad you're available on Saturday afternoon, Mia. I can't wait for our cultural adventure together! [end]\n"}}, {"from": "Player 2", "to": "GM", "timestamp": "2024-09-12T14:37:18.572743", "action": {"type": "get message", "content": "[reason] The other player confirms our agreement on time, location, and action for our first date. [end]\n\n[sentiment] Overall Agreement [end]\n\n[response] I'm absolutely thrilled for our first date at the local museum this Saturday afternoon! I can't wait to share this experience with you. [end]"}}, {"from": "GM", "to": "GM", "timestamp": "2024-09-12T14:37:18.573746", "action": {"type": "parse", "content": "[reason] The other player confirms our agreement on time, location, and action for our first date. [end]\n\n[sentiment] Overall Agreement [end]\n\n[response] I'm absolutely thrilled for our first date at the local museum this Saturday afternoon! I can't wait to share this experience with you. [end] conforms to rules"}}, {"from": "GM", "to": "GM", "timestamp": "2024-09-12T14:37:18.574743", "action": {"type": "mismatch time agreement", "content": "no time agreement, mismatched sentiment"}}], [{"from": "GM", "to": "Player 1", "timestamp": "2024-09-12T14:37:18.574743", "action": {"type": "send message", "content": "Mia Patel 's Message:  I'm absolutely thrilled for our first date at the local museum this Saturday afternoon! I can't wait to share this experience with you. [end]\n"}}, {"from": "Player 1", "to": "GM", "timestamp": "2024-09-12T14:37:20.379308", "action": {"type": "get message", "content": "[reason] Now that we have agreed on the time and location, I think it's time to discuss what we'll do during our first date at the museum. [end]\n\n[sentiment] Continue Conversation [end]\n\n[response] I'm excited too, Mia! I was thinking, since we both enjoy photography, we could take turns capturing each other's photos in front of our favorite exhibits. What do you think? [end]"}}, {"from": "GM", "to": "GM", "timestamp": "2024-09-12T14:37:20.379308", "action": {"type": "parse", "content": "[reason] Now that we have agreed on the time and location, I think it's time to discuss what we'll do during our first date at the museum. [end]\n\n[sentiment] Continue Conversation [end]\n\n[response] I'm excited too, Mia! I was thinking, since we both enjoy photography, we could take turns capturing each other's photos in front of our favorite exhibits. What do you think? [end] conforms to rules"}}, {"from": "GM", "to": "GM", "timestamp": "2024-09-12T14:37:20.380310", "action": {"type": "friendzone", "content": "game unsuccessful, mismatched sentiment"}}]], "max_turns": 15, "completed_turns": 11, "time_agreement": true, "location_agreement": true, "action_agreement": false}