{"players": {"GM": "Game master for datingsim", "Player 1": "Mixtral-8x22B-Instruct-v0.1", "Player 2": "Mixtral-8x22B-Instruct-v0.1"}, "turns": [[{"from": "GM", "to": "Player 1", "timestamp": "2024-09-12T14:18:49.199923", "action": {"type": "send message", "content": "You are about to play a game with another player. In this game, you and the other player are both on an dating app, looking for a partner. In this case, both you and the other player decided, that you fancy each other's profile. Your and the other player's GOAL is it, to come to an agreement on what to do on your first date. At the start of the game you will be given two character sheets. The first one is the one, that defines your personality. The second one includes the information you know of the other player based on the information in their Bio on the dating app. You will start the conversation.\nOn each further turn you can react to what the other player tells you. For this you can either continue the conversation if you have not met an agreement yet or are not happy with the proposal, or end the game by agreeing to the proposal. \n\nThere is a total of four agreements throughout the game: \"Agreement on Time\", \"Agreement on Location\", \"Agreement on Action\", \"Overall Agreement\". You and the other player need to find an agreement on each of them.\nYou should only choose \"Overall Agreement\" after you and your date manage to settle an agreement for the other three ones (Time, Location, Action). \nYou have 15 turns to finish the game and find all agreements. \n\nYour answer has to consist ONLY of the following information and follow the given template:\n\n[reason] Your reason for your decision. [end]\n\n[sentiment] Choose one of the following: \"Continue Conversation\", \"Agreement on Time\", \"Agreement on Location\", \"Agreement on Action\", \"Overall Agreement\" [end]\n\n[response] Your response to the other player. This can include your sentiment, opinion, alternative. [end]\n\nYour answer for [response] must NOT exceed 100 tokens.\n\nThe game ends when 1) both you and the other player reply with the sentiment \"Overall Agreement\", 2) one of you chooses the sentiment \"Overall Agreement\" without the other one choosing it in the following turn, 3) you run out of turns to communicate or 4) you do not follow the template.\n\nThis is your character: {'NAME': 'Casey Rivers', 'GENDER': 'Non-binary', 'AGE': 25, 'APPEARANCE': 'Long auburn hair, hazel eyes, casual chic attire, freckles, soft-spokenr.', 'OCCUPATION': 'Bookstore Owner', 'LIKES': 'Poetry, herbal tea, rainy days.', 'DISLIKES': 'Loud environments, fast fashion, injustice.', 'HOBBIES': 'Writing, gardening, knitting.', 'SUMMARY': 'Some might say I have grandma hobbies, others however appreciate the quality and time I invest to handmade them clothes.'}\n\nThis is the character of the other player: ${'NAME': 'Leo Rodriguez', 'GENDER': 'Male', 'AGE': 35, 'APPEARANCE': 'Tanned skin, warm brown eyes, charming smile, wears stylish glasses.', 'OCCUPATION': 'Travel Photographer', 'SUMMARY': \"Adventure? I am your man! Let's pack your bags and join me on my next journey.\"}\n\nRemember, your goal is to find the overall agreement for your first date while staying in character.\n\nStart the game with the reason, your sentiment and the opening phrase.\n"}}, {"from": "Player 1", "to": "GM", "timestamp": "2024-09-12T14:18:51.010606", "action": {"type": "get message", "content": "[reason] I'm excited to meet Leo and learn more about his travel photography. I think a cozy, quiet environment would be a great setting for our first date. [end]\n\n[sentiment] Continue Conversation [end]\n\n[response] Hi Leo, I'm Casey. I'm really intrigued by your travel photography and would love to hear more about your adventures. How about we meet at a quiet café for some herbal tea and conversation? [end]"}}, {"from": "GM", "to": "GM", "timestamp": "2024-09-12T14:18:51.011619", "action": {"type": "parse", "content": "[reason] I'm excited to meet Leo and learn more about his travel photography. I think a cozy, quiet environment would be a great setting for our first date. [end]\n\n[sentiment] Continue Conversation [end]\n\n[response] Hi Leo, I'm Casey. I'm really intrigued by your travel photography and would love to hear more about your adventures. How about we meet at a quiet café for some herbal tea and conversation? [end] conforms to rules"}}], [{"from": "GM", "to": "Player 2", "timestamp": "2024-09-12T14:18:51.011619", "action": {"type": "send message", "content": "You are about to play a game with another player. In this game, you and the other player are both on an dating app, looking for a partner. In this case, both you and the other player decided, that you fancy each other's profile. Your and the other player's GOAL is it, to come to an agreement on what to do on your first date. At the start of the game you will be given two character sheets. The first one is the one, that defines your personality. The second one includes the information you know of the other player based on the information in their Bio on the dating app. You will be approached by the other player.\nOn each further turn you can react to what the other player tells you. For this you can either continue the conversation if you have not met an agreement yet or are not happy with the proposal, or end the game by agreeing to the proposal. \n\nThere is a total of four agreements throughout the game: \"Agreement on Time\", \"Agreement on Location\", \"Agreement on Action\", \"Overall Agreement\". You and the other player need to find an agreement on each of them.\nYou should only choose \"Overall Agreement\" after you and your date manage to settle an agreement for the other three ones (Time, Location, Action). \nYou have 15 turns to finish the game and find all agreements. \n\nYour answer has to consist ONLY of the following information and follow the given template:\n\n[reason] Your reason for your decision. [end]\n\n[sentiment] Choose one of the following: \"Continue Conversation\", \"Agreement on Time\", \"Agreement on Location\", \"Agreement on Action\", \"Overall Agreement\" [end]\n\n[response] Your response to the other player. This can include your sentiment, opinion, alternative. [end]\n\nYour answer for [response] must NOT exceed 100 tokens.\n\nThe game ends when 1) both you and the other player reply with the sentiment \"Overall Agreement\", 2) one of you chooses the sentiment \"Overall Agreement\" without the other one choosing it in the following turn, 3) you run out of turns to communicate or 4) you do not follow the template.\n\nThis is your character: {'NAME': 'Leo Rodriguez', 'GENDER': 'Male', 'AGE': 35, 'APPEARANCE': 'Tanned skin, warm brown eyes, charming smile, wears stylish glasses.', 'OCCUPATION': 'Travel Photographer', 'LIKES': 'Exploring new places, capturing breathtaking moments, meeting interesting people.', 'DISLIKES': 'Routine, bad weather, being stuck indoors for too long.', 'HOBBIES': 'Learning new languages, playing the guitar, collecting souvenirs from his travels.', 'SUMMARY': \"Adventure? I am your man! Let's pack your bags and join me on my next journey.\"}\n\nThis is the character of the other player: ${'NAME': 'Casey Rivers', 'GENDER': 'Non-binary', 'AGE': 25, 'APPEARANCE': 'Long auburn hair, hazel eyes, casual chic attire, freckles, soft-spokenr.', 'OCCUPATION': 'Bookstore Owner', 'SUMMARY': 'Some might say I have grandma hobbies, others however appreciate the quality and time I invest to handmade them clothes.'}\n\nRemember, your goal is to find the overall agreement for your first date while staying in character.\n\nContinue the game with the reason, your sentiment and an answer phrase to the first message of the other player:\n\nMessage:  Hi Leo, I'm Casey. I'm really intrigued by your travel photography and would love to hear more about your adventures. How about we meet at a quiet café for some herbal tea and conversation? [end]\n"}}, {"from": "Player 2", "to": "GM", "timestamp": "2024-09-12T14:18:52.643313", "action": {"type": "get message", "content": "[reason] Casey's suggestion of a quiet café and herbal tea sounds like a great opportunity to share travel stories and get to know each other better. [end]\n\n[sentiment] Continue Conversation [end]\n\n[response] Hi Casey, it's great to meet you! I'd love to share my travel stories with you over some herbal tea. How about we meet at the café near the park on Saturday afternoon? [end]"}}, {"from": "GM", "to": "GM", "timestamp": "2024-09-12T14:18:52.643313", "action": {"type": "parse", "content": "[reason] Casey's suggestion of a quiet café and herbal tea sounds like a great opportunity to share travel stories and get to know each other better. [end]\n\n[sentiment] Continue Conversation [end]\n\n[response] Hi Casey, it's great to meet you! I'd love to share my travel stories with you over some herbal tea. How about we meet at the café near the park on Saturday afternoon? [end] conforms to rules"}}], [{"from": "GM", "to": "Player 1", "timestamp": "2024-09-12T14:18:52.644313", "action": {"type": "send message", "content": "Leo Rodriguez 's Message:  Hi Casey, it's great to meet you! I'd love to share my travel stories with you over some herbal tea. How about we meet at the café near the park on Saturday afternoon? [end]\n"}}, {"from": "Player 1", "to": "GM", "timestamp": "2024-09-12T14:18:53.876826", "action": {"type": "get message", "content": "[reason] I'm glad Leo is interested in meeting at a café and sharing his travel stories. Saturday afternoon sounds like a good time for me. [end]\n\n[sentiment] Agreement on Time [end]\n\n[response] Saturday afternoon sounds perfect, Leo. I'm looking forward to our date at the café near the park. [end]"}}, {"from": "GM", "to": "GM", "timestamp": "2024-09-12T14:18:53.877826", "action": {"type": "parse", "content": "[reason] I'm glad Leo is interested in meeting at a café and sharing his travel stories. Saturday afternoon sounds like a good time for me. [end]\n\n[sentiment] Agreement on Time [end]\n\n[response] Saturday afternoon sounds perfect, Leo. I'm looking forward to our date at the café near the park. [end] conforms to rules"}}], [{"from": "GM", "to": "Player 2", "timestamp": "2024-09-12T14:18:53.877826", "action": {"type": "send message", "content": "Casey Rivers 's Message:  Saturday afternoon sounds perfect, Leo. I'm looking forward to our date at the café near the park. [end]\n"}}, {"from": "Player 2", "to": "GM", "timestamp": "2024-09-12T14:18:55.123310", "action": {"type": "get message", "content": "[reason] Casey agreed to the time and location, so we have reached an agreement on both. [end]\n\n[sentiment] Agreement on Time, Agreement on Location [end]\n\n[response] I'm glad you're looking forward to it, Casey. I can't wait to share my travel stories with you. [end]"}}, {"from": "GM", "to": "GM", "timestamp": "2024-09-12T14:18:55.124310", "action": {"type": "invalid format: pattern", "content": "Aborted game because of invalid format: pattern"}}]], "max_turns": 15, "completed_turns": 3, "time_agreement": false, "location_agreement": false, "action_agreement": false}