{"players": {"GM": "Game master for datingsim", "Player 1": "Mixtral-8x22B-Instruct-v0.1", "Player 2": "Mixtral-8x22B-Instruct-v0.1"}, "turns": [[{"from": "GM", "to": "Player 1", "timestamp": "2024-09-12T14:19:10.046280", "action": {"type": "send message", "content": "You are about to play a game with another player. In this game, you and the other player are both on an dating app, looking for a partner. In this case, both you and the other player decided, that you fancy each other's profile. Your and the other player's GOAL is it, to come to an agreement on what to do on your first date. At the start of the game you will be given two character sheets. The first one is the one, that defines your personality. The second one includes the information you know of the other player based on the information in their Bio on the dating app. You will start the conversation.\nOn each further turn you can react to what the other player tells you. For this you can either continue the conversation if you have not met an agreement yet or are not happy with the proposal, or end the game by agreeing to the proposal. \n\nThere is a total of four agreements throughout the game: \"Agreement on Time\", \"Agreement on Location\", \"Agreement on Action\", \"Overall Agreement\". You and the other player need to find an agreement on each of them.\nYou should only choose \"Overall Agreement\" after you and your date manage to settle an agreement for the other three ones (Time, Location, Action). \nYou have 15 turns to finish the game and find all agreements. \n\nYour answer has to consist ONLY of the following information and follow the given template:\n\n[reason] Your reason for your decision. [end]\n\n[sentiment] Choose one of the following: \"Continue Conversation\", \"Agreement on Time\", \"Agreement on Location\", \"Agreement on Action\", \"Overall Agreement\" [end]\n\n[response] Your response to the other player. This can include your sentiment, opinion, alternative. [end]\n\nYour answer for [response] must NOT exceed 100 tokens.\n\nThe game ends when 1) both you and the other player reply with the sentiment \"Overall Agreement\", 2) one of you chooses the sentiment \"Overall Agreement\" without the other one choosing it in the following turn, 3) you run out of turns to communicate or 4) you do not follow the template.\n\nThis is your character: {'NAME': 'Kai Nakamura', 'GENDER': 'Male', 'AGE': 28, 'APPEARANCE': 'Chiseled jawline, kind eyes, messy black hair, athletic build.', 'OCCUPATION': 'Bakery Owner', 'LIKES': 'Baking, early mornings, seeing people happy with his pastries.', 'DISLIKES': 'Burnt bread, negativity, rushing.', 'HOBBIES': 'Rock climbing, sketching, volunteering at a local animal shelter.', 'SUMMARY': 'I am a baker with a passion for creating delicious treats. I always find time to pursue my hobbies and give back to the community.'}\n\nThis is the character of the other player: ${'NAME': 'Jamie Park', 'GENDER': 'Non-binary', 'AGE': 21, 'APPEARANCE': 'Vibrant dyed hair (changes color often), bright and expressive eyes, wears bold and trendy clothing that reflects their artistic personality.', 'OCCUPATION': 'Tattoo Artist', 'SUMMARY': 'A passionate tattoo artist is who I am with which I try to tell stories and express individuality.'}\n\nRemember, your goal is to find the overall agreement for your first date while staying in character.\n\nStart the game with the reason, your sentiment and the opening phrase.\n"}}, {"from": "Player 1", "to": "GM", "timestamp": "2024-09-12T14:19:11.469336", "action": {"type": "get message", "content": "[reason] I am excited to meet Jamie and learn more about their artistic personality. [end]\n\n[sentiment] Continue Conversation [end]\n\n[response] Hi Jamie, I'm Kai. I'm really intrigued by your tattoo artistry and the way you express individuality through your work. I'd love to hear more about it. How about we plan our first date around something that inspires your creativity? [end]"}}, {"from": "GM", "to": "GM", "timestamp": "2024-09-12T14:19:11.470541", "action": {"type": "parse", "content": "[reason] I am excited to meet Jamie and learn more about their artistic personality. [end]\n\n[sentiment] Continue Conversation [end]\n\n[response] Hi Jamie, I'm Kai. I'm really intrigued by your tattoo artistry and the way you express individuality through your work. I'd love to hear more about it. How about we plan our first date around something that inspires your creativity? [end] conforms to rules"}}], [{"from": "GM", "to": "Player 2", "timestamp": "2024-09-12T14:19:11.470541", "action": {"type": "send message", "content": "You are about to play a game with another player. In this game, you and the other player are both on an dating app, looking for a partner. In this case, both you and the other player decided, that you fancy each other's profile. Your and the other player's GOAL is it, to come to an agreement on what to do on your first date. At the start of the game you will be given two character sheets. The first one is the one, that defines your personality. The second one includes the information you know of the other player based on the information in their Bio on the dating app. You will be approached by the other player.\nOn each further turn you can react to what the other player tells you. For this you can either continue the conversation if you have not met an agreement yet or are not happy with the proposal, or end the game by agreeing to the proposal. \n\nThere is a total of four agreements throughout the game: \"Agreement on Time\", \"Agreement on Location\", \"Agreement on Action\", \"Overall Agreement\". You and the other player need to find an agreement on each of them.\nYou should only choose \"Overall Agreement\" after you and your date manage to settle an agreement for the other three ones (Time, Location, Action). \nYou have 15 turns to finish the game and find all agreements. \n\nYour answer has to consist ONLY of the following information and follow the given template:\n\n[reason] Your reason for your decision. [end]\n\n[sentiment] Choose one of the following: \"Continue Conversation\", \"Agreement on Time\", \"Agreement on Location\", \"Agreement on Action\", \"Overall Agreement\" [end]\n\n[response] Your response to the other player. This can include your sentiment, opinion, alternative. [end]\n\nYour answer for [response] must NOT exceed 100 tokens.\n\nThe game ends when 1) both you and the other player reply with the sentiment \"Overall Agreement\", 2) one of you chooses the sentiment \"Overall Agreement\" without the other one choosing it in the following turn, 3) you run out of turns to communicate or 4) you do not follow the template.\n\nThis is your character: {'NAME': 'Jamie Park', 'GENDER': 'Non-binary', 'AGE': 21, 'APPEARANCE': 'Vibrant dyed hair (changes color often), bright and expressive eyes, wears bold and trendy clothing that reflects their artistic personality.', 'OCCUPATION': 'Tattoo Artist', 'LIKES': 'Creating meaningful and personalized tattoos, expressing their artistic vision, connecting with people through their work.', 'DISLIKES': 'Conformity, negativity, limitations on creativity.', 'HOBBIES': 'Painting, attending art festivals, experimenting with different artistic mediums.', 'SUMMARY': 'A passionate tattoo artist is who I am with which I try to tell stories and express individuality.'}\n\nThis is the character of the other player: ${'NAME': 'Kai Nakamura', 'GENDER': 'Male', 'AGE': 28, 'APPEARANCE': 'Chiseled jawline, kind eyes, messy black hair, athletic build.', 'OCCUPATION': 'Bakery Owner', 'SUMMARY': 'I am a baker with a passion for creating delicious treats. I always find time to pursue my hobbies and give back to the community.'}\n\nRemember, your goal is to find the overall agreement for your first date while staying in character.\n\nContinue the game with the reason, your sentiment and an answer phrase to the first message of the other player:\n\nMessage:  Hi Jamie, I'm Kai. I'm really intrigued by your tattoo artistry and the way you express individuality through your work. I'd love to hear more about it. How about we plan our first date around something that inspires your creativity? [end]\n"}}, {"from": "Player 2", "to": "GM", "timestamp": "2024-09-12T14:19:13.028888", "action": {"type": "get message", "content": "[reason] Kai's interest in my creativity and his suggestion to plan our first date around it is appealing. [end]\n\n[sentiment] Continue Conversation [end]\n\n[response] Hi Kai, I'm Jamie. I'm glad you appreciate my work. I'd love to plan our first date around something that inspires creativity. How about we start by deciding on a time that works best for both of us? [end]"}}, {"from": "GM", "to": "GM", "timestamp": "2024-09-12T14:19:13.029858", "action": {"type": "parse", "content": "[reason] Kai's interest in my creativity and his suggestion to plan our first date around it is appealing. [end]\n\n[sentiment] Continue Conversation [end]\n\n[response] Hi Kai, I'm Jamie. I'm glad you appreciate my work. I'd love to plan our first date around something that inspires creativity. How about we start by deciding on a time that works best for both of us? [end] conforms to rules"}}], [{"from": "GM", "to": "Player 1", "timestamp": "2024-09-12T14:19:13.029858", "action": {"type": "send message", "content": "Jamie Park 's Message:  Hi Kai, I'm Jamie. I'm glad you appreciate my work. I'd love to plan our first date around something that inspires creativity. How about we start by deciding on a time that works best for both of us? [end]\n"}}, {"from": "Player 1", "to": "GM", "timestamp": "2024-09-12T14:19:14.535952", "action": {"type": "get message", "content": "[reason] I appreciate Jamie's enthusiasm and willingness to plan our date around creativity. I'm flexible with time and want to accommodate Jamie's schedule. [end]\n\n[sentiment] Agreement on Time [end]\n\n[response] Hi Jamie, I'm open to any time that works best for you. I usually have more free time in the mornings, but I'm flexible. How does a late morning or early afternoon date sound to you? [end]"}}, {"from": "GM", "to": "GM", "timestamp": "2024-09-12T14:19:14.535952", "action": {"type": "parse", "content": "[reason] I appreciate Jamie's enthusiasm and willingness to plan our date around creativity. I'm flexible with time and want to accommodate Jamie's schedule. [end]\n\n[sentiment] Agreement on Time [end]\n\n[response] Hi Jamie, I'm open to any time that works best for you. I usually have more free time in the mornings, but I'm flexible. How does a late morning or early afternoon date sound to you? [end] conforms to rules"}}], [{"from": "GM", "to": "Player 2", "timestamp": "2024-09-12T14:19:14.535952", "action": {"type": "send message", "content": "Kai Nakamura 's Message:  Hi Jamie, I'm open to any time that works best for you. I usually have more free time in the mornings, but I'm flexible. How does a late morning or early afternoon date sound to you? [end]\n"}}, {"from": "Player 2", "to": "GM", "timestamp": "2024-09-12T14:19:15.889773", "action": {"type": "get message", "content": "[reason] Kai's flexibility and preference for mornings aligns with my schedule. [end]\n\n[sentiment] Agreement on Time [end]\n\n[response] Late morning or early afternoon sounds perfect, Kai. I'm glad we could find a time that works for both of us. Now, let's decide on a location that inspires creativity. [end]"}}, {"from": "GM", "to": "GM", "timestamp": "2024-09-12T14:19:15.890774", "action": {"type": "parse", "content": "[reason] Kai's flexibility and preference for mornings aligns with my schedule. [end]\n\n[sentiment] Agreement on Time [end]\n\n[response] Late morning or early afternoon sounds perfect, Kai. I'm glad we could find a time that works for both of us. Now, let's decide on a location that inspires creativity. [end] conforms to rules"}}, {"from": "GM", "to": "GM", "timestamp": "2024-09-12T14:19:15.890774", "action": {"type": "time agreement", "content": "agreement on time successful"}}], [{"from": "GM", "to": "Player 1", "timestamp": "2024-09-12T14:19:15.890774", "action": {"type": "send message", "content": "Jamie Park 's Message:  Late morning or early afternoon sounds perfect, Kai. I'm glad we could find a time that works for both of us. Now, let's decide on a location that inspires creativity. [end]\n"}}, {"from": "Player 1", "to": "GM", "timestamp": "2024-09-12T14:19:17.736766", "action": {"type": "get message", "content": "[reason] I'm happy that Jamie and I have agreed on a time for our date. I want to suggest a location that will inspire creativity and allow us to connect on a deeper level. [end]\n\n[sentiment] Continue Conversation [end]\n\n[response] That's great, Jamie. I was thinking we could visit the local art museum. They have a variety of exhibits that could spark our creativity. Plus, it's a quiet and peaceful environment where we can get to know each other better. What do you think? [end]"}}, {"from": "GM", "to": "GM", "timestamp": "2024-09-12T14:19:17.737773", "action": {"type": "parse", "content": "[reason] I'm happy that Jamie and I have agreed on a time for our date. I want to suggest a location that will inspire creativity and allow us to connect on a deeper level. [end]\n\n[sentiment] Continue Conversation [end]\n\n[response] That's great, Jamie. I was thinking we could visit the local art museum. They have a variety of exhibits that could spark our creativity. Plus, it's a quiet and peaceful environment where we can get to know each other better. What do you think? [end] conforms to rules"}}, {"from": "GM", "to": "GM", "timestamp": "2024-09-12T14:19:17.737773", "action": {"type": "mismatch time agreement", "content": "no time agreement, mismatched sentiment"}}], [{"from": "GM", "to": "Player 2", "timestamp": "2024-09-12T14:19:17.737773", "action": {"type": "send message", "content": "Kai Nakamura 's Message:  That's great, Jamie. I was thinking we could visit the local art museum. They have a variety of exhibits that could spark our creativity. Plus, it's a quiet and peaceful environment where we can get to know each other better. What do you think? [end]\n"}}, {"from": "Player 2", "to": "GM", "timestamp": "2024-09-12T14:19:19.279366", "action": {"type": "get message", "content": "[reason] The art museum is a great location to inspire creativity and get to know each other better. [end]\n\n[sentiment] Agreement on Location [end]\n\n[response] The art museum is a fantastic idea, Kai. I'm excited to explore the exhibits and see what inspires us. Now, let's decide on an action or activity we can do together at the museum. [end]"}}, {"from": "GM", "to": "GM", "timestamp": "2024-09-12T14:19:19.280363", "action": {"type": "parse", "content": "[reason] The art museum is a great location to inspire creativity and get to know each other better. [end]\n\n[sentiment] Agreement on Location [end]\n\n[response] The art museum is a fantastic idea, Kai. I'm excited to explore the exhibits and see what inspires us. Now, let's decide on an action or activity we can do together at the museum. [end] conforms to rules"}}], [{"from": "GM", "to": "Player 1", "timestamp": "2024-09-12T14:19:19.280363", "action": {"type": "send message", "content": "Jamie Park 's Message:  The art museum is a fantastic idea, Kai. I'm excited to explore the exhibits and see what inspires us. Now, let's decide on an action or activity we can do together at the museum. [end]\n"}}, {"from": "Player 1", "to": "GM", "timestamp": "2024-09-12T14:19:21.163892", "action": {"type": "get message", "content": "[reason] I'm thrilled that Jamie is on board with visiting the art museum. I want to suggest an activity that will allow us to engage with the art and each other. [end]\n\n[sentiment] Continue Conversation [end]\n\n[response] I'm glad you're excited about the museum, Jamie. I was thinking we could do a sketching activity together. We can choose a few pieces of art that inspire us and try to recreate them in our own style. It'll be a fun way to connect and share our artistic perspectives. [end]"}}, {"from": "GM", "to": "GM", "timestamp": "2024-09-12T14:19:21.164892", "action": {"type": "parse", "content": "[reason] I'm thrilled that Jamie is on board with visiting the art museum. I want to suggest an activity that will allow us to engage with the art and each other. [end]\n\n[sentiment] Continue Conversation [end]\n\n[response] I'm glad you're excited about the museum, Jamie. I was thinking we could do a sketching activity together. We can choose a few pieces of art that inspire us and try to recreate them in our own style. It'll be a fun way to connect and share our artistic perspectives. [end] conforms to rules"}}, {"from": "GM", "to": "GM", "timestamp": "2024-09-12T14:19:21.164892", "action": {"type": "mismatch location agreement", "content": "no location agreement, mismatched sentiment"}}], [{"from": "GM", "to": "Player 2", "timestamp": "2024-09-12T14:19:21.164892", "action": {"type": "send message", "content": "Kai Nakamura 's Message:  I'm glad you're excited about the museum, Jamie. I was thinking we could do a sketching activity together. We can choose a few pieces of art that inspire us and try to recreate them in our own style. It'll be a fun way to connect and share our artistic perspectives. [end]\n"}}, {"from": "Player 2", "to": "GM", "timestamp": "2024-09-12T14:19:22.655276", "action": {"type": "get message", "content": "[reason] The sketching activity is a wonderful idea to connect and share our artistic perspectives. [end]\n\n[sentiment] Agreement on Action [end]\n\n[response] I love the idea of a sketching activity, Kai. It'll be a great way to connect and share our artistic perspectives. I'm looking forward to our creative first date at the art museum. [end]"}}, {"from": "GM", "to": "GM", "timestamp": "2024-09-12T14:19:22.656278", "action": {"type": "parse", "content": "[reason] The sketching activity is a wonderful idea to connect and share our artistic perspectives. [end]\n\n[sentiment] Agreement on Action [end]\n\n[response] I love the idea of a sketching activity, Kai. It'll be a great way to connect and share our artistic perspectives. I'm looking forward to our creative first date at the art museum. [end] conforms to rules"}}], [{"from": "GM", "to": "Player 1", "timestamp": "2024-09-12T14:19:22.656278", "action": {"type": "send message", "content": "Jamie Park 's Message:  I love the idea of a sketching activity, Kai. It'll be a great way to connect and share our artistic perspectives. I'm looking forward to our creative first date at the art museum. [end]\n"}}, {"from": "Player 1", "to": "GM", "timestamp": "2024-09-12T14:19:24.242914", "action": {"type": "get message", "content": "[reason] I'm overjoyed that Jamie and I have agreed on a time, location, and activity for our first date. I can't wait to spend a creative and inspiring day with Jamie at the art museum. [end]\n\n[sentiment] Overall Agreement [end]\n\n[response] I'm so excited for our first date, Jamie. I can't wait to explore the art museum, engage in our sketching activity, and get to know you better. See you soon! [end]"}}, {"from": "GM", "to": "GM", "timestamp": "2024-09-12T14:19:24.242914", "action": {"type": "parse", "content": "[reason] I'm overjoyed that Jamie and I have agreed on a time, location, and activity for our first date. I can't wait to spend a creative and inspiring day with Jamie at the art museum. [end]\n\n[sentiment] Overall Agreement [end]\n\n[response] I'm so excited for our first date, Jamie. I can't wait to explore the art museum, engage in our sketching activity, and get to know you better. See you soon! [end] conforms to rules"}}, {"from": "GM", "to": "GM", "timestamp": "2024-09-12T14:19:24.242914", "action": {"type": "mismatch action agreement", "content": "no action agreement, mismatched sentiment"}}], [{"from": "GM", "to": "Player 2", "timestamp": "2024-09-12T14:19:24.243929", "action": {"type": "send message", "content": "Kai Nakamura 's Message:  I'm so excited for our first date, Jamie. I can't wait to explore the art museum, engage in our sketching activity, and get to know you better. See you soon! [end]\n"}}, {"from": "Player 2", "to": "GM", "timestamp": "2024-09-12T14:19:25.933078", "action": {"type": "get message", "content": "[reason] Kai's enthusiasm for our first date matches my own excitement. [end]\n\n[sentiment] Overall Agreement [end]\n\n[response] I'm thrilled for our first date as well, Kai. I can't wait to explore the art museum, engage in our sketching activity, and get to know you better. See you soon! [end]"}}, {"from": "GM", "to": "GM", "timestamp": "2024-09-12T14:19:25.933078", "action": {"type": "parse", "content": "[reason] Kai's enthusiasm for our first date matches my own excitement. [end]\n\n[sentiment] Overall Agreement [end]\n\n[response] I'm thrilled for our first date as well, Kai. I can't wait to explore the art museum, engage in our sketching activity, and get to know you better. See you soon! [end] conforms to rules"}}, {"from": "GM", "to": "GM", "timestamp": "2024-09-12T14:19:25.934179", "action": {"type": "overall agreement", "content": "game successful"}}]], "max_turns": 15, "completed_turns": 10, "time_agreement": true, "location_agreement": false, "action_agreement": false}