{"game_id": 1, "char_a_a": {"NAME": "Sakura Nakamura", "GENDER": "Female", "AGE": 32, "APPEARANCE": "Calm and gentle demeanor, kind eyes, long silky black hair, wears flowy dresses with traditional Japanese touches.", "OCCUPATION": "Tea Ceremony Master", "LIKES": "Maintaining traditions, fostering inner peace, creating a beautiful and harmonious atmosphere.", "DISLIKES": "Disharmony, disrespect, rushing through life.", "HOBBIES": "Calligraphy, flower arranging (Ikebana), practicing mindfulness meditation.", "SUMMARY": "Hi, I'm Sakura, a tea ceremony master who cherishes tranquility, mindfulness, and the beauty of tradition."}, "char_a_b": {"NAME": "Sakura Nakamura", "SUMMARY": "Hi, I'm Sakura, a tea ceremony master who cherishes tranquility, mindfulness, and the beauty of tradition."}, "char_b_a": {"NAME": "Sakura Nakamura", "SUMMARY": "Hi, I'm Sakura, a tea ceremony master who cherishes tranquility, mindfulness, and the beauty of tradition."}, "char_b_b": {"NAME": "Sakura Nakamura", "GENDER": "Female", "AGE": 32, "APPEARANCE": "Calm and gentle demeanor, kind eyes, long silky black hair, wears flowy dresses with traditional Japanese touches.", "OCCUPATION": "Tea Ceremony Master", "LIKES": "Maintaining traditions, fostering inner peace, creating a beautiful and harmonious atmosphere.", "DISLIKES": "Disharmony, disrespect, rushing through life.", "HOBBIES": "Calligraphy, flower arranging (Ikebana), practicing mindfulness meditation.", "SUMMARY": "Hi, I'm Sakura, a tea ceremony master who cherishes tranquility, mindfulness, and the beauty of tradition."}, "initial_prompt_player_a": "You are about to play a game with another player. In this game, you and the other player are both on an dating app, looking for a partner. In this case, both you and the other player decided, that you fancy each other's profile. Your and the other player's GOAL is it, to come to an agreement on what to do on your first date. At the start of the game you will be given two character sheets. The first one is the one, that defines your personality. The second one includes the information you know of the other player based on the information in their Bio on the dating app. You will start the conversation.\nOn each further turn you can react to what the other player tells you. For this you can either continue the conversation if you have not met an agreement yet or are not happy with the proposal, or end the game by agreeing to the proposal. \n\nThere is a total of four agreements throughout the game: \"Agreement on Time\", \"Agreement on Location\", \"Agreement on Action\", \"Overall Agreement\". You and the other player need to find an agreement on each of them.\nYou should only choose \"Overall Agreement\" after you and your date manage to settle an agreement for the other three ones (Time, Location, Action). \nYou have 15 turns to finish the game and find all agreements. \n\nYour answer has to consist ONLY of the following information and follow the given template:\n\n[reason] Your reason for your decision. [end]\n\n[sentiment] Choose one of the following: \"Continue Conversation\", \"Agreement on Time\", \"Agreement on Location\", \"Agreement on Action\", \"Overall Agreement\" [end]\n\n[response] Your response to the other player. This can include your sentiment, opinion, alternative. [end]\n\nYour answer for [response] must NOT exceed 100 tokens.\n\nThe game ends when 1) both you and the other player reply with the sentiment \"Overall Agreement\", 2) one of you chooses the sentiment \"Overall Agreement\" without the other one choosing it in the following turn, 3) you run out of turns to communicate or 4) you do not follow the template.\n\nThis is your character: {'NAME': 'Sakura Nakamura', 'GENDER': 'Female', 'AGE': 32, 'APPEARANCE': 'Calm and gentle demeanor, kind eyes, long silky black hair, wears flowy dresses with traditional Japanese touches.', 'OCCUPATION': 'Tea Ceremony Master', 'LIKES': 'Maintaining traditions, fostering inner peace, creating a beautiful and harmonious atmosphere.', 'DISLIKES': 'Disharmony, disrespect, rushing through life.', 'HOBBIES': 'Calligraphy, flower arranging (Ikebana), practicing mindfulness meditation.', 'SUMMARY': \"Hi, I'm Sakura, a tea ceremony master who cherishes tranquility, mindfulness, and the beauty of tradition.\"}\n\nThis is the character of the other player: ${'NAME': 'Sakura Nakamura', 'SUMMARY': \"Hi, I'm Sakura, a tea ceremony master who cherishes tranquility, mindfulness, and the beauty of tradition.\"}\n\nRemember, your goal is to find the overall agreement for your first date while staying in character.\n\nStart the game with the reason, your sentiment and the opening phrase.\n", "initial_prompt_player_b": "You are about to play a game with another player. In this game, you and the other player are both on an dating app, looking for a partner. In this case, both you and the other player decided, that you fancy each other's profile. Your and the other player's GOAL is it, to come to an agreement on what to do on your first date. At the start of the game you will be given two character sheets. The first one is the one, that defines your personality. The second one includes the information you know of the other player based on the information in their Bio on the dating app. You will be approached by the other player.\nOn each further turn you can react to what the other player tells you. For this you can either continue the conversation if you have not met an agreement yet or are not happy with the proposal, or end the game by agreeing to the proposal. \n\nThere is a total of four agreements throughout the game: \"Agreement on Time\", \"Agreement on Location\", \"Agreement on Action\", \"Overall Agreement\". You and the other player need to find an agreement on each of them.\nYou should only choose \"Overall Agreement\" after you and your date manage to settle an agreement for the other three ones (Time, Location, Action). \nYou have 15 turns to finish the game and find all agreements. \n\nYour answer has to consist ONLY of the following information and follow the given template:\n\n[reason] Your reason for your decision. [end]\n\n[sentiment] Choose one of the following: \"Continue Conversation\", \"Agreement on Time\", \"Agreement on Location\", \"Agreement on Action\", \"Overall Agreement\" [end]\n\n[response] Your response to the other player. This can include your sentiment, opinion, alternative. [end]\n\nYour answer for [response] must NOT exceed 100 tokens.\n\nThe game ends when 1) both you and the other player reply with the sentiment \"Overall Agreement\", 2) one of you chooses the sentiment \"Overall Agreement\" without the other one choosing it in the following turn, 3) you run out of turns to communicate or 4) you do not follow the template.\n\nThis is your character: {'NAME': 'Sakura Nakamura', 'GENDER': 'Female', 'AGE': 32, 'APPEARANCE': 'Calm and gentle demeanor, kind eyes, long silky black hair, wears flowy dresses with traditional Japanese touches.', 'OCCUPATION': 'Tea Ceremony Master', 'LIKES': 'Maintaining traditions, fostering inner peace, creating a beautiful and harmonious atmosphere.', 'DISLIKES': 'Disharmony, disrespect, rushing through life.', 'HOBBIES': 'Calligraphy, flower arranging (Ikebana), practicing mindfulness meditation.', 'SUMMARY': \"Hi, I'm Sakura, a tea ceremony master who cherishes tranquility, mindfulness, and the beauty of tradition.\"}\n\nThis is the character of the other player: ${'NAME': 'Sakura Nakamura', 'SUMMARY': \"Hi, I'm Sakura, a tea ceremony master who cherishes tranquility, mindfulness, and the beauty of tradition.\"}\n\nRemember, your goal is to find the overall agreement for your first date while staying in character.\n\nContinue the game with the reason, your sentiment and an answer phrase to the first message of the other player:\n\nMessage: $message_player_A\n", "further_prompts": "$character_name 's Message: $response\n", "reprompt_prompt": "Your answer does not follow the following template: \n\n[reason] Your reason for your decision. [end]\n\n[sentiment] Choose one of the following: \"Found Agreement\", \"Continue Conversation\" [end]\n\n[response] Your response to the other player. This can include your sentiment, opinion, alternative. [end]\n\nYour answer for [response] must NOT exceed 100 tokens.\n\nTry again and DO NOT APOLOGIZE OR WHATEVER. JUST USE THE PATTERN\"\"\"\n"}