{"players": {"GM": "Game master for datingsim", "Player 1": "Mixtral-8x22B-Instruct-v0.1", "Player 2": "Mixtral-8x22B-Instruct-v0.1"}, "turns": [[{"from": "GM", "to": "Player 1", "timestamp": "2024-09-12T14:31:17.329294", "action": {"type": "send message", "content": "You are about to play a game with another player. In this game, you and the other player are both on an dating app, looking for a partner. In this case, both you and the other player decided, that you fancy each other's profile. Your and the other player's GOAL is it, to come to an agreement on what to do on your first date. At the start of the game you will be given two character sheets. The first one is the one, that defines your personality. The second one includes the information you know of the other player based on the information in their Bio on the dating app. You will start the conversation.\nOn each further turn you can react to what the other player tells you. For this you can either continue the conversation if you have not met an agreement yet or are not happy with the proposal, or end the game by agreeing to the proposal. \n\nThere is a total of four agreements throughout the game: \"Agreement on Time\", \"Agreement on Location\", \"Agreement on Action\", \"Overall Agreement\". You and the other player need to find an agreement on each of them.\nYou should only choose \"Overall Agreement\" after you and your date manage to settle an agreement for the other three ones (Time, Location, Action). \nYou have 15 turns to finish the game and find all agreements. \n\nYour answer has to consist ONLY of the following information and follow the given template:\n\n[reason] Your reason for your decision. [end]\n\n[sentiment] Choose one of the following: \"Continue Conversation\", \"Agreement on Time\", \"Agreement on Location\", \"Agreement on Action\", \"Overall Agreement\" [end]\n\n[response] Your response to the other player. This can include your sentiment, opinion, alternative. [end]\n\nYour answer for [response] must NOT exceed 100 tokens.\n\nThe game ends when 1) both you and the other player reply with the sentiment \"Overall Agreement\", 2) one of you chooses the sentiment \"Overall Agreement\" without the other one choosing it in the following turn, 3) you run out of turns to communicate or 4) you do not follow the template.\n\nThis is your character: {'NAME': 'Noah Sullivan', 'GENDER': 'Male', 'AGE': 42, 'APPEARANCE': 'Broad shoulders, graying hair, hazel eyes, rugged outdoor look, always has a slight stubble.', 'OCCUPATION': 'Environmental Scientist', 'LIKES': 'Nature, reading, sustainable living.', 'DISLIKES': 'Pollution, ignorance, loud noises.', 'HOBBIES': 'Hiking, gardening, birdwatching.', 'SUMMARY': \"Noah of the Noah's Ark? Not quite. I believe more in science.\"}\n\nThis is the character of the other player: ${'NAME': 'Noah Sullivan', 'GENDER': 'Male', 'AGE': 42, 'APPEARANCE': 'Broad shoulders, graying hair, hazel eyes, rugged outdoor look, always has a slight stubble.', 'OCCUPATION': 'Environmental Scientist', 'SUMMARY': \"Noah of the Noah's Ark? Not quite. I believe more in science.\"}\n\nRemember, your goal is to find the overall agreement for your first date while staying in character.\n\nStart the game with the reason, your sentiment and the opening phrase.\n"}}, {"from": "Player 1", "to": "GM", "timestamp": "2024-09-12T14:31:18.547862", "action": {"type": "get message", "content": "[reason] I'm excited to meet someone who shares my passion for nature and science. [end]\n\n[sentiment] Continue Conversation [end]\n\n[response] Hi Noah, it's great to find someone who also values science and nature. I'm looking forward to our first date. How about we start by deciding on a time that suits us both? [end]"}}, {"from": "GM", "to": "GM", "timestamp": "2024-09-12T14:31:18.548859", "action": {"type": "parse", "content": "[reason] I'm excited to meet someone who shares my passion for nature and science. [end]\n\n[sentiment] Continue Conversation [end]\n\n[response] Hi Noah, it's great to find someone who also values science and nature. I'm looking forward to our first date. How about we start by deciding on a time that suits us both? [end] conforms to rules"}}], [{"from": "GM", "to": "Player 2", "timestamp": "2024-09-12T14:31:18.548859", "action": {"type": "send message", "content": "You are about to play a game with another player. In this game, you and the other player are both on an dating app, looking for a partner. In this case, both you and the other player decided, that you fancy each other's profile. Your and the other player's GOAL is it, to come to an agreement on what to do on your first date. At the start of the game you will be given two character sheets. The first one is the one, that defines your personality. The second one includes the information you know of the other player based on the information in their Bio on the dating app. You will be approached by the other player.\nOn each further turn you can react to what the other player tells you. For this you can either continue the conversation if you have not met an agreement yet or are not happy with the proposal, or end the game by agreeing to the proposal. \n\nThere is a total of four agreements throughout the game: \"Agreement on Time\", \"Agreement on Location\", \"Agreement on Action\", \"Overall Agreement\". You and the other player need to find an agreement on each of them.\nYou should only choose \"Overall Agreement\" after you and your date manage to settle an agreement for the other three ones (Time, Location, Action). \nYou have 15 turns to finish the game and find all agreements. \n\nYour answer has to consist ONLY of the following information and follow the given template:\n\n[reason] Your reason for your decision. [end]\n\n[sentiment] Choose one of the following: \"Continue Conversation\", \"Agreement on Time\", \"Agreement on Location\", \"Agreement on Action\", \"Overall Agreement\" [end]\n\n[response] Your response to the other player. This can include your sentiment, opinion, alternative. [end]\n\nYour answer for [response] must NOT exceed 100 tokens.\n\nThe game ends when 1) both you and the other player reply with the sentiment \"Overall Agreement\", 2) one of you chooses the sentiment \"Overall Agreement\" without the other one choosing it in the following turn, 3) you run out of turns to communicate or 4) you do not follow the template.\n\nThis is your character: {'NAME': 'Noah Sullivan', 'GENDER': 'Male', 'AGE': 42, 'APPEARANCE': 'Broad shoulders, graying hair, hazel eyes, rugged outdoor look, always has a slight stubble.', 'OCCUPATION': 'Environmental Scientist', 'LIKES': 'Nature, reading, sustainable living.', 'DISLIKES': 'Pollution, ignorance, loud noises.', 'HOBBIES': 'Hiking, gardening, birdwatching.', 'SUMMARY': \"Noah of the Noah's Ark? Not quite. I believe more in science.\"}\n\nThis is the character of the other player: ${'NAME': 'Noah Sullivan', 'GENDER': 'Male', 'AGE': 42, 'APPEARANCE': 'Broad shoulders, graying hair, hazel eyes, rugged outdoor look, always has a slight stubble.', 'OCCUPATION': 'Environmental Scientist', 'SUMMARY': \"Noah of the Noah's Ark? Not quite. I believe more in science.\"}\n\nRemember, your goal is to find the overall agreement for your first date while staying in character.\n\nContinue the game with the reason, your sentiment and an answer phrase to the first message of the other player:\n\nMessage:  Hi Noah, it's great to find someone who also values science and nature. I'm looking forward to our first date. How about we start by deciding on a time that suits us both? [end]\n"}}, {"from": "Player 2", "to": "GM", "timestamp": "2024-09-12T14:31:20.277985", "action": {"type": "get message", "content": "[reason] The other player has initiated the conversation and proposed to start by deciding on a time for our first date. [end]\n\n[sentiment] Continue Conversation [end]\n\n[response] Hi there! I'm glad we share similar interests. I'm open to discussing a suitable time for our date. How about we meet in the late afternoon? It's usually a great time to enjoy the outdoors. [end]"}}, {"from": "GM", "to": "GM", "timestamp": "2024-09-12T14:31:20.279987", "action": {"type": "parse", "content": "[reason] The other player has initiated the conversation and proposed to start by deciding on a time for our first date. [end]\n\n[sentiment] Continue Conversation [end]\n\n[response] Hi there! I'm glad we share similar interests. I'm open to discussing a suitable time for our date. How about we meet in the late afternoon? It's usually a great time to enjoy the outdoors. [end] conforms to rules"}}], [{"from": "GM", "to": "Player 1", "timestamp": "2024-09-12T14:31:20.279987", "action": {"type": "send message", "content": "Noah Sullivan 's Message:  Hi there! I'm glad we share similar interests. I'm open to discussing a suitable time for our date. How about we meet in the late afternoon? It's usually a great time to enjoy the outdoors. [end]\n"}}, {"from": "Player 1", "to": "GM", "timestamp": "2024-09-12T14:31:21.602287", "action": {"type": "get message", "content": "[reason] I agree that late afternoon is a great time to enjoy the outdoors. [end]\n\n[sentiment] Agreement on Time [end]\n\n[response] Late afternoon sounds perfect, Noah. I'm glad we're on the same page. Now, let's decide on a location. How about a nature reserve or a park? [end]"}}, {"from": "GM", "to": "GM", "timestamp": "2024-09-12T14:31:21.602287", "action": {"type": "parse", "content": "[reason] I agree that late afternoon is a great time to enjoy the outdoors. [end]\n\n[sentiment] Agreement on Time [end]\n\n[response] Late afternoon sounds perfect, Noah. I'm glad we're on the same page. Now, let's decide on a location. How about a nature reserve or a park? [end] conforms to rules"}}], [{"from": "GM", "to": "Player 2", "timestamp": "2024-09-12T14:31:21.602287", "action": {"type": "send message", "content": "Noah Sullivan 's Message:  Late afternoon sounds perfect, Noah. I'm glad we're on the same page. Now, let's decide on a location. How about a nature reserve or a park? [end]\n"}}, {"from": "Player 2", "to": "GM", "timestamp": "2024-09-12T14:31:23.162759", "action": {"type": "get message", "content": "[reason] The other player has agreed to meet in the late afternoon and suggested a nature reserve or a park as a location for our first date. [end]\n\n[sentiment] Continue Conversation [end]\n\n[response] I couldn't agree more. A nature reserve or park would be an excellent choice. I know a beautiful park with a variety of bird species. Would you be interested in that? [end]"}}, {"from": "GM", "to": "GM", "timestamp": "2024-09-12T14:31:23.163771", "action": {"type": "parse", "content": "[reason] The other player has agreed to meet in the late afternoon and suggested a nature reserve or a park as a location for our first date. [end]\n\n[sentiment] Continue Conversation [end]\n\n[response] I couldn't agree more. A nature reserve or park would be an excellent choice. I know a beautiful park with a variety of bird species. Would you be interested in that? [end] conforms to rules"}}, {"from": "GM", "to": "GM", "timestamp": "2024-09-12T14:31:23.163771", "action": {"type": "mismatch time agreement", "content": "no time agreement, mismatched sentiment"}}], [{"from": "GM", "to": "Player 1", "timestamp": "2024-09-12T14:31:23.164760", "action": {"type": "send message", "content": "Noah Sullivan 's Message:  I couldn't agree more. A nature reserve or park would be an excellent choice. I know a beautiful park with a variety of bird species. Would you be interested in that? [end]\n"}}, {"from": "Player 1", "to": "GM", "timestamp": "2024-09-12T14:31:24.888894", "action": {"type": "get message", "content": "[reason] I'm always up for birdwatching, and a park with a variety of bird species sounds fantastic. [end]\n\n[sentiment] Agreement on Location [end]\n\n[response] That sounds like a wonderful location, Noah. I'm excited to explore the park and its bird species. Now, let's decide on an activity. How about a leisurely hike followed by a picnic? [end]"}}, {"from": "GM", "to": "GM", "timestamp": "2024-09-12T14:31:24.889873", "action": {"type": "parse", "content": "[reason] I'm always up for birdwatching, and a park with a variety of bird species sounds fantastic. [end]\n\n[sentiment] Agreement on Location [end]\n\n[response] That sounds like a wonderful location, Noah. I'm excited to explore the park and its bird species. Now, let's decide on an activity. How about a leisurely hike followed by a picnic? [end] conforms to rules"}}], [{"from": "GM", "to": "Player 2", "timestamp": "2024-09-12T14:31:24.889873", "action": {"type": "send message", "content": "Noah Sullivan 's Message:  That sounds like a wonderful location, Noah. I'm excited to explore the park and its bird species. Now, let's decide on an activity. How about a leisurely hike followed by a picnic? [end]\n"}}, {"from": "Player 2", "to": "GM", "timestamp": "2024-09-12T14:31:26.314921", "action": {"type": "get message", "content": "[reason] The other player has agreed to meet at the park and suggested a leisurely hike followed by a picnic as an activity for our first date. [end]\n\n[sentiment] Agreement on Action [end]\n\n[response] I think a leisurely hike followed by a picnic is a fantastic idea. I'm looking forward to our first date. [end]"}}, {"from": "GM", "to": "GM", "timestamp": "2024-09-12T14:31:26.314921", "action": {"type": "parse", "content": "[reason] The other player has agreed to meet at the park and suggested a leisurely hike followed by a picnic as an activity for our first date. [end]\n\n[sentiment] Agreement on Action [end]\n\n[response] I think a leisurely hike followed by a picnic is a fantastic idea. I'm looking forward to our first date. [end] conforms to rules"}}, {"from": "GM", "to": "GM", "timestamp": "2024-09-12T14:31:26.314921", "action": {"type": "mismatch location agreement", "content": "no location agreement, mismatched sentiment"}}], [{"from": "GM", "to": "Player 1", "timestamp": "2024-09-12T14:31:26.315953", "action": {"type": "send message", "content": "Noah Sullivan 's Message:  I think a leisurely hike followed by a picnic is a fantastic idea. I'm looking forward to our first date. [end]\n"}}, {"from": "Player 1", "to": "GM", "timestamp": "2024-09-12T14:31:27.666201", "action": {"type": "get message", "content": "[reason] I'm thrilled that we've agreed on a time, location, and activity for our first date. [end]\n\n[sentiment] Overall Agreement [end]\n\n[response] I'm glad we're on the same page, Noah. I'm really looking forward to our first date. See you at the park! [end]"}}, {"from": "GM", "to": "GM", "timestamp": "2024-09-12T14:31:27.667200", "action": {"type": "parse", "content": "[reason] I'm thrilled that we've agreed on a time, location, and activity for our first date. [end]\n\n[sentiment] Overall Agreement [end]\n\n[response] I'm glad we're on the same page, Noah. I'm really looking forward to our first date. See you at the park! [end] conforms to rules"}}, {"from": "GM", "to": "GM", "timestamp": "2024-09-12T14:31:27.667200", "action": {"type": "mismatch action agreement", "content": "no action agreement, mismatched sentiment"}}], [{"from": "GM", "to": "Player 2", "timestamp": "2024-09-12T14:31:27.667200", "action": {"type": "send message", "content": "Noah Sullivan 's Message:  I'm glad we're on the same page, Noah. I'm really looking forward to our first date. See you at the park! [end]\n"}}, {"from": "Player 2", "to": "GM", "timestamp": "2024-09-12T14:31:29.179112", "action": {"type": "get message", "content": "[reason] The other player has expressed their excitement for our first date and confirmed the agreed-upon time, location, and activity. [end]\n\n[sentiment] Overall Agreement [end]\n\n[response] I'm thrilled about our first date as well. See you at the park, and let's make it a memorable one! [end]"}}, {"from": "GM", "to": "GM", "timestamp": "2024-09-12T14:31:29.180104", "action": {"type": "parse", "content": "[reason] The other player has expressed their excitement for our first date and confirmed the agreed-upon time, location, and activity. [end]\n\n[sentiment] Overall Agreement [end]\n\n[response] I'm thrilled about our first date as well. See you at the park, and let's make it a memorable one! [end] conforms to rules"}}, {"from": "GM", "to": "GM", "timestamp": "2024-09-12T14:31:29.180104", "action": {"type": "overall agreement", "content": "game successful"}}]], "max_turns": 15, "completed_turns": 8, "time_agreement": false, "location_agreement": false, "action_agreement": false}