{"players": {"GM": "Game master for datingsim", "Player 1": "openchat-3.6-8b", "Player 2": "openchat-3.6-8b"}, "turns": [[{"from": "GM", "to": "Player 1", "timestamp": "2024-09-12T18:49:44.202384", "action": {"type": "send message", "content": "You are about to play a game with another player. In this game, you and the other player are both on an dating app, looking for a partner. In this case, both you and the other player decided, that you fancy each other's profile. Your and the other player's GOAL is it, to come to an agreement on what to do on your first date. At the start of the game you will be given two character sheets. The first one is the one, that defines your personality. The second one includes the information you know of the other player based on the information in their Bio on the dating app. You will start the conversation.\nOn each further turn you can react to what the other player tells you. For this you can either continue the conversation if you have not met an agreement yet or are not happy with the proposal, or end the game by agreeing to the proposal. \n\nThere is a total of four agreements throughout the game: \"Agreement on Time\", \"Agreement on Location\", \"Agreement on Action\", \"Overall Agreement\". You and the other player need to find an agreement on each of them.\nYou should only choose \"Overall Agreement\" after you and your date manage to settle an agreement for the other three ones (Time, Location, Action). \nYou have 15 turns to finish the game and find all agreements. \n\nYour answer has to consist ONLY of the following information and follow the given template:\n\n[reason] Your reason for your decision. [end]\n\n[sentiment] Choose one of the following: \"Continue Conversation\", \"Agreement on Time\", \"Agreement on Location\", \"Agreement on Action\", \"Overall Agreement\" [end]\n\n[response] Your response to the other player. This can include your sentiment, opinion, alternative. [end]\n\nYour answer for [response] must NOT exceed 100 tokens.\n\nThe game ends when 1) both you and the other player reply with the sentiment \"Overall Agreement\", 2) one of you chooses the sentiment \"Overall Agreement\" without the other one choosing it in the following turn, 3) you run out of turns to communicate or 4) you do not follow the template.\n\nThis is your character: {'NAME': 'Ethan Moore', 'GENDER': 'Male', 'AGE': 42, 'APPEARANCE': 'Salt and pepper hair, warm smile, crinkled eyes when he laughs, wears well-fitting suits.', 'OCCUPATION': 'University Professor (Literature)', 'LIKES': 'Engaging discussions, classic literature, a good cup of tea.', 'DISLIKES': 'Superficiality, technology dependence, loud noises.', 'HOBBIES': 'Reading, attending plays and concerts, spending time in nature.', 'SUMMARY': 'Good books are twice as fun when you converse about them with a nice cup of tea. This pretty much describes me as a person.'}\n\nThis is the character of the other player: ${'NAME': 'Hiro Suzuki', 'GENDER': 'Male', 'AGE': 21, 'APPEARANCE': 'Bright blue hair (dyed), energetic eyes, playful grin, wears trendy clothes.', 'OCCUPATION': 'Up-and-Coming Esports Player (Streamer)', 'LIKES': 'Gaming, sharing his passion with his viewers, pushing his limits.', 'DISLIKES': 'Losing, negativity, feeling stagnant.', 'HOBBIES': 'Exercising, attending gaming conventions, trying out new games.', 'SUMMARY': 'Esports player who likes to connect with his viewers.'}\n\nRemember, your goal is to find the overall agreement for your first date while staying in character.\n\nStart the game with the reason, your sentiment and the opening phrase.\n"}}, {"from": "Player 1", "to": "GM", "timestamp": "2024-09-12T18:49:49.621624", "action": {"type": "get message", "content": "[reason] I'm glad we matched on this dating app. It's been a long time since I've met someone who shares my love for literature. [end]\n\n[sentiment] Continue Conversation [end]\n\n[response] That's great to hear! I'm always looking for people to share my passion with. What do you think about meeting up at the local coffee shop? [end]"}}, {"from": "GM", "to": "GM", "timestamp": "2024-09-12T18:49:49.621898", "action": {"type": "parse", "content": "[reason] I'm glad we matched on this dating app. It's been a long time since I've met someone who shares my love for literature. [end]\n\n[sentiment] Continue Conversation [end]\n\n[response] That's great to hear! I'm always looking for people to share my passion with. What do you think about meeting up at the local coffee shop? [end] conforms to rules"}}], [{"from": "GM", "to": "Player 2", "timestamp": "2024-09-12T18:49:49.621934", "action": {"type": "send message", "content": "You are about to play a game with another player. In this game, you and the other player are both on an dating app, looking for a partner. In this case, both you and the other player decided, that you fancy each other's profile. Your and the other player's GOAL is it, to come to an agreement on what to do on your first date. At the start of the game you will be given two character sheets. The first one is the one, that defines your personality. The second one includes the information you know of the other player based on the information in their Bio on the dating app. You will be approached by the other player.\nOn each further turn you can react to what the other player tells you. For this you can either continue the conversation if you have not met an agreement yet or are not happy with the proposal, or end the game by agreeing to the proposal. \n\nThere is a total of four agreements throughout the game: \"Agreement on Time\", \"Agreement on Location\", \"Agreement on Action\", \"Overall Agreement\". You and the other player need to find an agreement on each of them.\nYou should only choose \"Overall Agreement\" after you and your date manage to settle an agreement for the other three ones (Time, Location, Action). \nYou have 15 turns to finish the game and find all agreements. \n\nYour answer has to consist ONLY of the following information and follow the given template:\n\n[reason] Your reason for your decision. [end]\n\n[sentiment] Choose one of the following: \"Continue Conversation\", \"Agreement on Time\", \"Agreement on Location\", \"Agreement on Action\", \"Overall Agreement\" [end]\n\n[response] Your response to the other player. This can include your sentiment, opinion, alternative. [end]\n\nYour answer for [response] must NOT exceed 100 tokens.\n\nThe game ends when 1) both you and the other player reply with the sentiment \"Overall Agreement\", 2) one of you chooses the sentiment \"Overall Agreement\" without the other one choosing it in the following turn, 3) you run out of turns to communicate or 4) you do not follow the template.\n\nThis is your character: {'NAME': 'Hiro Suzuki', 'GENDER': 'Male', 'AGE': 21, 'APPEARANCE': 'Bright blue hair (dyed), energetic eyes, playful grin, wears trendy clothes.', 'OCCUPATION': 'Up-and-Coming Esports Player (Streamer)', 'LIKES': 'Gaming, sharing his passion with his viewers, pushing his limits.', 'DISLIKES': 'Losing, negativity, feeling stagnant.', 'HOBBIES': 'Exercising, attending gaming conventions, trying out new games.', 'SUMMARY': 'Esports player who likes to connect with his viewers.'}\n\nThis is the character of the other player: ${'NAME': 'Ethan Moore', 'GENDER': 'Male', 'AGE': 42, 'APPEARANCE': 'Salt and pepper hair, warm smile, crinkled eyes when he laughs, wears well-fitting suits.', 'OCCUPATION': 'University Professor (Literature)', 'LIKES': 'Engaging discussions, classic literature, a good cup of tea.', 'DISLIKES': 'Superficiality, technology dependence, loud noises.', 'HOBBIES': 'Reading, attending plays and concerts, spending time in nature.', 'SUMMARY': 'Good books are twice as fun when you converse about them with a nice cup of tea. This pretty much describes me as a person.'}\n\nRemember, your goal is to find the overall agreement for your first date while staying in character.\n\nContinue the game with the reason, your sentiment and an answer phrase to the first message of the other player:\n\nMessage:  That's great to hear! I'm always looking for people to share my passion with. What do you think about meeting up at the local coffee shop? [end]\n"}}, {"from": "Player 2", "to": "GM", "timestamp": "2024-09-12T18:49:57.907553", "action": {"type": "get message", "content": "[reason] Your profile caught my attention because of your love for classic literature and engaging discussions. I'm an esports player, so I thought it would be interesting to discuss gaming while sipping on a cup of tea. How does that sound? [end]\n\n[sentiment] Agreement on Location [end]\n\n[response] That's a great idea! I've always wanted to try out a gaming convention but never had the chance. A coffee shop sounds perfect for our first date. Let's do it! [end]"}}, {"from": "GM", "to": "GM", "timestamp": "2024-09-12T18:49:57.907913", "action": {"type": "parse", "content": "[reason] Your profile caught my attention because of your love for classic literature and engaging discussions. I'm an esports player, so I thought it would be interesting to discuss gaming while sipping on a cup of tea. How does that sound? [end]\n\n[sentiment] Agreement on Location [end]\n\n[response] That's a great idea! I've always wanted to try out a gaming convention but never had the chance. A coffee shop sounds perfect for our first date. Let's do it! [end] conforms to rules"}}], [{"from": "GM", "to": "Player 1", "timestamp": "2024-09-12T18:49:57.908006", "action": {"type": "send message", "content": "Hiro Suzuki 's Message:  That's a great idea! I've always wanted to try out a gaming convention but never had the chance. A coffee shop sounds perfect for our first date. Let's do it! [end]\n"}}, {"from": "Player 1", "to": "GM", "timestamp": "2024-09-12T18:50:04.824499", "action": {"type": "get message", "content": "[reason] I'm glad you're excited about our first date. I think we'll have a lot of fun together. [end]\n\n[sentiment] Agreement on Location [end]\n\n[response] Sounds like a plan! The local coffee shop it is. What time would you prefer? [end]"}}, {"from": "GM", "to": "GM", "timestamp": "2024-09-12T18:50:04.824760", "action": {"type": "parse", "content": "[reason] I'm glad you're excited about our first date. I think we'll have a lot of fun together. [end]\n\n[sentiment] Agreement on Location [end]\n\n[response] Sounds like a plan! The local coffee shop it is. What time would you prefer? [end] conforms to rules"}}, {"from": "GM", "to": "GM", "timestamp": "2024-09-12T18:50:04.824830", "action": {"type": "location agreement", "content": "agreement on location successful"}}], [{"from": "GM", "to": "Player 2", "timestamp": "2024-09-12T18:50:04.824943", "action": {"type": "send message", "content": "Ethan Moore 's Message:  Sounds like a plan! The local coffee shop it is. What time would you prefer? [end]\n"}}, {"from": "Player 2", "to": "GM", "timestamp": "2024-09-12T18:50:13.526775", "action": {"type": "get message", "content": "[reason] I'm glad we could agree on the location. As an esports player, I usually play late into the night, so I'd prefer something around 9 PM. How does that sound to you? [end]\n\n[sentiment] Agreement on Time [end]\n\n[response] That works perfectly for me! I enjoy a good cup of tea in the evening, so 9 PM sounds great. Looking forward to our first date! [end]"}}, {"from": "GM", "to": "GM", "timestamp": "2024-09-12T18:50:13.527477", "action": {"type": "parse", "content": "[reason] I'm glad we could agree on the location. As an esports player, I usually play late into the night, so I'd prefer something around 9 PM. How does that sound to you? [end]\n\n[sentiment] Agreement on Time [end]\n\n[response] That works perfectly for me! I enjoy a good cup of tea in the evening, so 9 PM sounds great. Looking forward to our first date! [end] conforms to rules"}}, {"from": "GM", "to": "GM", "timestamp": "2024-09-12T18:50:13.527547", "action": {"type": "mismatch location agreement", "content": "no location agreement, mismatched sentiment"}}], [{"from": "GM", "to": "Player 1", "timestamp": "2024-09-12T18:50:13.527660", "action": {"type": "send message", "content": "Hiro Suzuki 's Message:  That works perfectly for me! I enjoy a good cup of tea in the evening, so 9 PM sounds great. Looking forward to our first date! [end]\n"}}, {"from": "Player 1", "to": "GM", "timestamp": "2024-09-12T18:50:21.561526", "action": {"type": "get message", "content": "[reason] I'm glad we could agree on a time and location. It's going to be a fun night. [end]\n\n[sentiment] Agreement on Location [end]\n\n[response] Awesome! So it's settled, 9 PM at the local coffee shop. Now let's move on to what we'll do there. Any ideas? [end]"}}, {"from": "GM", "to": "GM", "timestamp": "2024-09-12T18:50:21.561823", "action": {"type": "parse", "content": "[reason] I'm glad we could agree on a time and location. It's going to be a fun night. [end]\n\n[sentiment] Agreement on Location [end]\n\n[response] Awesome! So it's settled, 9 PM at the local coffee shop. Now let's move on to what we'll do there. Any ideas? [end] conforms to rules"}}, {"from": "GM", "to": "GM", "timestamp": "2024-09-12T18:50:21.561897", "action": {"type": "mismatch time agreement", "content": "no time agreement, mismatched sentiment"}}], [{"from": "GM", "to": "Player 2", "timestamp": "2024-09-12T18:50:21.562014", "action": {"type": "send message", "content": "Ethan Moore 's Message:  Awesome! So it's settled, 9 PM at the local coffee shop. Now let's move on to what we'll do there. Any ideas? [end]\n"}}, {"from": "Player 2", "to": "GM", "timestamp": "2024-09-12T18:50:31.145958", "action": {"type": "get message", "content": "[reason] I'm glad we could agree on the time and location. As an esports player, I thought it would be fun to discuss my gaming experiences while sipping on a cup of tea. What are your thoughts on this idea? [end]\n\n[sentiment] Agreement on Action [end]\n\n[response] That sounds like a fantastic plan! I love discussing books and games with people who are passionate about them. Let's do it! [end]"}}, {"from": "GM", "to": "GM", "timestamp": "2024-09-12T18:50:31.146343", "action": {"type": "parse", "content": "[reason] I'm glad we could agree on the time and location. As an esports player, I thought it would be fun to discuss my gaming experiences while sipping on a cup of tea. What are your thoughts on this idea? [end]\n\n[sentiment] Agreement on Action [end]\n\n[response] That sounds like a fantastic plan! I love discussing books and games with people who are passionate about them. Let's do it! [end] conforms to rules"}}, {"from": "GM", "to": "GM", "timestamp": "2024-09-12T18:50:31.146430", "action": {"type": "mismatch location agreement", "content": "no location agreement, mismatched sentiment"}}], [{"from": "GM", "to": "Player 1", "timestamp": "2024-09-12T18:50:31.146568", "action": {"type": "send message", "content": "Hiro Suzuki 's Message:  That sounds like a fantastic plan! I love discussing books and games with people who are passionate about them. Let's do it! [end]\n"}}, {"from": "Player 1", "to": "GM", "timestamp": "2024-09-12T18:50:39.883179", "action": {"type": "get message", "content": "[reason] Great, I'm looking forward to our conversation. What kind of action would you prefer? [end]\n\n[sentiment] Agreement on Action [end]\n\n[response] How about we play a board game together while we sip our coffee and tea? It'll be a fun way to bond and get to know each other better. [end]"}}, {"from": "GM", "to": "GM", "timestamp": "2024-09-12T18:50:39.883519", "action": {"type": "parse", "content": "[reason] Great, I'm looking forward to our conversation. What kind of action would you prefer? [end]\n\n[sentiment] Agreement on Action [end]\n\n[response] How about we play a board game together while we sip our coffee and tea? It'll be a fun way to bond and get to know each other better. [end] conforms to rules"}}, {"from": "GM", "to": "GM", "timestamp": "2024-09-12T18:50:39.883561", "action": {"type": "action agreement", "content": "agreement on action successful"}}], [{"from": "GM", "to": "Player 2", "timestamp": "2024-09-12T18:50:39.883630", "action": {"type": "send message", "content": "Ethan Moore 's Message:  How about we play a board game together while we sip our coffee and tea? It'll be a fun way to bond and get to know each other better. [end]\n"}}, {"from": "Player 2", "to": "GM", "timestamp": "2024-09-12T18:50:49.385010", "action": {"type": "get message", "content": "[reason] I think that's a great idea! Playing a board game sounds like a fun way to spend time together. Which game would you suggest? [end]\n\n[sentiment] Agreement on Action [end]\n\n[response] That's an excellent suggestion, Ethan! I'm always up for trying new games. What do you recommend? [end]"}}, {"from": "GM", "to": "GM", "timestamp": "2024-09-12T18:50:49.385317", "action": {"type": "parse", "content": "[reason] I think that's a great idea! Playing a board game sounds like a fun way to spend time together. Which game would you suggest? [end]\n\n[sentiment] Agreement on Action [end]\n\n[response] That's an excellent suggestion, Ethan! I'm always up for trying new games. What do you recommend? [end] conforms to rules"}}, {"from": "GM", "to": "GM", "timestamp": "2024-09-12T18:50:49.385361", "action": {"type": "already agreed", "content": "Agreement on Action was already achieved."}}], [{"from": "GM", "to": "Player 1", "timestamp": "2024-09-12T18:50:49.385418", "action": {"type": "send message", "content": "Hiro Suzuki 's Message:  That's an excellent suggestion, Ethan! I'm always up for trying new games. What do you recommend? [end]\n"}}, {"from": "Player 1", "to": "GM", "timestamp": "2024-09-12T18:50:59.517463", "action": {"type": "get message", "content": "[reason] I think we should play \"Settlers of Catan\". It's a great game that encourages conversation and strategy. [end]\n\n[sentiment] Agreement on Action [end]\n\n[response] That sounds like a fantastic choice! I'm excited to try it out with you. So, now we have our time, location, and action all set. Let's make an Overall Agreement. [end]"}}, {"from": "GM", "to": "GM", "timestamp": "2024-09-12T18:50:59.517760", "action": {"type": "parse", "content": "[reason] I think we should play \"Settlers of Catan\". It's a great game that encourages conversation and strategy. [end]\n\n[sentiment] Agreement on Action [end]\n\n[response] That sounds like a fantastic choice! I'm excited to try it out with you. So, now we have our time, location, and action all set. Let's make an Overall Agreement. [end] conforms to rules"}}, {"from": "GM", "to": "GM", "timestamp": "2024-09-12T18:50:59.517812", "action": {"type": "already agreed", "content": "Agreement on Action was already achieved."}}], [{"from": "GM", "to": "Player 2", "timestamp": "2024-09-12T18:50:59.517870", "action": {"type": "send message", "content": "Ethan Moore 's Message:  That sounds like a fantastic choice! I'm excited to try it out with you. So, now we have our time, location, and action all set. Let's make an Overall Agreement. [end]\n"}}, {"from": "Player 2", "to": "GM", "timestamp": "2024-09-12T18:51:11.228362", "action": {"type": "get message", "content": "[reason] I'm thrilled that we could agree on the details for our first date. It's going to be a great time! I can't wait to meet you at 9 PM at the local coffee shop and play that board game together. Let's do this! [end]\n\n[sentiment] Overall Agreement [end]\n\n[response] I'm so happy we could agree on everything, Hiro! I'm really looking forward to meeting you and playing that board game together. See you at 9 PM! [end]"}}, {"from": "GM", "to": "GM", "timestamp": "2024-09-12T18:51:11.228848", "action": {"type": "parse", "content": "[reason] I'm thrilled that we could agree on the details for our first date. It's going to be a great time! I can't wait to meet you at 9 PM at the local coffee shop and play that board game together. Let's do this! [end]\n\n[sentiment] Overall Agreement [end]\n\n[response] I'm so happy we could agree on everything, Hiro! I'm really looking forward to meeting you and playing that board game together. See you at 9 PM! [end] conforms to rules"}}, {"from": "GM", "to": "GM", "timestamp": "2024-09-12T18:51:11.228940", "action": {"type": "mismatch action agreement", "content": "no action agreement, mismatched sentiment"}}], [{"from": "GM", "to": "Player 1", "timestamp": "2024-09-12T18:51:11.229079", "action": {"type": "send message", "content": "Hiro Suzuki 's Message:  I'm so happy we could agree on everything, Hiro! I'm really looking forward to meeting you and playing that board game together. See you at 9 PM! [end]\n"}}, {"from": "Player 1", "to": "GM", "timestamp": "2024-09-12T18:51:21.863010", "action": {"type": "get message", "content": "[reason] I'm glad we could find an agreement on all the aspects of our first date. Looking forward to meeting you too. See you soon! [end]\n\n[sentiment] Overall Agreement [end]\n\n[response] It's been a pleasure getting to know you, Hiro. Have a great time playing your game and I'll see you at 9 PM. Goodbye for now! [end]"}}, {"from": "GM", "to": "GM", "timestamp": "2024-09-12T18:51:21.863301", "action": {"type": "parse", "content": "[reason] I'm glad we could find an agreement on all the aspects of our first date. Looking forward to meeting you too. See you soon! [end]\n\n[sentiment] Overall Agreement [end]\n\n[response] It's been a pleasure getting to know you, Hiro. Have a great time playing your game and I'll see you at 9 PM. Goodbye for now! [end] conforms to rules"}}, {"from": "GM", "to": "GM", "timestamp": "2024-09-12T18:51:21.863343", "action": {"type": "overall agreement", "content": "game successful"}}]], "max_turns": 15, "completed_turns": 11, "time_agreement": false, "location_agreement": true, "action_agreement": true}