{"players": {"GM": "Game master for datingsim", "Player 1": "openchat-3.6-8b", "Player 2": "openchat-3.6-8b"}, "turns": [[{"from": "GM", "to": "Player 1", "timestamp": "2024-09-12T18:48:21.921107", "action": {"type": "send message", "content": "You are about to play a game with another player. In this game, you and the other player are both on an dating app, looking for a partner. In this case, both you and the other player decided, that you fancy each other's profile. Your and the other player's GOAL is it, to come to an agreement on what to do on your first date. At the start of the game you will be given two character sheets. The first one is the one, that defines your personality. The second one includes the information you know of the other player based on the information in their Bio on the dating app. You will start the conversation.\nOn each further turn you can react to what the other player tells you. For this you can either continue the conversation if you have not met an agreement yet or are not happy with the proposal, or end the game by agreeing to the proposal. \n\nThere is a total of four agreements throughout the game: \"Agreement on Time\", \"Agreement on Location\", \"Agreement on Action\", \"Overall Agreement\". You and the other player need to find an agreement on each of them.\nYou should only choose \"Overall Agreement\" after you and your date manage to settle an agreement for the other three ones (Time, Location, Action). \nYou have 15 turns to finish the game and find all agreements. \n\nYour answer has to consist ONLY of the following information and follow the given template:\n\n[reason] Your reason for your decision. [end]\n\n[sentiment] Choose one of the following: \"Continue Conversation\", \"Agreement on Time\", \"Agreement on Location\", \"Agreement on Action\", \"Overall Agreement\" [end]\n\n[response] Your response to the other player. This can include your sentiment, opinion, alternative. [end]\n\nYour answer for [response] must NOT exceed 100 tokens.\n\nThe game ends when 1) both you and the other player reply with the sentiment \"Overall Agreement\", 2) one of you chooses the sentiment \"Overall Agreement\" without the other one choosing it in the following turn, 3) you run out of turns to communicate or 4) you do not follow the template.\n\nThis is your character: {'NAME': 'Robin Aster', 'GENDER': 'Non-binary', 'AGE': 27, 'APPEARANCE': 'Short, vibrant purple hair, dazzling smile, androgynous features with bright eyes, wears a mix of clothes that express their unique style (masculine, feminine, both).', 'OCCUPATION': 'Florist', 'LIKES': \"Experimenting with floral arrangements, creating beauty with nature's bounty, seeing the joy flowers bring to people.\", 'DISLIKES': 'Monotony, negativity, anything artificial.', 'HOBBIES': 'Hiking, learning about different plant life, volunteering at a community garden.', 'SUMMARY': 'I like to transform flowers into stunning works of art. I am known to brighten the day of people around me.'}\n\nThis is the character of the other player: ${'NAME': 'Jamie Park', 'GENDER': 'Non-binary', 'AGE': 21, 'APPEARANCE': 'Vibrant dyed hair (changes color often), bright and expressive eyes, wears bold and trendy clothing that reflects their artistic personality.', 'OCCUPATION': 'Tattoo Artist', 'LIKES': 'Creating meaningful and personalized tattoos, expressing their artistic vision, connecting with people through their work.', 'DISLIKES': 'Conformity, negativity, limitations on creativity.', 'HOBBIES': 'Painting, attending art festivals, experimenting with different artistic mediums.', 'SUMMARY': 'A passionate tattoo artist is who I am with which I try to tell stories and express individuality.'}\n\nRemember, your goal is to find the overall agreement for your first date while staying in character.\n\nStart the game with the reason, your sentiment and the opening phrase.\n"}}, {"from": "Player 1", "to": "GM", "timestamp": "2024-09-12T18:48:27.656233", "action": {"type": "get message", "content": "[reason] Your profile caught my attention because of your artistic personality. [end]\n\n[sentiment] Agreement on Time [end]\n\n[response] I would love to meet you at 7 pm. What do you think? [end]"}}, {"from": "GM", "to": "GM", "timestamp": "2024-09-12T18:48:27.656494", "action": {"type": "parse", "content": "[reason] Your profile caught my attention because of your artistic personality. [end]\n\n[sentiment] Agreement on Time [end]\n\n[response] I would love to meet you at 7 pm. What do you think? [end] conforms to rules"}}], [{"from": "GM", "to": "Player 2", "timestamp": "2024-09-12T18:48:27.656581", "action": {"type": "send message", "content": "You are about to play a game with another player. In this game, you and the other player are both on an dating app, looking for a partner. In this case, both you and the other player decided, that you fancy each other's profile. Your and the other player's GOAL is it, to come to an agreement on what to do on your first date. At the start of the game you will be given two character sheets. The first one is the one, that defines your personality. The second one includes the information you know of the other player based on the information in their Bio on the dating app. You will be approached by the other player.\nOn each further turn you can react to what the other player tells you. For this you can either continue the conversation if you have not met an agreement yet or are not happy with the proposal, or end the game by agreeing to the proposal. \n\nThere is a total of four agreements throughout the game: \"Agreement on Time\", \"Agreement on Location\", \"Agreement on Action\", \"Overall Agreement\". You and the other player need to find an agreement on each of them.\nYou should only choose \"Overall Agreement\" after you and your date manage to settle an agreement for the other three ones (Time, Location, Action). \nYou have 15 turns to finish the game and find all agreements. \n\nYour answer has to consist ONLY of the following information and follow the given template:\n\n[reason] Your reason for your decision. [end]\n\n[sentiment] Choose one of the following: \"Continue Conversation\", \"Agreement on Time\", \"Agreement on Location\", \"Agreement on Action\", \"Overall Agreement\" [end]\n\n[response] Your response to the other player. This can include your sentiment, opinion, alternative. [end]\n\nYour answer for [response] must NOT exceed 100 tokens.\n\nThe game ends when 1) both you and the other player reply with the sentiment \"Overall Agreement\", 2) one of you chooses the sentiment \"Overall Agreement\" without the other one choosing it in the following turn, 3) you run out of turns to communicate or 4) you do not follow the template.\n\nThis is your character: {'NAME': 'Jamie Park', 'GENDER': 'Non-binary', 'AGE': 21, 'APPEARANCE': 'Vibrant dyed hair (changes color often), bright and expressive eyes, wears bold and trendy clothing that reflects their artistic personality.', 'OCCUPATION': 'Tattoo Artist', 'LIKES': 'Creating meaningful and personalized tattoos, expressing their artistic vision, connecting with people through their work.', 'DISLIKES': 'Conformity, negativity, limitations on creativity.', 'HOBBIES': 'Painting, attending art festivals, experimenting with different artistic mediums.', 'SUMMARY': 'A passionate tattoo artist is who I am with which I try to tell stories and express individuality.'}\n\nThis is the character of the other player: ${'NAME': 'Robin Aster', 'GENDER': 'Non-binary', 'AGE': 27, 'APPEARANCE': 'Short, vibrant purple hair, dazzling smile, androgynous features with bright eyes, wears a mix of clothes that express their unique style (masculine, feminine, both).', 'OCCUPATION': 'Florist', 'LIKES': \"Experimenting with floral arrangements, creating beauty with nature's bounty, seeing the joy flowers bring to people.\", 'DISLIKES': 'Monotony, negativity, anything artificial.', 'HOBBIES': 'Hiking, learning about different plant life, volunteering at a community garden.', 'SUMMARY': 'I like to transform flowers into stunning works of art. I am known to brighten the day of people around me.'}\n\nRemember, your goal is to find the overall agreement for your first date while staying in character.\n\nContinue the game with the reason, your sentiment and an answer phrase to the first message of the other player:\n\nMessage:  I would love to meet you at 7 pm. What do you think? [end]\n"}}, {"from": "Player 2", "to": "GM", "timestamp": "2024-09-12T18:48:33.428071", "action": {"type": "get message", "content": "[reason] Your proposal seems very reasonable. [end]\n\n[sentiment] Agreement on Time [end]\n\n[response] That sounds great! I'm free that evening, so it's all good with me. [end]"}}, {"from": "GM", "to": "GM", "timestamp": "2024-09-12T18:48:33.428324", "action": {"type": "parse", "content": "[reason] Your proposal seems very reasonable. [end]\n\n[sentiment] Agreement on Time [end]\n\n[response] That sounds great! I'm free that evening, so it's all good with me. [end] conforms to rules"}}], [{"from": "GM", "to": "Player 1", "timestamp": "2024-09-12T18:48:33.428456", "action": {"type": "send message", "content": "Jamie Park 's Message:  That sounds great! I'm free that evening, so it's all good with me. [end]\n"}}, {"from": "Player 1", "to": "GM", "timestamp": "2024-09-12T18:48:41.060140", "action": {"type": "get message", "content": "[reason] It's wonderful to hear that you're available for the date. [end]\n\n[sentiment] Agreement on Location [end]\n\n[response] How about we meet at a local coffee shop? There are some really interesting art pieces there and I think it would be a great place for us to get to know each other better. What do you think? [end]"}}, {"from": "GM", "to": "GM", "timestamp": "2024-09-12T18:48:41.060362", "action": {"type": "parse", "content": "[reason] It's wonderful to hear that you're available for the date. [end]\n\n[sentiment] Agreement on Location [end]\n\n[response] How about we meet at a local coffee shop? There are some really interesting art pieces there and I think it would be a great place for us to get to know each other better. What do you think? [end] conforms to rules"}}, {"from": "GM", "to": "GM", "timestamp": "2024-09-12T18:48:41.060414", "action": {"type": "mismatch time agreement", "content": "no time agreement, mismatched sentiment"}}], [{"from": "GM", "to": "Player 2", "timestamp": "2024-09-12T18:48:41.060751", "action": {"type": "send message", "content": "Robin Aster 's Message:  How about we meet at a local coffee shop? There are some really interesting art pieces there and I think it would be a great place for us to get to know each other better. What do you think? [end]\n"}}, {"from": "Player 2", "to": "GM", "timestamp": "2024-09-12T18:48:48.130070", "action": {"type": "get message", "content": "[reason] The idea of meeting in a coffee shop sounds lovely! [end]\n\n[sentiment] Agreement on Location [end]\n\n[response] That's perfect, I love art and it would be amazing to see some while getting to know you better. Let's do it! [end]"}}, {"from": "GM", "to": "GM", "timestamp": "2024-09-12T18:48:48.130284", "action": {"type": "parse", "content": "[reason] The idea of meeting in a coffee shop sounds lovely! [end]\n\n[sentiment] Agreement on Location [end]\n\n[response] That's perfect, I love art and it would be amazing to see some while getting to know you better. Let's do it! [end] conforms to rules"}}, {"from": "GM", "to": "GM", "timestamp": "2024-09-12T18:48:48.130350", "action": {"type": "location agreement", "content": "agreement on location successful"}}], [{"from": "GM", "to": "Player 1", "timestamp": "2024-09-12T18:48:48.130460", "action": {"type": "send message", "content": "Jamie Park 's Message:  That's perfect, I love art and it would be amazing to see some while getting to know you better. Let's do it! [end]\n"}}, {"from": "Player 1", "to": "GM", "timestamp": "2024-09-12T18:48:56.007474", "action": {"type": "get message", "content": "[reason] It's great that we both like art. [end]\n\n[sentiment] Agreement on Action [end]\n\n[response] Now that we've agreed on the location, how about we go for a walk after our coffee? I think it would be fun to explore and talk more while walking around. What do you think? [end]"}}, {"from": "GM", "to": "GM", "timestamp": "2024-09-12T18:48:56.007932", "action": {"type": "parse", "content": "[reason] It's great that we both like art. [end]\n\n[sentiment] Agreement on Action [end]\n\n[response] Now that we've agreed on the location, how about we go for a walk after our coffee? I think it would be fun to explore and talk more while walking around. What do you think? [end] conforms to rules"}}, {"from": "GM", "to": "GM", "timestamp": "2024-09-12T18:48:56.007977", "action": {"type": "mismatch location agreement", "content": "no location agreement, mismatched sentiment"}}], [{"from": "GM", "to": "Player 2", "timestamp": "2024-09-12T18:48:56.008020", "action": {"type": "send message", "content": "Robin Aster 's Message:  Now that we've agreed on the location, how about we go for a walk after our coffee? I think it would be fun to explore and talk more while walking around. What do you think? [end]\n"}}, {"from": "Player 2", "to": "GM", "timestamp": "2024-09-12T18:49:03.643577", "action": {"type": "get message", "content": "[reason] Going for a walk sounds like a great idea! It's always nice to move around and have some fresh air. [end]\n\n[sentiment] Agreement on Action [end]\n\n[response] I'm all in for that! Let's make it happen. [end]"}}, {"from": "GM", "to": "GM", "timestamp": "2024-09-12T18:49:03.643865", "action": {"type": "parse", "content": "[reason] Going for a walk sounds like a great idea! It's always nice to move around and have some fresh air. [end]\n\n[sentiment] Agreement on Action [end]\n\n[response] I'm all in for that! Let's make it happen. [end] conforms to rules"}}, {"from": "GM", "to": "GM", "timestamp": "2024-09-12T18:49:03.643946", "action": {"type": "action agreement", "content": "agreement on action successful"}}], [{"from": "GM", "to": "Player 1", "timestamp": "2024-09-12T18:49:03.644143", "action": {"type": "send message", "content": "Jamie Park 's Message:  I'm all in for that! Let's make it happen. [end]\n"}}, {"from": "Player 1", "to": "GM", "timestamp": "2024-09-12T18:49:11.671197", "action": {"type": "get message", "content": "[reason] It seems like we're on the same page about everything. [end]\n\n[sentiment] Overall Agreement [end]\n\n[response] That's awesome, Jamie! I'm really looking forward to our first date. See you at 7 pm at the coffee shop! [end]"}}, {"from": "GM", "to": "GM", "timestamp": "2024-09-12T18:49:11.671544", "action": {"type": "parse", "content": "[reason] It seems like we're on the same page about everything. [end]\n\n[sentiment] Overall Agreement [end]\n\n[response] That's awesome, Jamie! I'm really looking forward to our first date. See you at 7 pm at the coffee shop! [end] conforms to rules"}}, {"from": "GM", "to": "GM", "timestamp": "2024-09-12T18:49:11.671619", "action": {"type": "mismatch action agreement", "content": "no action agreement, mismatched sentiment"}}], [{"from": "GM", "to": "Player 2", "timestamp": "2024-09-12T18:49:11.671737", "action": {"type": "send message", "content": "Robin Aster 's Message:  That's awesome, Jamie! I'm really looking forward to our first date. See you at 7 pm at the coffee shop! [end]\n"}}, {"from": "Player 2", "to": "GM", "timestamp": "2024-09-12T18:49:19.508719", "action": {"type": "get message", "content": "[reason] I'm so excited too! Thanks for planning such a great time. [end]\n\n[sentiment] Overall Agreement [end]\n\n[response] See you there, Robin! Can't wait to meet you and have our first date. [end]"}}, {"from": "GM", "to": "GM", "timestamp": "2024-09-12T18:49:19.508976", "action": {"type": "parse", "content": "[reason] I'm so excited too! Thanks for planning such a great time. [end]\n\n[sentiment] Overall Agreement [end]\n\n[response] See you there, Robin! Can't wait to meet you and have our first date. [end] conforms to rules"}}, {"from": "GM", "to": "GM", "timestamp": "2024-09-12T18:49:19.509044", "action": {"type": "overall agreement", "content": "game successful"}}]], "max_turns": 15, "completed_turns": 8, "time_agreement": false, "location_agreement": true, "action_agreement": true}