{"players": {"GM": "Game master for datingsim", "Player 1": "openchat-3.6-8b", "Player 2": "openchat-3.6-8b"}, "turns": [[{"from": "GM", "to": "Player 1", "timestamp": "2024-09-12T18:10:16.533205", "action": {"type": "send message", "content": "You are about to play a game with another player. In this game, you and the other player are both on an dating app, looking for a partner. In this case, both you and the other player decided, that you fancy each other's profile. Your and the other player's GOAL is it, to come to an agreement on what to do on your first date. At the start of the game you will be given two character sheets. The first one is the one, that defines your personality. The second one includes the information you know of the other player based on the information in their Bio on the dating app. You will start the conversation.\nOn each further turn you can react to what the other player tells you. For this you can either continue the conversation if you have not met an agreement yet or are not happy with the proposal, or end the game by agreeing to the proposal. \n\nThere is a total of four agreements throughout the game: \"Agreement on Time\", \"Agreement on Location\", \"Agreement on Action\", \"Overall Agreement\". You and the other player need to find an agreement on each of them.\nYou should only choose \"Overall Agreement\" after you and your date manage to settle an agreement for the other three ones (Time, Location, Action). \nYou have 15 turns to finish the game and find all agreements. \n\nYour answer has to consist ONLY of the following information and follow the given template:\n\n[reason] Your reason for your decision. [end]\n\n[sentiment] Choose one of the following: \"Continue Conversation\", \"Agreement on Time\", \"Agreement on Location\", \"Agreement on Action\", \"Overall Agreement\" [end]\n\n[response] Your response to the other player. This can include your sentiment, opinion, alternative. [end]\n\nYour answer for [response] must NOT exceed 100 tokens.\n\nThe game ends when 1) both you and the other player reply with the sentiment \"Overall Agreement\", 2) one of you chooses the sentiment \"Overall Agreement\" without the other one choosing it in the following turn, 3) you run out of turns to communicate or 4) you do not follow the template.\n\nThis is your character: {'NAME': 'Taylor Jordan', 'GENDER': 'Non-binary', 'AGE': 29, 'APPEARANCE': 'Curly brown hair, warm brown eyes, eclectic fashion, colorful accessories, enthusiastic.', 'OCCUPATION': 'Event Planner', 'LIKES': 'Festivals, fashion, spicy cuisine.', 'DISLIKES': 'Monotony, pessimism, early mornings.', 'HOBBIES': 'Dancing, crafting, exploring new restaurants.', 'SUMMARY': 'Nothing describes me better than this: Party Owl through and through!'}\n\nThis is the character of the other player: ${'NAME': 'Emily Chen', 'SUMMARY': 'I have a sweet tooth and enjoy calm evenings.'}\n\nRemember, your goal is to find the overall agreement for your first date while staying in character.\n\nStart the game with the reason, your sentiment and the opening phrase.\n"}}, {"from": "Player 1", "to": "GM", "timestamp": "2024-09-12T18:10:20.229592", "action": {"type": "get message", "content": "[reason] I'm really excited about getting to know you better! [end]\n\n[sentiment] Continue Conversation [end]\n\n[response] Hey Emily, it's great to meet someone who shares my love for calm evenings. What kind of festivals do you like? [end]"}}, {"from": "GM", "to": "GM", "timestamp": "2024-09-12T18:10:20.229856", "action": {"type": "parse", "content": "[reason] I'm really excited about getting to know you better! [end]\n\n[sentiment] Continue Conversation [end]\n\n[response] Hey Emily, it's great to meet someone who shares my love for calm evenings. What kind of festivals do you like? [end] conforms to rules"}}], [{"from": "GM", "to": "Player 2", "timestamp": "2024-09-12T18:10:20.229947", "action": {"type": "send message", "content": "You are about to play a game with another player. In this game, you and the other player are both on an dating app, looking for a partner. In this case, both you and the other player decided, that you fancy each other's profile. Your and the other player's GOAL is it, to come to an agreement on what to do on your first date. At the start of the game you will be given two character sheets. The first one is the one, that defines your personality. The second one includes the information you know of the other player based on the information in their Bio on the dating app. You will be approached by the other player.\nOn each further turn you can react to what the other player tells you. For this you can either continue the conversation if you have not met an agreement yet or are not happy with the proposal, or end the game by agreeing to the proposal. \n\nThere is a total of four agreements throughout the game: \"Agreement on Time\", \"Agreement on Location\", \"Agreement on Action\", \"Overall Agreement\". You and the other player need to find an agreement on each of them.\nYou should only choose \"Overall Agreement\" after you and your date manage to settle an agreement for the other three ones (Time, Location, Action). \nYou have 15 turns to finish the game and find all agreements. \n\nYour answer has to consist ONLY of the following information and follow the given template:\n\n[reason] Your reason for your decision. [end]\n\n[sentiment] Choose one of the following: \"Continue Conversation\", \"Agreement on Time\", \"Agreement on Location\", \"Agreement on Action\", \"Overall Agreement\" [end]\n\n[response] Your response to the other player. This can include your sentiment, opinion, alternative. [end]\n\nYour answer for [response] must NOT exceed 100 tokens.\n\nThe game ends when 1) both you and the other player reply with the sentiment \"Overall Agreement\", 2) one of you chooses the sentiment \"Overall Agreement\" without the other one choosing it in the following turn, 3) you run out of turns to communicate or 4) you do not follow the template.\n\nThis is your character: {'NAME': 'Emily Chen', 'GENDER': 'Female', 'AGE': 31, 'APPEARANCE': 'Long black hair, almond-shaped eyes, medium height, elegant fashion, calm demeanor.', 'OCCUPATION': 'Pediatrician', 'LIKES': 'Baking, classical music, beach sunsets.', 'DISLIKES': 'Loud noises, clutter, spicy food.', 'HOBBIES': 'Playing piano, reading, baking desserts.', 'SUMMARY': 'I have a sweet tooth and enjoy calm evenings.'}\n\nThis is the character of the other player: ${'NAME': 'Taylor Jordan', 'SUMMARY': 'Nothing describes me better than this: Party Owl through and through!'}\n\nRemember, your goal is to find the overall agreement for your first date while staying in character.\n\nContinue the game with the reason, your sentiment and an answer phrase to the first message of the other player:\n\nMessage:  Hey Emily, it's great to meet someone who shares my love for calm evenings. What kind of festivals do you like? [end]\n"}}, {"from": "Player 2", "to": "GM", "timestamp": "2024-09-12T18:10:25.689587", "action": {"type": "get message", "content": "[reason] I'm glad we share a similar taste in evenings! I enjoy music festivals and quiet beach sunsets. [end]\n\n[sentiment] Agreement on Action [end]\n\n[response] That sounds perfect, Taylor! How about we go to a festival together? [end]"}}, {"from": "GM", "to": "GM", "timestamp": "2024-09-12T18:10:25.689807", "action": {"type": "parse", "content": "[reason] I'm glad we share a similar taste in evenings! I enjoy music festivals and quiet beach sunsets. [end]\n\n[sentiment] Agreement on Action [end]\n\n[response] That sounds perfect, Taylor! How about we go to a festival together? [end] conforms to rules"}}], [{"from": "GM", "to": "Player 1", "timestamp": "2024-09-12T18:10:25.689886", "action": {"type": "send message", "content": "Emily Chen 's Message:  That sounds perfect, Taylor! How about we go to a festival together? [end]\n"}}, {"from": "Player 1", "to": "GM", "timestamp": "2024-09-12T18:10:30.710313", "action": {"type": "get message", "content": "[reason] I think that's a fantastic idea! [end]\n\n[sentiment] Agreement on Action [end]\n\n[response] Great choice Emily! Which festival would you like to attend? [end]"}}, {"from": "GM", "to": "GM", "timestamp": "2024-09-12T18:10:30.710638", "action": {"type": "parse", "content": "[reason] I think that's a fantastic idea! [end]\n\n[sentiment] Agreement on Action [end]\n\n[response] Great choice Emily! Which festival would you like to attend? [end] conforms to rules"}}, {"from": "GM", "to": "GM", "timestamp": "2024-09-12T18:10:30.710725", "action": {"type": "action agreement", "content": "agreement on action successful"}}], [{"from": "GM", "to": "Player 2", "timestamp": "2024-09-12T18:10:30.710840", "action": {"type": "send message", "content": "Taylor Jordan 's Message:  Great choice Emily! Which festival would you like to attend? [end]\n"}}, {"from": "Player 2", "to": "GM", "timestamp": "2024-09-12T18:10:37.216993", "action": {"type": "get message", "content": "[reason] I think it would be great to go to the Jazz Festival in the city. It's less noisy than other festivals and has beautiful sunsets. [end]\n\n[sentiment] Agreement on Location [end]\n\n[response] That sounds perfect, Emily! The Jazz Festival it is. When should we meet? [end]"}}, {"from": "GM", "to": "GM", "timestamp": "2024-09-12T18:10:37.217321", "action": {"type": "parse", "content": "[reason] I think it would be great to go to the Jazz Festival in the city. It's less noisy than other festivals and has beautiful sunsets. [end]\n\n[sentiment] Agreement on Location [end]\n\n[response] That sounds perfect, Emily! The Jazz Festival it is. When should we meet? [end] conforms to rules"}}, {"from": "GM", "to": "GM", "timestamp": "2024-09-12T18:10:37.217408", "action": {"type": "mismatch action agreement", "content": "no action agreement, mismatched sentiment"}}], [{"from": "GM", "to": "Player 1", "timestamp": "2024-09-12T18:10:37.217545", "action": {"type": "send message", "content": "Emily Chen 's Message:  That sounds perfect, Emily! The Jazz Festival it is. When should we meet? [end]\n"}}, {"from": "Player 1", "to": "GM", "timestamp": "2024-09-12T18:10:42.703366", "action": {"type": "get message", "content": "[reason] I think that's a fantastic idea! [end]\n\n[sentiment] Agreement on Action [end]\n\n[response] Great choice Emily! Which festival would you like to attend? [end]"}}, {"from": "GM", "to": "GM", "timestamp": "2024-09-12T18:10:42.703490", "action": {"type": "parse", "content": "[reason] I think that's a fantastic idea! [end]\n\n[sentiment] Agreement on Action [end]\n\n[response] Great choice Emily! Which festival would you like to attend? [end] conforms to rules"}}, {"from": "GM", "to": "GM", "timestamp": "2024-09-12T18:10:42.703518", "action": {"type": "mismatch location agreement", "content": "no location agreement, mismatched sentiment"}}], [{"from": "GM", "to": "Player 2", "timestamp": "2024-09-12T18:10:42.703568", "action": {"type": "send message", "content": "Taylor Jordan 's Message:  Great choice Emily! Which festival would you like to attend? [end]\n"}}, {"from": "Player 2", "to": "GM", "timestamp": "2024-09-12T18:10:49.711508", "action": {"type": "get message", "content": "[reason] I think it would be great to go to the Jazz Festival in the city. It's less noisy than other festivals and has beautiful sunsets. [end]\n\n[sentiment] Agreement on Location [end]\n\n[response] That sounds perfect, Emily! The Jazz Festival it is. When should we meet? [end]"}}, {"from": "GM", "to": "GM", "timestamp": "2024-09-12T18:10:49.711754", "action": {"type": "parse", "content": "[reason] I think it would be great to go to the Jazz Festival in the city. It's less noisy than other festivals and has beautiful sunsets. [end]\n\n[sentiment] Agreement on Location [end]\n\n[response] That sounds perfect, Emily! The Jazz Festival it is. When should we meet? [end] conforms to rules"}}, {"from": "GM", "to": "GM", "timestamp": "2024-09-12T18:10:49.711826", "action": {"type": "mismatch action agreement", "content": "no action agreement, mismatched sentiment"}}], [{"from": "GM", "to": "Player 1", "timestamp": "2024-09-12T18:10:49.711941", "action": {"type": "send message", "content": "Emily Chen 's Message:  That sounds perfect, Emily! The Jazz Festival it is. When should we meet? [end]\n"}}, {"from": "Player 1", "to": "GM", "timestamp": "2024-09-12T18:10:55.920894", "action": {"type": "get message", "content": "[reason] I'm so glad we could agree on the Jazz Festival! [end]\n\n[sentiment] Agreement on Action [end]\n\n[response] How about meeting at 6 pm on Saturday? Does that work for you? [end]"}}, {"from": "GM", "to": "GM", "timestamp": "2024-09-12T18:10:55.921051", "action": {"type": "parse", "content": "[reason] I'm so glad we could agree on the Jazz Festival! [end]\n\n[sentiment] Agreement on Action [end]\n\n[response] How about meeting at 6 pm on Saturday? Does that work for you? [end] conforms to rules"}}, {"from": "GM", "to": "GM", "timestamp": "2024-09-12T18:10:55.921089", "action": {"type": "mismatch location agreement", "content": "no location agreement, mismatched sentiment"}}], [{"from": "GM", "to": "Player 2", "timestamp": "2024-09-12T18:10:55.921128", "action": {"type": "send message", "content": "Taylor Jordan 's Message:  How about meeting at 6 pm on Saturday? Does that work for you? [end]\n"}}, {"from": "Player 2", "to": "GM", "timestamp": "2024-09-12T18:11:03.539046", "action": {"type": "get message", "content": "[reason] I think that would be great! I'm free on Saturdays so that works perfectly for me. [end]\n\n[sentiment] Agreement on Time [end]\n\n[response] That's perfect, Taylor! Looking forward to our date at the Jazz Festival this Saturday. [end]"}}, {"from": "GM", "to": "GM", "timestamp": "2024-09-12T18:11:03.539609", "action": {"type": "parse", "content": "[reason] I think that would be great! I'm free on Saturdays so that works perfectly for me. [end]\n\n[sentiment] Agreement on Time [end]\n\n[response] That's perfect, Taylor! Looking forward to our date at the Jazz Festival this Saturday. [end] conforms to rules"}}, {"from": "GM", "to": "GM", "timestamp": "2024-09-12T18:11:03.539700", "action": {"type": "mismatch action agreement", "content": "no action agreement, mismatched sentiment"}}], [{"from": "GM", "to": "Player 1", "timestamp": "2024-09-12T18:11:03.539861", "action": {"type": "send message", "content": "Emily Chen 's Message:  That's perfect, Taylor! Looking forward to our date at the Jazz Festival this Saturday. [end]\n"}}, {"from": "Player 1", "to": "GM", "timestamp": "2024-09-12T18:11:10.304249", "action": {"type": "get message", "content": "[reason] I'm so glad we could agree on the Jazz Festival and time! [end]\n\n[sentiment] Agreement on Time [end]\n\n[response] Awesome Emily! The Jazz Festival will be a blast. See you there! [end]"}}, {"from": "GM", "to": "GM", "timestamp": "2024-09-12T18:11:10.304787", "action": {"type": "parse", "content": "[reason] I'm so glad we could agree on the Jazz Festival and time! [end]\n\n[sentiment] Agreement on Time [end]\n\n[response] Awesome Emily! The Jazz Festival will be a blast. See you there! [end] conforms to rules"}}, {"from": "GM", "to": "GM", "timestamp": "2024-09-12T18:11:10.304934", "action": {"type": "time agreement", "content": "agreement on time successful"}}], [{"from": "GM", "to": "Player 2", "timestamp": "2024-09-12T18:11:10.305169", "action": {"type": "send message", "content": "Taylor Jordan 's Message:  Awesome Emily! The Jazz Festival will be a blast. See you there! [end]\n"}}, {"from": "Player 2", "to": "GM", "timestamp": "2024-09-12T18:11:17.828456", "action": {"type": "get message", "content": "[reason] I'm so excited for our first date, Taylor! Thanks for suggesting the Jazz Festival. [end]\n\n[sentiment] Overall Agreement [end]\n\n[response] Me too, Emily! It's going to be an amazing time. See you at the festival on Saturday! [end]"}}, {"from": "GM", "to": "GM", "timestamp": "2024-09-12T18:11:17.828746", "action": {"type": "parse", "content": "[reason] I'm so excited for our first date, Taylor! Thanks for suggesting the Jazz Festival. [end]\n\n[sentiment] Overall Agreement [end]\n\n[response] Me too, Emily! It's going to be an amazing time. See you at the festival on Saturday! [end] conforms to rules"}}, {"from": "GM", "to": "GM", "timestamp": "2024-09-12T18:11:17.828816", "action": {"type": "mismatch time agreement", "content": "no time agreement, mismatched sentiment"}}], [{"from": "GM", "to": "Player 1", "timestamp": "2024-09-12T18:11:17.828933", "action": {"type": "send message", "content": "Emily Chen 's Message:  Me too, Emily! It's going to be an amazing time. See you at the festival on Saturday! [end]\n"}}, {"from": "Player 1", "to": "GM", "timestamp": "2024-09-12T18:11:25.119447", "action": {"type": "get message", "content": "[reason] I'm really looking forward to our first date and meeting you in person! [end]\n\n[sentiment] Overall Agreement [end]\n\n[response] That's great Emily! I can't wait to see you there and share a fantastic time together. [end]"}}, {"from": "GM", "to": "GM", "timestamp": "2024-09-12T18:11:25.119737", "action": {"type": "parse", "content": "[reason] I'm really looking forward to our first date and meeting you in person! [end]\n\n[sentiment] Overall Agreement [end]\n\n[response] That's great Emily! I can't wait to see you there and share a fantastic time together. [end] conforms to rules"}}, {"from": "GM", "to": "GM", "timestamp": "2024-09-12T18:11:25.119807", "action": {"type": "overall agreement", "content": "game successful"}}]], "max_turns": 15, "completed_turns": 11, "time_agreement": true, "location_agreement": false, "action_agreement": true}