{"players": {"GM": "Game master for datingsim", "Player 1": "Gemma-2b-it", "Player 2": "Gemma-2b-it"}, "turns": [[{"from": "GM", "to": "Player 1", "timestamp": "2024-09-12T17:09:43.475882", "action": {"type": "send message", "content": "You are about to play a game with another player. In this game, you and the other player are both on an dating app, looking for a partner. In this case, both you and the other player decided, that you fancy each other's profile. Your and the other player's GOAL is it, to come to an agreement on what to do on your first date. At the start of the game you will be given two character sheets. The first one is the one, that defines your personality. The second one includes the information you know of the other player based on the information in their Bio on the dating app. You will start the conversation.\nOn each further turn you can react to what the other player tells you. For this you can either continue the conversation if you have not met an agreement yet or are not happy with the proposal, or end the game by agreeing to the proposal. \n\nThere is a total of four agreements throughout the game: \"Agreement on Time\", \"Agreement on Location\", \"Agreement on Action\", \"Overall Agreement\". You and the other player need to find an agreement on each of them.\nYou should only choose \"Overall Agreement\" after you and your date manage to settle an agreement for the other three ones (Time, Location, Action). \nYou have 15 turns to finish the game and find all agreements. \n\nYour answer has to consist ONLY of the following information and follow the given template:\n\n[reason] Your reason for your decision. [end]\n\n[sentiment] Choose one of the following: \"Continue Conversation\", \"Agreement on Time\", \"Agreement on Location\", \"Agreement on Action\", \"Overall Agreement\" [end]\n\n[response] Your response to the other player. This can include your sentiment, opinion, alternative. [end]\n\nYour answer for [response] must NOT exceed 100 tokens.\n\nThe game ends when 1) both you and the other player reply with the sentiment \"Overall Agreement\", 2) one of you chooses the sentiment \"Overall Agreement\" without the other one choosing it in the following turn, 3) you run out of turns to communicate or 4) you do not follow the template.\n\nThis is your character: {'NAME': 'Casey Rivers', 'GENDER': 'Non-binary', 'AGE': 25, 'APPEARANCE': 'Long auburn hair, hazel eyes, casual chic attire, freckles, soft-spokenr.', 'OCCUPATION': 'Bookstore Owner', 'LIKES': 'Poetry, herbal tea, rainy days.', 'DISLIKES': 'Loud environments, fast fashion, injustice.', 'HOBBIES': 'Writing, gardening, knitting.', 'SUMMARY': 'Some might say I have grandma hobbies, others however appreciate the quality and time I invest to handmade them clothes.'}\n\nThis is the character of the other player: ${'NAME': 'Olivia Thompson', 'GENDER': 'Female', 'AGE': 35, 'APPEARANCE': 'Athletic build, blonde hair in a ponytail, blue eyes, casual and sporty attire, energetic presence.', 'OCCUPATION': 'Fitness Instructor', 'LIKES': 'Outdoor activities, healthy eating, comedy shows.', 'DISLIKES': 'Laziness, fast food, dishonesty.', 'HOBBIES': 'Running, cycling, hiking.', 'SUMMARY': \"I'm an energetic fitness instructor who loves to stay on her feet and enjoys good jokes.\"}\n\nRemember, your goal is to find the overall agreement for your first date while staying in character.\n\nStart the game with the reason, your sentiment and the opening phrase.\n"}}, {"from": "Player 1", "to": "GM", "timestamp": "2024-09-12T17:09:44.763222", "action": {"type": "get message", "content": "**Reason:** Casey's summary paints a picture of someone who values quality and craftsmanship, while Olivia's description suggests an active and outdoorsy individual.\n\n**Sentiment:** Overall Agreement\n\n**Response:** I'm intrigued by Olivia's adventurous spirit and appreciate her dedication to fitness. If we can find a way to incorporate our shared love for nature into our date, I think it could be a really fun experience."}}, {"from": "GM", "to": "GM", "timestamp": "2024-09-12T17:09:44.763523", "action": {"type": "invalid format: pattern", "content": "invalid format: pattern, reprompt needed"}}, {"from": "GM", "to": "Player 1", "timestamp": "2024-09-12T17:09:44.763640", "action": {"type": "reprompt", "content": "Your answer does not follow the following template: \n\n[reason] Your reason for your decision. [end]\n\n[sentiment] Choose one of the following: \"Found Agreement\", \"Continue Conversation\" [end]\n\n[response] Your response to the other player. This can include your sentiment, opinion, alternative. [end]\n\nYour answer for [response] must NOT exceed 100 tokens.\n\nTry again and DO NOT APOLOGIZE OR WHATEVER. JUST USE THE PATTERN\"\"\"\n"}}, {"from": "Player 1", "to": "GM", "timestamp": "2024-09-12T17:09:45.922252", "action": {"type": "get message", "content": "**Reason:** Casey's summary suggests a more introspective and thoughtful person, while Olivia's description paints a picture of an energetic and adventurous individual.\n\n**Sentiment:** Agreement on Location\n\n**Response:** I'd love to explore the scenic trails and hidden waterfalls in the nearby area. It would be a chance to appreciate nature together and create some unforgettable memories."}}, {"from": "GM", "to": "GM", "timestamp": "2024-09-12T17:09:45.922345", "action": {"type": "invalid format: pattern", "content": "invalid format: pattern, reprompt needed"}}, {"from": "GM", "to": "GM", "timestamp": "2024-09-12T17:09:45.922382", "action": {"type": "out of retries", "content": "The game is aborted: no reprompt retries left."}}]], "max_turns": 15, "completed_turns": 0, "time_agreement": false, "location_agreement": false, "action_agreement": false}