{"players": {"GM": "Game master for datingsim", "Player 1": "Mixtral-8x22B-Instruct-v0.1", "Player 2": "Mixtral-8x22B-Instruct-v0.1"}, "turns": [[{"from": "GM", "to": "Player 1", "timestamp": "2024-09-12T14:55:32.590946", "action": {"type": "send message", "content": "You are about to play a game with another player. In this game, you and the other player are both on an dating app, looking for a partner. In this case, both you and the other player decided, that you fancy each other's profile. Your and the other player's GOAL is it, to come to an agreement on what to do on your first date. At the start of the game you will be given two character sheets. The first one is the one, that defines your personality. The second one includes the information you know of the other player based on the information in their Bio on the dating app. You will start the conversation.\nOn each further turn you can react to what the other player tells you. For this you can either continue the conversation if you have not met an agreement yet or are not happy with the proposal, or end the game by agreeing to the proposal. \n\nThere is a total of four agreements throughout the game: \"Agreement on Time\", \"Agreement on Location\", \"Agreement on Action\", \"Overall Agreement\". You and the other player need to find an agreement on each of them.\nYou should only choose \"Overall Agreement\" after you and your date manage to settle an agreement for the other three ones (Time, Location, Action). \nYou have 15 turns to finish the game and find all agreements. \n\nYour answer has to consist ONLY of the following information and follow the given template:\n\n[reason] Your reason for your decision. [end]\n\n[sentiment] Choose one of the following: \"Continue Conversation\", \"Agreement on Time\", \"Agreement on Location\", \"Agreement on Action\", \"Overall Agreement\" [end]\n\n[response] Your response to the other player. This can include your sentiment, opinion, alternative. [end]\n\nYour answer for [response] must NOT exceed 100 tokens.\n\nThe game ends when 1) both you and the other player reply with the sentiment \"Overall Agreement\", 2) one of you chooses the sentiment \"Overall Agreement\" without the other one choosing it in the following turn, 3) you run out of turns to communicate or 4) you do not follow the template.\n\nThis is your character: {'NAME': 'Taylor Jordan', 'GENDER': 'Non-binary', 'AGE': 29, 'APPEARANCE': 'Curly brown hair, warm brown eyes, eclectic fashion, colorful accessories, enthusiastic.', 'OCCUPATION': 'Event Planner', 'LIKES': 'Festivals, fashion, spicy cuisine.', 'DISLIKES': 'Monotony, pessimism, early mornings.', 'HOBBIES': 'Dancing, crafting, exploring new restaurants.', 'SUMMARY': 'Nothing describes me better than this: Party Owl through and through!'}\n\nThis is the character of the other player: ${'NAME': 'Jamie Park', 'SUMMARY': 'A passionate tattoo artist is who I am with which I try to tell stories and express individuality.'}\n\nRemember, your goal is to find the overall agreement for your first date while staying in character.\n\nStart the game with the reason, your sentiment and the opening phrase.\n"}}, {"from": "Player 1", "to": "GM", "timestamp": "2024-09-12T14:55:34.025570", "action": {"type": "get message", "content": "[reason] I'm excited to meet someone who shares my love for creativity and individuality. [end]\n\n[sentiment] Continue Conversation [end]\n\n[response] Hi Jamie, I'm Taylor Jordan. I love your passion for storytelling through tattoos! I think it's amazing how you help people express their individuality. I'm an event planner and a party owl, always looking for new experiences. Let's plan our first date! What time works best for you? [end]"}}, {"from": "GM", "to": "GM", "timestamp": "2024-09-12T14:55:34.025570", "action": {"type": "parse", "content": "[reason] I'm excited to meet someone who shares my love for creativity and individuality. [end]\n\n[sentiment] Continue Conversation [end]\n\n[response] Hi Jamie, I'm Taylor Jordan. I love your passion for storytelling through tattoos! I think it's amazing how you help people express their individuality. I'm an event planner and a party owl, always looking for new experiences. Let's plan our first date! What time works best for you? [end] conforms to rules"}}], [{"from": "GM", "to": "Player 2", "timestamp": "2024-09-12T14:55:34.025570", "action": {"type": "send message", "content": "You are about to play a game with another player. In this game, you and the other player are both on an dating app, looking for a partner. In this case, both you and the other player decided, that you fancy each other's profile. Your and the other player's GOAL is it, to come to an agreement on what to do on your first date. At the start of the game you will be given two character sheets. The first one is the one, that defines your personality. The second one includes the information you know of the other player based on the information in their Bio on the dating app. You will be approached by the other player.\nOn each further turn you can react to what the other player tells you. For this you can either continue the conversation if you have not met an agreement yet or are not happy with the proposal, or end the game by agreeing to the proposal. \n\nThere is a total of four agreements throughout the game: \"Agreement on Time\", \"Agreement on Location\", \"Agreement on Action\", \"Overall Agreement\". You and the other player need to find an agreement on each of them.\nYou should only choose \"Overall Agreement\" after you and your date manage to settle an agreement for the other three ones (Time, Location, Action). \nYou have 15 turns to finish the game and find all agreements. \n\nYour answer has to consist ONLY of the following information and follow the given template:\n\n[reason] Your reason for your decision. [end]\n\n[sentiment] Choose one of the following: \"Continue Conversation\", \"Agreement on Time\", \"Agreement on Location\", \"Agreement on Action\", \"Overall Agreement\" [end]\n\n[response] Your response to the other player. This can include your sentiment, opinion, alternative. [end]\n\nYour answer for [response] must NOT exceed 100 tokens.\n\nThe game ends when 1) both you and the other player reply with the sentiment \"Overall Agreement\", 2) one of you chooses the sentiment \"Overall Agreement\" without the other one choosing it in the following turn, 3) you run out of turns to communicate or 4) you do not follow the template.\n\nThis is your character: {'NAME': 'Jamie Park', 'GENDER': 'Non-binary', 'AGE': 21, 'APPEARANCE': 'Vibrant dyed hair (changes color often), bright and expressive eyes, wears bold and trendy clothing that reflects their artistic personality.', 'OCCUPATION': 'Tattoo Artist', 'LIKES': 'Creating meaningful and personalized tattoos, expressing their artistic vision, connecting with people through their work.', 'DISLIKES': 'Conformity, negativity, limitations on creativity.', 'HOBBIES': 'Painting, attending art festivals, experimenting with different artistic mediums.', 'SUMMARY': 'A passionate tattoo artist is who I am with which I try to tell stories and express individuality.'}\n\nThis is the character of the other player: ${'NAME': 'Taylor Jordan', 'SUMMARY': 'Nothing describes me better than this: Party Owl through and through!'}\n\nRemember, your goal is to find the overall agreement for your first date while staying in character.\n\nContinue the game with the reason, your sentiment and an answer phrase to the first message of the other player:\n\nMessage:  Hi Jamie, I'm Taylor Jordan. I love your passion for storytelling through tattoos! I think it's amazing how you help people express their individuality. I'm an event planner and a party owl, always looking for new experiences. Let's plan our first date! What time works best for you? [end]\n"}}, {"from": "Player 2", "to": "GM", "timestamp": "2024-09-12T14:55:35.648183", "action": {"type": "get message", "content": "[reason] Taylor seems enthusiastic and open to new experiences, which aligns with my love for creativity and individuality. They've also shown interest in planning our first date. [end]\n\n[sentiment] Continue Conversation [end]\n\n[response] Hi Taylor, it's great to meet someone who appreciates the art of storytelling through tattoos! I'm excited to plan our first date. How about we meet in the evening, say around 7 PM? [end]"}}, {"from": "GM", "to": "GM", "timestamp": "2024-09-12T14:55:35.648183", "action": {"type": "parse", "content": "[reason] Taylor seems enthusiastic and open to new experiences, which aligns with my love for creativity and individuality. They've also shown interest in planning our first date. [end]\n\n[sentiment] Continue Conversation [end]\n\n[response] Hi Taylor, it's great to meet someone who appreciates the art of storytelling through tattoos! I'm excited to plan our first date. How about we meet in the evening, say around 7 PM? [end] conforms to rules"}}], [{"from": "GM", "to": "Player 1", "timestamp": "2024-09-12T14:55:35.648183", "action": {"type": "send message", "content": "Jamie Park 's Message:  Hi Taylor, it's great to meet someone who appreciates the art of storytelling through tattoos! I'm excited to plan our first date. How about we meet in the evening, say around 7 PM? [end]\n"}}, {"from": "Player 1", "to": "GM", "timestamp": "2024-09-12T14:55:37.377009", "action": {"type": "get message", "content": "[reason] I'm glad Jamie suggested an evening time, as I'm not a fan of early mornings. [end]\n\n[sentiment] Agreement on Time [end]\n\n[response] 7 PM sounds perfect, Jamie! I'm not a morning person either, so I appreciate the evening time. Now, let's decide on a location. How about we meet at a cozy restaurant with a vibrant atmosphere? [end]"}}, {"from": "GM", "to": "GM", "timestamp": "2024-09-12T14:55:37.377009", "action": {"type": "parse", "content": "[reason] I'm glad Jamie suggested an evening time, as I'm not a fan of early mornings. [end]\n\n[sentiment] Agreement on Time [end]\n\n[response] 7 PM sounds perfect, Jamie! I'm not a morning person either, so I appreciate the evening time. Now, let's decide on a location. How about we meet at a cozy restaurant with a vibrant atmosphere? [end] conforms to rules"}}], [{"from": "GM", "to": "Player 2", "timestamp": "2024-09-12T14:55:37.377009", "action": {"type": "send message", "content": "Taylor Jordan 's Message:  7 PM sounds perfect, Jamie! I'm not a morning person either, so I appreciate the evening time. Now, let's decide on a location. How about we meet at a cozy restaurant with a vibrant atmosphere? [end]\n"}}, {"from": "Player 2", "to": "GM", "timestamp": "2024-09-12T14:55:38.811346", "action": {"type": "get message", "content": "[reason] Taylor has agreed to the time, and their suggestion for a cozy restaurant with a vibrant atmosphere aligns with my preference for creative and expressive environments. [end]\n\n[sentiment] Continue Conversation [end]\n\n[response] I'm glad you agree, Taylor! A cozy restaurant with a vibrant atmosphere sounds like a fantastic idea. How about we try \"The Artful Palate\"? It's known for its unique decor and delicious food. [end]"}}, {"from": "GM", "to": "GM", "timestamp": "2024-09-12T14:55:38.812325", "action": {"type": "parse", "content": "[reason] Taylor has agreed to the time, and their suggestion for a cozy restaurant with a vibrant atmosphere aligns with my preference for creative and expressive environments. [end]\n\n[sentiment] Continue Conversation [end]\n\n[response] I'm glad you agree, Taylor! A cozy restaurant with a vibrant atmosphere sounds like a fantastic idea. How about we try \"The Artful Palate\"? It's known for its unique decor and delicious food. [end] conforms to rules"}}, {"from": "GM", "to": "GM", "timestamp": "2024-09-12T14:55:38.812325", "action": {"type": "mismatch time agreement", "content": "no time agreement, mismatched sentiment"}}], [{"from": "GM", "to": "Player 1", "timestamp": "2024-09-12T14:55:38.812325", "action": {"type": "send message", "content": "Jamie Park 's Message:  I'm glad you agree, Taylor! A cozy restaurant with a vibrant atmosphere sounds like a fantastic idea. How about we try \"The Artful Palate\"? It's known for its unique decor and delicious food. [end]\n"}}, {"from": "Player 1", "to": "GM", "timestamp": "2024-09-12T14:55:40.387629", "action": {"type": "get message", "content": "[reason] I'm thrilled that Jamie suggested \"The Artful Palate\" as it aligns with my love for creativity and good food. [end]\n\n[sentiment] Agreement on Location [end]\n\n[response] \"The Artful Palate\" sounds like a wonderful choice, Jamie! I've heard great things about their food and atmosphere. Now, let's decide on an activity. How about we try their spicy dishes and share our favorite festival experiences? [end]"}}, {"from": "GM", "to": "GM", "timestamp": "2024-09-12T14:55:40.387629", "action": {"type": "parse", "content": "[reason] I'm thrilled that Jamie suggested \"The Artful Palate\" as it aligns with my love for creativity and good food. [end]\n\n[sentiment] Agreement on Location [end]\n\n[response] \"The Artful Palate\" sounds like a wonderful choice, Jamie! I've heard great things about their food and atmosphere. Now, let's decide on an activity. How about we try their spicy dishes and share our favorite festival experiences? [end] conforms to rules"}}], [{"from": "GM", "to": "Player 2", "timestamp": "2024-09-12T14:55:40.388629", "action": {"type": "send message", "content": "Taylor Jordan 's Message:  \"The Artful Palate\" sounds like a wonderful choice, Jamie! I've heard great things about their food and atmosphere. Now, let's decide on an activity. How about we try their spicy dishes and share our favorite festival experiences? [end]\n"}}, {"from": "Player 2", "to": "GM", "timestamp": "2024-09-12T14:55:41.824052", "action": {"type": "get message", "content": "[reason] Taylor has agreed to the location, and their suggestion for an activity involving sharing our favorite festival experiences aligns with my love for connecting with people through shared experiences. [end]\n\n[sentiment] Continue Conversation [end]\n\n[response] I'm thrilled you're on board with \"The Artful Palate\", Taylor! Sharing our favorite festival experiences over spicy dishes sounds like a fantastic idea. I can't wait to hear about your most memorable moments! [end]"}}, {"from": "GM", "to": "GM", "timestamp": "2024-09-12T14:55:41.824052", "action": {"type": "parse", "content": "[reason] Taylor has agreed to the location, and their suggestion for an activity involving sharing our favorite festival experiences aligns with my love for connecting with people through shared experiences. [end]\n\n[sentiment] Continue Conversation [end]\n\n[response] I'm thrilled you're on board with \"The Artful Palate\", Taylor! Sharing our favorite festival experiences over spicy dishes sounds like a fantastic idea. I can't wait to hear about your most memorable moments! [end] conforms to rules"}}, {"from": "GM", "to": "GM", "timestamp": "2024-09-12T14:55:41.824052", "action": {"type": "mismatch location agreement", "content": "no location agreement, mismatched sentiment"}}], [{"from": "GM", "to": "Player 1", "timestamp": "2024-09-12T14:55:41.824052", "action": {"type": "send message", "content": "Jamie Park 's Message:  I'm thrilled you're on board with \"The Artful Palate\", Taylor! Sharing our favorite festival experiences over spicy dishes sounds like a fantastic idea. I can't wait to hear about your most memorable moments! [end]\n"}}, {"from": "Player 1", "to": "GM", "timestamp": "2024-09-12T14:55:43.348500", "action": {"type": "get message", "content": "[reason] I'm happy that Jamie is excited about our activity idea, as it combines our shared interests in festivals and spicy cuisine. [end]\n\n[sentiment] Agreement on Action [end]\n\n[response] I'm really looking forward to our first date, Jamie! Sharing our favorite festival experiences over spicy dishes at \"The Artful Palate\" sounds like the perfect plan. Let's make this an unforgettable evening! [end]"}}, {"from": "GM", "to": "GM", "timestamp": "2024-09-12T14:55:43.348500", "action": {"type": "parse", "content": "[reason] I'm happy that Jamie is excited about our activity idea, as it combines our shared interests in festivals and spicy cuisine. [end]\n\n[sentiment] Agreement on Action [end]\n\n[response] I'm really looking forward to our first date, Jamie! Sharing our favorite festival experiences over spicy dishes at \"The Artful Palate\" sounds like the perfect plan. Let's make this an unforgettable evening! [end] conforms to rules"}}], [{"from": "GM", "to": "Player 2", "timestamp": "2024-09-12T14:55:43.349501", "action": {"type": "send message", "content": "Taylor Jordan 's Message:  I'm really looking forward to our first date, Jamie! Sharing our favorite festival experiences over spicy dishes at \"The Artful Palate\" sounds like the perfect plan. Let's make this an unforgettable evening! [end]\n"}}, {"from": "Player 2", "to": "GM", "timestamp": "2024-09-12T14:55:44.670507", "action": {"type": "get message", "content": "[reason] Taylor has agreed to the activity, and their enthusiasm for our first date aligns with my desire to create a memorable and enjoyable experience. [end]\n\n[sentiment] Overall Agreement [end]\n\n[response] I'm absolutely thrilled about our first date, Taylor! Sharing our favorite festival experiences over spicy dishes at \"The Artful Palate\" will surely make for an unforgettable evening. Let's make this happen! [end]"}}, {"from": "GM", "to": "GM", "timestamp": "2024-09-12T14:55:44.670507", "action": {"type": "parse", "content": "[reason] Taylor has agreed to the activity, and their enthusiasm for our first date aligns with my desire to create a memorable and enjoyable experience. [end]\n\n[sentiment] Overall Agreement [end]\n\n[response] I'm absolutely thrilled about our first date, Taylor! Sharing our favorite festival experiences over spicy dishes at \"The Artful Palate\" will surely make for an unforgettable evening. Let's make this happen! [end] conforms to rules"}}, {"from": "GM", "to": "GM", "timestamp": "2024-09-12T14:55:44.670507", "action": {"type": "mismatch action agreement", "content": "no action agreement, mismatched sentiment"}}], [{"from": "GM", "to": "Player 1", "timestamp": "2024-09-12T14:55:44.671402", "action": {"type": "send message", "content": "Jamie Park 's Message:  I'm absolutely thrilled about our first date, Taylor! Sharing our favorite festival experiences over spicy dishes at \"The Artful Palate\" will surely make for an unforgettable evening. Let's make this happen! [end]\n"}}, {"from": "Player 1", "to": "GM", "timestamp": "2024-09-12T14:55:46.221602", "action": {"type": "get message", "content": "[reason] I'm overjoyed that Jamie and I have reached an overall agreement on our first date. [end]\n\n[sentiment] Overall Agreement [end]\n\n[response] I couldn't agree more, Jamie! I'm really looking forward to our first date at \"The Artful Palate\". Let's make this an unforgettable evening filled with great food, shared experiences, and new memories! [end]"}}, {"from": "GM", "to": "GM", "timestamp": "2024-09-12T14:55:46.221602", "action": {"type": "parse", "content": "[reason] I'm overjoyed that Jamie and I have reached an overall agreement on our first date. [end]\n\n[sentiment] Overall Agreement [end]\n\n[response] I couldn't agree more, Jamie! I'm really looking forward to our first date at \"The Artful Palate\". Let's make this an unforgettable evening filled with great food, shared experiences, and new memories! [end] conforms to rules"}}, {"from": "GM", "to": "GM", "timestamp": "2024-09-12T14:55:46.221602", "action": {"type": "overall agreement", "content": "game successful"}}]], "max_turns": 15, "completed_turns": 9, "time_agreement": false, "location_agreement": false, "action_agreement": false}