{"players": {"GM": "Game master for datingsim", "Player 1": "openchat-3.6-8b", "Player 2": "openchat-3.6-8b"}, "turns": [[{"from": "GM", "to": "Player 1", "timestamp": "2024-09-12T18:14:28.042874", "action": {"type": "send message", "content": "You are about to play a game with another player. In this game, you and the other player are both on an dating app, looking for a partner. In this case, both you and the other player decided, that you fancy each other's profile. Your and the other player's GOAL is it, to come to an agreement on what to do on your first date. At the start of the game you will be given two character sheets. The first one is the one, that defines your personality. The second one includes the information you know of the other player based on the information in their Bio on the dating app. You will start the conversation.\nOn each further turn you can react to what the other player tells you. For this you can either continue the conversation if you have not met an agreement yet or are not happy with the proposal, or end the game by agreeing to the proposal. \n\nThere is a total of four agreements throughout the game: \"Agreement on Time\", \"Agreement on Location\", \"Agreement on Action\", \"Overall Agreement\". You and the other player need to find an agreement on each of them.\nYou should only choose \"Overall Agreement\" after you and your date manage to settle an agreement for the other three ones (Time, Location, Action). \nYou have 15 turns to finish the game and find all agreements. \n\nYour answer has to consist ONLY of the following information and follow the given template:\n\n[reason] Your reason for your decision. [end]\n\n[sentiment] Choose one of the following: \"Continue Conversation\", \"Agreement on Time\", \"Agreement on Location\", \"Agreement on Action\", \"Overall Agreement\" [end]\n\n[response] Your response to the other player. This can include your sentiment, opinion, alternative. [end]\n\nYour answer for [response] must NOT exceed 100 tokens.\n\nThe game ends when 1) both you and the other player reply with the sentiment \"Overall Agreement\", 2) one of you chooses the sentiment \"Overall Agreement\" without the other one choosing it in the following turn, 3) you run out of turns to communicate or 4) you do not follow the template.\n\nThis is your character: {'NAME': 'Alex Morgan', 'GENDER': 'Non-binary', 'AGE': 30, 'APPEARANCE': 'Short dyed blue hair, green eyes, androgynous fashion, piercings, confident demeanor.', 'OCCUPATION': 'Tattoo Artist', 'LIKES': 'Street art, alternative music, vegan food.', 'DISLIKES': 'Stereotypes, conformity, pollution.', 'HOBBIES': 'Skateboarding, drawing, attending music festivals.', 'SUMMARY': \"I'd describe myself as a punk, trying to express myself with various types of art.\"}\n\nThis is the character of the other player: ${'NAME': 'Mia Patel', 'SUMMARY': 'I like to travel a lot and keep my precious memories saved with pictures!'}\n\nRemember, your goal is to find the overall agreement for your first date while staying in character.\n\nStart the game with the reason, your sentiment and the opening phrase.\n"}}, {"from": "Player 1", "to": "GM", "timestamp": "2024-09-12T18:14:34.322713", "action": {"type": "get message", "content": "[reason] I'm really excited about getting to know you better! [end]\n\n[sentiment] Continue Conversation [end]\n\n[response] Hey Mia, that's great to hear! I'd love to learn more about your travels. How about we grab some vegan food together? I know a cool spot nearby where we can sit and chat for hours. What do you think? [end]"}}, {"from": "GM", "to": "GM", "timestamp": "2024-09-12T18:14:34.322997", "action": {"type": "parse", "content": "[reason] I'm really excited about getting to know you better! [end]\n\n[sentiment] Continue Conversation [end]\n\n[response] Hey Mia, that's great to hear! I'd love to learn more about your travels. How about we grab some vegan food together? I know a cool spot nearby where we can sit and chat for hours. What do you think? [end] conforms to rules"}}], [{"from": "GM", "to": "Player 2", "timestamp": "2024-09-12T18:14:34.323083", "action": {"type": "send message", "content": "You are about to play a game with another player. In this game, you and the other player are both on an dating app, looking for a partner. In this case, both you and the other player decided, that you fancy each other's profile. Your and the other player's GOAL is it, to come to an agreement on what to do on your first date. At the start of the game you will be given two character sheets. The first one is the one, that defines your personality. The second one includes the information you know of the other player based on the information in their Bio on the dating app. You will be approached by the other player.\nOn each further turn you can react to what the other player tells you. For this you can either continue the conversation if you have not met an agreement yet or are not happy with the proposal, or end the game by agreeing to the proposal. \n\nThere is a total of four agreements throughout the game: \"Agreement on Time\", \"Agreement on Location\", \"Agreement on Action\", \"Overall Agreement\". You and the other player need to find an agreement on each of them.\nYou should only choose \"Overall Agreement\" after you and your date manage to settle an agreement for the other three ones (Time, Location, Action). \nYou have 15 turns to finish the game and find all agreements. \n\nYour answer has to consist ONLY of the following information and follow the given template:\n\n[reason] Your reason for your decision. [end]\n\n[sentiment] Choose one of the following: \"Continue Conversation\", \"Agreement on Time\", \"Agreement on Location\", \"Agreement on Action\", \"Overall Agreement\" [end]\n\n[response] Your response to the other player. This can include your sentiment, opinion, alternative. [end]\n\nYour answer for [response] must NOT exceed 100 tokens.\n\nThe game ends when 1) both you and the other player reply with the sentiment \"Overall Agreement\", 2) one of you chooses the sentiment \"Overall Agreement\" without the other one choosing it in the following turn, 3) you run out of turns to communicate or 4) you do not follow the template.\n\nThis is your character: {'NAME': 'Mia Patel', 'GENDER': 'Female', 'AGE': 29, 'APPEARANCE': 'Long wavy black hair, dark brown eyes, olive skin, trendy and bohemian style, infectious laughter.', 'OCCUPATION': 'Travel Blogger', 'LIKES': 'Adventure, photography, cultural experiences.', 'DISLIKES': 'Routine, negativity, bad weather.', 'HOBBIES': 'Traveling, writing, learning new languages.', 'SUMMARY': 'I like to travel a lot and keep my precious memories saved with pictures!'}\n\nThis is the character of the other player: ${'NAME': 'Alex Morgan', 'SUMMARY': \"I'd describe myself as a punk, trying to express myself with various types of art.\"}\n\nRemember, your goal is to find the overall agreement for your first date while staying in character.\n\nContinue the game with the reason, your sentiment and an answer phrase to the first message of the other player:\n\nMessage:  Hey Mia, that's great to hear! I'd love to learn more about your travels. How about we grab some vegan food together? I know a cool spot nearby where we can sit and chat for hours. What do you think? [end]\n"}}, {"from": "Player 2", "to": "GM", "timestamp": "2024-09-12T18:14:40.488186", "action": {"type": "get message", "content": "[reason] Your reason for your decision. I'm always up for trying new things, especially when it comes to food! [end]\n\n[sentiment] Agreement on Location [end]\n\n[response] That sounds great! I love vegan food and I'm sure we'll have a lot to talk about. Let's do it! [end]"}}, {"from": "GM", "to": "GM", "timestamp": "2024-09-12T18:14:40.488426", "action": {"type": "parse", "content": "[reason] Your reason for your decision. I'm always up for trying new things, especially when it comes to food! [end]\n\n[sentiment] Agreement on Location [end]\n\n[response] That sounds great! I love vegan food and I'm sure we'll have a lot to talk about. Let's do it! [end] conforms to rules"}}], [{"from": "GM", "to": "Player 1", "timestamp": "2024-09-12T18:14:40.488507", "action": {"type": "send message", "content": "Mia Patel 's Message:  That sounds great! I love vegan food and I'm sure we'll have a lot to talk about. Let's do it! [end]\n"}}, {"from": "Player 1", "to": "GM", "timestamp": "2024-09-12T18:14:47.090703", "action": {"type": "get message", "content": "[reason] Awesome, I'm glad you're up for it! [end]\n\n[sentiment] Agreement on Action [end]\n\n[response] Great! So we've agreed on the action - eating vegan food together. Now let's move on to the time and location. What time do you think would be best for you? [end]"}}, {"from": "GM", "to": "GM", "timestamp": "2024-09-12T18:14:47.090949", "action": {"type": "parse", "content": "[reason] Awesome, I'm glad you're up for it! [end]\n\n[sentiment] Agreement on Action [end]\n\n[response] Great! So we've agreed on the action - eating vegan food together. Now let's move on to the time and location. What time do you think would be best for you? [end] conforms to rules"}}, {"from": "GM", "to": "GM", "timestamp": "2024-09-12T18:14:47.091019", "action": {"type": "mismatch location agreement", "content": "no location agreement, mismatched sentiment"}}], [{"from": "GM", "to": "Player 2", "timestamp": "2024-09-12T18:14:47.091219", "action": {"type": "send message", "content": "Alex Morgan 's Message:  Great! So we've agreed on the action - eating vegan food together. Now let's move on to the time and location. What time do you think would be best for you? [end]\n"}}, {"from": "Player 2", "to": "GM", "timestamp": "2024-09-12T18:14:53.850700", "action": {"type": "get message", "content": "[reason] Your reason for your decision. I'm free this weekend, so any day from Friday to Sunday would work for me! [end]\n\n[sentiment] Agreement on Time [end]\n\n[response] That works perfectly for me too! How about Saturday at 6pm? Does that suit you? [end]"}}, {"from": "GM", "to": "GM", "timestamp": "2024-09-12T18:14:53.851015", "action": {"type": "parse", "content": "[reason] Your reason for your decision. I'm free this weekend, so any day from Friday to Sunday would work for me! [end]\n\n[sentiment] Agreement on Time [end]\n\n[response] That works perfectly for me too! How about Saturday at 6pm? Does that suit you? [end] conforms to rules"}}, {"from": "GM", "to": "GM", "timestamp": "2024-09-12T18:14:53.851091", "action": {"type": "mismatch action agreement", "content": "no action agreement, mismatched sentiment"}}], [{"from": "GM", "to": "Player 1", "timestamp": "2024-09-12T18:14:53.851207", "action": {"type": "send message", "content": "Mia Patel 's Message:  That works perfectly for me too! How about Saturday at 6pm? Does that suit you? [end]\n"}}, {"from": "Player 1", "to": "GM", "timestamp": "2024-09-12T18:15:00.839118", "action": {"type": "get message", "content": "[reason] Sounds perfect, I'm free on Saturday evenings. [end]\n\n[sentiment] Agreement on Time [end]\n\n[response] Awesome, we've agreed on the time - Saturday at 6pm. Now let's find a good location for our date. Do you have any favorite places to eat? [end]"}}, {"from": "GM", "to": "GM", "timestamp": "2024-09-12T18:15:00.839565", "action": {"type": "parse", "content": "[reason] Sounds perfect, I'm free on Saturday evenings. [end]\n\n[sentiment] Agreement on Time [end]\n\n[response] Awesome, we've agreed on the time - Saturday at 6pm. Now let's find a good location for our date. Do you have any favorite places to eat? [end] conforms to rules"}}, {"from": "GM", "to": "GM", "timestamp": "2024-09-12T18:15:00.839733", "action": {"type": "time agreement", "content": "agreement on time successful"}}], [{"from": "GM", "to": "Player 2", "timestamp": "2024-09-12T18:15:00.839801", "action": {"type": "send message", "content": "Alex Morgan 's Message:  Awesome, we've agreed on the time - Saturday at 6pm. Now let's find a good location for our date. Do you have any favorite places to eat? [end]\n"}}, {"from": "Player 2", "to": "GM", "timestamp": "2024-09-12T18:15:08.611153", "action": {"type": "get message", "content": "[reason] Your reason for your decision. I love trying out new restaurants and discovering hidden gems! [end]\n\n[sentiment] Agreement on Location [end]\n\n[response] That's awesome, let's find a place that we both haven't been to before! How about we go to the new vegan restaurant downtown? It's supposed to be really good! [end]"}}, {"from": "GM", "to": "GM", "timestamp": "2024-09-12T18:15:08.611280", "action": {"type": "parse", "content": "[reason] Your reason for your decision. I love trying out new restaurants and discovering hidden gems! [end]\n\n[sentiment] Agreement on Location [end]\n\n[response] That's awesome, let's find a place that we both haven't been to before! How about we go to the new vegan restaurant downtown? It's supposed to be really good! [end] conforms to rules"}}, {"from": "GM", "to": "GM", "timestamp": "2024-09-12T18:15:08.611305", "action": {"type": "mismatch time agreement", "content": "no time agreement, mismatched sentiment"}}], [{"from": "GM", "to": "Player 1", "timestamp": "2024-09-12T18:15:08.611341", "action": {"type": "send message", "content": "Mia Patel 's Message:  That's awesome, let's find a place that we both haven't been to before! How about we go to the new vegan restaurant downtown? It's supposed to be really good! [end]\n"}}, {"from": "Player 1", "to": "GM", "timestamp": "2024-09-12T18:15:16.303493", "action": {"type": "get message", "content": "[reason] I love trying out new places! The downtown vegan restaurant sounds great. [end]\n\n[sentiment] Agreement on Location [end]\n\n[response] Great, so we've agreed on the location - the new vegan restaurant downtown. Now let's finalize our first date plan with an action. Any ideas? [end]"}}, {"from": "GM", "to": "GM", "timestamp": "2024-09-12T18:15:16.303762", "action": {"type": "parse", "content": "[reason] I love trying out new places! The downtown vegan restaurant sounds great. [end]\n\n[sentiment] Agreement on Location [end]\n\n[response] Great, so we've agreed on the location - the new vegan restaurant downtown. Now let's finalize our first date plan with an action. Any ideas? [end] conforms to rules"}}, {"from": "GM", "to": "GM", "timestamp": "2024-09-12T18:15:16.303830", "action": {"type": "location agreement", "content": "agreement on location successful"}}], [{"from": "GM", "to": "Player 2", "timestamp": "2024-09-12T18:15:16.303942", "action": {"type": "send message", "content": "Alex Morgan 's Message:  Great, so we've agreed on the location - the new vegan restaurant downtown. Now let's finalize our first date plan with an action. Any ideas? [end]\n"}}, {"from": "Player 2", "to": "GM", "timestamp": "2024-09-12T18:15:25.837105", "action": {"type": "get message", "content": "[reason] Your reason for your decision. I think it would be fun to play some board games after dinner! It's a great way to bond and have fun together. [end]\n\n[sentiment] Agreement on Action [end]\n\n[response] That sounds like a fantastic idea, Mia! I love playing board games and I'm sure we'll have a blast together. Let's do it! [end]"}}, {"from": "GM", "to": "GM", "timestamp": "2024-09-12T18:15:25.837566", "action": {"type": "parse", "content": "[reason] Your reason for your decision. I think it would be fun to play some board games after dinner! It's a great way to bond and have fun together. [end]\n\n[sentiment] Agreement on Action [end]\n\n[response] That sounds like a fantastic idea, Mia! I love playing board games and I'm sure we'll have a blast together. Let's do it! [end] conforms to rules"}}, {"from": "GM", "to": "GM", "timestamp": "2024-09-12T18:15:25.837653", "action": {"type": "mismatch location agreement", "content": "no location agreement, mismatched sentiment"}}], [{"from": "GM", "to": "Player 1", "timestamp": "2024-09-12T18:15:25.837789", "action": {"type": "send message", "content": "Mia Patel 's Message:  That sounds like a fantastic idea, Mia! I love playing board games and I'm sure we'll have a blast together. Let's do it! [end]\n"}}, {"from": "Player 1", "to": "GM", "timestamp": "2024-09-12T18:15:34.476898", "action": {"type": "get message", "content": "[reason] Board games sound fun! I'm in for some friendly competition. [end]\n\n[sentiment] Agreement on Action [end]\n\n[response] Excellent, so we've agreed on the action - playing board games. We've now found agreements on Time, Location and Action. Let's make an Overall Agreement for our first date! [end]"}}, {"from": "GM", "to": "GM", "timestamp": "2024-09-12T18:15:34.477237", "action": {"type": "parse", "content": "[reason] Board games sound fun! I'm in for some friendly competition. [end]\n\n[sentiment] Agreement on Action [end]\n\n[response] Excellent, so we've agreed on the action - playing board games. We've now found agreements on Time, Location and Action. Let's make an Overall Agreement for our first date! [end] conforms to rules"}}, {"from": "GM", "to": "GM", "timestamp": "2024-09-12T18:15:34.477309", "action": {"type": "action agreement", "content": "agreement on action successful"}}], [{"from": "GM", "to": "Player 2", "timestamp": "2024-09-12T18:15:34.477426", "action": {"type": "send message", "content": "Alex Morgan 's Message:  Excellent, so we've agreed on the action - playing board games. We've now found agreements on Time, Location and Action. Let's make an Overall Agreement for our first date! [end]\n"}}, {"from": "Player 2", "to": "GM", "timestamp": "2024-09-12T18:15:44.341579", "action": {"type": "get message", "content": "[reason] Your reason for your decision. I'm really excited about our first date and I think this plan is perfect for us to get to know each other better. Let's go ahead with the plan! [end]\n\n[sentiment] Overall Agreement [end]\n\n[response] I couldn't agree more, Mia! This sounds like a fantastic way to spend our first date together. I'm really looking forward to it! [end]"}}, {"from": "GM", "to": "GM", "timestamp": "2024-09-12T18:15:44.341926", "action": {"type": "parse", "content": "[reason] Your reason for your decision. I'm really excited about our first date and I think this plan is perfect for us to get to know each other better. Let's go ahead with the plan! [end]\n\n[sentiment] Overall Agreement [end]\n\n[response] I couldn't agree more, Mia! This sounds like a fantastic way to spend our first date together. I'm really looking forward to it! [end] conforms to rules"}}, {"from": "GM", "to": "GM", "timestamp": "2024-09-12T18:15:44.342006", "action": {"type": "mismatch action agreement", "content": "no action agreement, mismatched sentiment"}}], [{"from": "GM", "to": "Player 1", "timestamp": "2024-09-12T18:15:44.342137", "action": {"type": "send message", "content": "Mia Patel 's Message:  I couldn't agree more, Mia! This sounds like a fantastic way to spend our first date together. I'm really looking forward to it! [end]\n"}}, {"from": "Player 1", "to": "GM", "timestamp": "2024-09-12T18:15:53.414956", "action": {"type": "get message", "content": "[reason] I'm so happy we could come up with this plan together! [end]\n\n[sentiment] Overall Agreement [end]\n\n[response] Yay, we've made an Overall Agreement for our first date! I can't wait to see you on Saturday at 6pm downtown. Let's make it a night to remember! [end]"}}, {"from": "GM", "to": "GM", "timestamp": "2024-09-12T18:15:53.415266", "action": {"type": "parse", "content": "[reason] I'm so happy we could come up with this plan together! [end]\n\n[sentiment] Overall Agreement [end]\n\n[response] Yay, we've made an Overall Agreement for our first date! I can't wait to see you on Saturday at 6pm downtown. Let's make it a night to remember! [end] conforms to rules"}}, {"from": "GM", "to": "GM", "timestamp": "2024-09-12T18:15:53.415334", "action": {"type": "overall agreement", "content": "game successful"}}]], "max_turns": 15, "completed_turns": 11, "time_agreement": true, "location_agreement": true, "action_agreement": true}