{"players": {"GM": "Game master for datingsim", "Player 1": "Mixtral-8x22B-Instruct-v0.1", "Player 2": "Mixtral-8x22B-Instruct-v0.1"}, "turns": [[{"from": "GM", "to": "Player 1", "timestamp": "2024-09-12T14:52:13.530941", "action": {"type": "send message", "content": "You are about to play a game with another player. In this game, you and the other player are both on an dating app, looking for a partner. In this case, both you and the other player decided, that you fancy each other's profile. Your and the other player's GOAL is it, to come to an agreement on what to do on your first date. At the start of the game you will be given two character sheets. The first one is the one, that defines your personality. The second one includes the information you know of the other player based on the information in their Bio on the dating app. You will start the conversation.\nOn each further turn you can react to what the other player tells you. For this you can either continue the conversation if you have not met an agreement yet or are not happy with the proposal, or end the game by agreeing to the proposal. \n\nThere is a total of four agreements throughout the game: \"Agreement on Time\", \"Agreement on Location\", \"Agreement on Action\", \"Overall Agreement\". You and the other player need to find an agreement on each of them.\nYou should only choose \"Overall Agreement\" after you and your date manage to settle an agreement for the other three ones (Time, Location, Action). \nYou have 15 turns to finish the game and find all agreements. \n\nYour answer has to consist ONLY of the following information and follow the given template:\n\n[reason] Your reason for your decision. [end]\n\n[sentiment] Choose one of the following: \"Continue Conversation\", \"Agreement on Time\", \"Agreement on Location\", \"Agreement on Action\", \"Overall Agreement\" [end]\n\n[response] Your response to the other player. This can include your sentiment, opinion, alternative. [end]\n\nYour answer for [response] must NOT exceed 100 tokens.\n\nThe game ends when 1) both you and the other player reply with the sentiment \"Overall Agreement\", 2) one of you chooses the sentiment \"Overall Agreement\" without the other one choosing it in the following turn, 3) you run out of turns to communicate or 4) you do not follow the template.\n\nThis is your character: {'NAME': 'Casey Rivers', 'GENDER': 'Non-binary', 'AGE': 25, 'APPEARANCE': 'Long auburn hair, hazel eyes, casual chic attire, freckles, soft-spokenr.', 'OCCUPATION': 'Bookstore Owner', 'LIKES': 'Poetry, herbal tea, rainy days.', 'DISLIKES': 'Loud environments, fast fashion, injustice.', 'HOBBIES': 'Writing, gardening, knitting.', 'SUMMARY': 'Some might say I have grandma hobbies, others however appreciate the quality and time I invest to handmade them clothes.'}\n\nThis is the character of the other player: ${'NAME': 'Riley Jones', 'GENDER': 'Non-binary', 'AGE': 38, 'APPEARANCE': 'Buzz cut, warm hazel eyes, androgynous build with toned muscles, wears comfortable yet stylish clothing.', 'OCCUPATION': 'Blacksmith', 'SUMMARY': 'Creating jewlry is a passion of mine! Maybe we can forge something together sometime.'}\n\nRemember, your goal is to find the overall agreement for your first date while staying in character.\n\nStart the game with the reason, your sentiment and the opening phrase.\n"}}, {"from": "Player 1", "to": "GM", "timestamp": "2024-09-12T14:52:15.057983", "action": {"type": "get message", "content": "[reason] I'm excited to meet someone who shares a love for creating things with their hands. [end]\n\n[sentiment] Continue Conversation [end]\n\n[response] Hi Riley, I'm Casey. I love that you're a blacksmith! I've always been fascinated by the art of forging. How about we start planning our first date? [end]"}}, {"from": "GM", "to": "GM", "timestamp": "2024-09-12T14:52:15.057983", "action": {"type": "parse", "content": "[reason] I'm excited to meet someone who shares a love for creating things with their hands. [end]\n\n[sentiment] Continue Conversation [end]\n\n[response] Hi Riley, I'm Casey. I love that you're a blacksmith! I've always been fascinated by the art of forging. How about we start planning our first date? [end] conforms to rules"}}], [{"from": "GM", "to": "Player 2", "timestamp": "2024-09-12T14:52:15.057983", "action": {"type": "send message", "content": "You are about to play a game with another player. In this game, you and the other player are both on an dating app, looking for a partner. In this case, both you and the other player decided, that you fancy each other's profile. Your and the other player's GOAL is it, to come to an agreement on what to do on your first date. At the start of the game you will be given two character sheets. The first one is the one, that defines your personality. The second one includes the information you know of the other player based on the information in their Bio on the dating app. You will be approached by the other player.\nOn each further turn you can react to what the other player tells you. For this you can either continue the conversation if you have not met an agreement yet or are not happy with the proposal, or end the game by agreeing to the proposal. \n\nThere is a total of four agreements throughout the game: \"Agreement on Time\", \"Agreement on Location\", \"Agreement on Action\", \"Overall Agreement\". You and the other player need to find an agreement on each of them.\nYou should only choose \"Overall Agreement\" after you and your date manage to settle an agreement for the other three ones (Time, Location, Action). \nYou have 15 turns to finish the game and find all agreements. \n\nYour answer has to consist ONLY of the following information and follow the given template:\n\n[reason] Your reason for your decision. [end]\n\n[sentiment] Choose one of the following: \"Continue Conversation\", \"Agreement on Time\", \"Agreement on Location\", \"Agreement on Action\", \"Overall Agreement\" [end]\n\n[response] Your response to the other player. This can include your sentiment, opinion, alternative. [end]\n\nYour answer for [response] must NOT exceed 100 tokens.\n\nThe game ends when 1) both you and the other player reply with the sentiment \"Overall Agreement\", 2) one of you chooses the sentiment \"Overall Agreement\" without the other one choosing it in the following turn, 3) you run out of turns to communicate or 4) you do not follow the template.\n\nThis is your character: {'NAME': 'Riley Jones', 'GENDER': 'Non-binary', 'AGE': 38, 'APPEARANCE': 'Buzz cut, warm hazel eyes, androgynous build with toned muscles, wears comfortable yet stylish clothing.', 'OCCUPATION': 'Blacksmith', 'LIKES': 'The rhythm of forging metal, creating functional art, working with their hands.', 'DISLIKES': 'Idleness, pretentiousness, following the rules just for the sake of it.', 'HOBBIES': 'Sculpting metal into art pieces, weightlifting, historical reenactment.', 'SUMMARY': 'Creating jewlry is a passion of mine! Maybe we can forge something together sometime.'}\n\nThis is the character of the other player: ${'NAME': 'Casey Rivers', 'GENDER': 'Non-binary', 'AGE': 25, 'APPEARANCE': 'Long auburn hair, hazel eyes, casual chic attire, freckles, soft-spokenr.', 'OCCUPATION': 'Bookstore Owner', 'SUMMARY': 'Some might say I have grandma hobbies, others however appreciate the quality and time I invest to handmade them clothes.'}\n\nRemember, your goal is to find the overall agreement for your first date while staying in character.\n\nContinue the game with the reason, your sentiment and an answer phrase to the first message of the other player:\n\nMessage:  Hi Riley, I'm Casey. I love that you're a blacksmith! I've always been fascinated by the art of forging. How about we start planning our first date? [end]\n"}}, {"from": "Player 2", "to": "GM", "timestamp": "2024-09-12T14:52:16.369412", "action": {"type": "get message", "content": "[reason] Casey's interest in forging and their appreciation for my profession caught my attention. [end]\n\n[sentiment] Continue Conversation [end]\n\n[response] Hi Casey, it's great to meet someone who appreciates the craft. I'm excited to plan our first date. How about we start with deciding on a time that works best for both of us? [end]"}}, {"from": "GM", "to": "GM", "timestamp": "2024-09-12T14:52:16.369412", "action": {"type": "parse", "content": "[reason] Casey's interest in forging and their appreciation for my profession caught my attention. [end]\n\n[sentiment] Continue Conversation [end]\n\n[response] Hi Casey, it's great to meet someone who appreciates the craft. I'm excited to plan our first date. How about we start with deciding on a time that works best for both of us? [end] conforms to rules"}}], [{"from": "GM", "to": "Player 1", "timestamp": "2024-09-12T14:52:16.369412", "action": {"type": "send message", "content": "Riley Jones 's Message:  Hi Casey, it's great to meet someone who appreciates the craft. I'm excited to plan our first date. How about we start with deciding on a time that works best for both of us? [end]\n"}}, {"from": "Player 1", "to": "GM", "timestamp": "2024-09-12T14:52:17.828243", "action": {"type": "get message", "content": "[reason] I appreciate Riley's enthusiasm and willingness to plan our date. [end]\n\n[sentiment] Agreement on Time [end]\n\n[response] That sounds great, Riley! How about we meet on a Saturday afternoon? I'm usually free then. [end]"}}, {"from": "GM", "to": "GM", "timestamp": "2024-09-12T14:52:17.829244", "action": {"type": "parse", "content": "[reason] I appreciate Riley's enthusiasm and willingness to plan our date. [end]\n\n[sentiment] Agreement on Time [end]\n\n[response] That sounds great, Riley! How about we meet on a Saturday afternoon? I'm usually free then. [end] conforms to rules"}}], [{"from": "GM", "to": "Player 2", "timestamp": "2024-09-12T14:52:17.829244", "action": {"type": "send message", "content": "Casey Rivers 's Message:  That sounds great, Riley! How about we meet on a Saturday afternoon? I'm usually free then. [end]\n"}}, {"from": "Player 2", "to": "GM", "timestamp": "2024-09-12T14:52:19.052765", "action": {"type": "get message", "content": "[reason] Saturday afternoon seems like a good time for both of us. [end]\n\n[sentiment] Agreement on Time [end]\n\n[response] Saturday afternoon works perfectly for me, Casey. I'm looking forward to our date. Now, let's decide on a location. Any ideas? [end]"}}, {"from": "GM", "to": "GM", "timestamp": "2024-09-12T14:52:19.052765", "action": {"type": "parse", "content": "[reason] Saturday afternoon seems like a good time for both of us. [end]\n\n[sentiment] Agreement on Time [end]\n\n[response] Saturday afternoon works perfectly for me, Casey. I'm looking forward to our date. Now, let's decide on a location. Any ideas? [end] conforms to rules"}}, {"from": "GM", "to": "GM", "timestamp": "2024-09-12T14:52:19.053768", "action": {"type": "time agreement", "content": "agreement on time successful"}}], [{"from": "GM", "to": "Player 1", "timestamp": "2024-09-12T14:52:19.053768", "action": {"type": "send message", "content": "Riley Jones 's Message:  Saturday afternoon works perfectly for me, Casey. I'm looking forward to our date. Now, let's decide on a location. Any ideas? [end]\n"}}, {"from": "Player 1", "to": "GM", "timestamp": "2024-09-12T14:52:20.385215", "action": {"type": "get message", "content": "[reason] I'm glad Riley is on board with the time. I want to suggest a location that reflects both of our interests. [end]\n\n[sentiment] Continue Conversation [end]\n\n[response] I'm glad Saturday works for you too, Riley! How about we meet at a local park? We can enjoy the outdoors and maybe even find some inspiration for our crafts. [end]"}}, {"from": "GM", "to": "GM", "timestamp": "2024-09-12T14:52:20.386222", "action": {"type": "parse", "content": "[reason] I'm glad Riley is on board with the time. I want to suggest a location that reflects both of our interests. [end]\n\n[sentiment] Continue Conversation [end]\n\n[response] I'm glad Saturday works for you too, Riley! How about we meet at a local park? We can enjoy the outdoors and maybe even find some inspiration for our crafts. [end] conforms to rules"}}, {"from": "GM", "to": "GM", "timestamp": "2024-09-12T14:52:20.386222", "action": {"type": "mismatch time agreement", "content": "no time agreement, mismatched sentiment"}}], [{"from": "GM", "to": "Player 2", "timestamp": "2024-09-12T14:52:20.386222", "action": {"type": "send message", "content": "Casey Rivers 's Message:  I'm glad Saturday works for you too, Riley! How about we meet at a local park? We can enjoy the outdoors and maybe even find some inspiration for our crafts. [end]\n"}}, {"from": "Player 2", "to": "GM", "timestamp": "2024-09-12T14:52:21.624116", "action": {"type": "get message", "content": "[reason] Meeting at a local park is a great idea, as it allows us to enjoy nature and possibly find inspiration for our crafts. [end]\n\n[sentiment] Agreement on Location [end]\n\n[response] A local park sounds like a wonderful idea, Casey. I'm excited to see what inspiration we can find there. Now, let's decide on an activity for our date. Any suggestions? [end]"}}, {"from": "GM", "to": "GM", "timestamp": "2024-09-12T14:52:21.624116", "action": {"type": "parse", "content": "[reason] Meeting at a local park is a great idea, as it allows us to enjoy nature and possibly find inspiration for our crafts. [end]\n\n[sentiment] Agreement on Location [end]\n\n[response] A local park sounds like a wonderful idea, Casey. I'm excited to see what inspiration we can find there. Now, let's decide on an activity for our date. Any suggestions? [end] conforms to rules"}}], [{"from": "GM", "to": "Player 1", "timestamp": "2024-09-12T14:52:21.624116", "action": {"type": "send message", "content": "Riley Jones 's Message:  A local park sounds like a wonderful idea, Casey. I'm excited to see what inspiration we can find there. Now, let's decide on an activity for our date. Any suggestions? [end]\n"}}, {"from": "Player 1", "to": "GM", "timestamp": "2024-09-12T14:52:22.895658", "action": {"type": "get message", "content": "[reason] I want to suggest an activity that allows us to bond over our shared interests. [end]\n\n[sentiment] Continue Conversation [end]\n\n[response] I'm glad you like the park idea, Riley! How about we bring some materials and try our hand at creating something together? Maybe we can forge a small piece of jewelry or write a poem inspired by our surroundings. [end]"}}, {"from": "GM", "to": "GM", "timestamp": "2024-09-12T14:52:22.895658", "action": {"type": "parse", "content": "[reason] I want to suggest an activity that allows us to bond over our shared interests. [end]\n\n[sentiment] Continue Conversation [end]\n\n[response] I'm glad you like the park idea, Riley! How about we bring some materials and try our hand at creating something together? Maybe we can forge a small piece of jewelry or write a poem inspired by our surroundings. [end] conforms to rules"}}, {"from": "GM", "to": "GM", "timestamp": "2024-09-12T14:52:22.896660", "action": {"type": "mismatch location agreement", "content": "no location agreement, mismatched sentiment"}}], [{"from": "GM", "to": "Player 2", "timestamp": "2024-09-12T14:52:22.896660", "action": {"type": "send message", "content": "Casey Rivers 's Message:  I'm glad you like the park idea, Riley! How about we bring some materials and try our hand at creating something together? Maybe we can forge a small piece of jewelry or write a poem inspired by our surroundings. [end]\n"}}, {"from": "Player 2", "to": "GM", "timestamp": "2024-09-12T14:52:24.195971", "action": {"type": "get message", "content": "[reason] Collaborating on a creative project, such as forging a piece of jewelry or writing a poem, is an excellent idea for our first date. [end]\n\n[sentiment] Agreement on Action [end]\n\n[response] I love the idea of creating something together, Casey. Forging a piece of jewelry or writing a poem sounds like a fantastic way to spend our first date. I'm looking forward to it! [end]"}}, {"from": "GM", "to": "GM", "timestamp": "2024-09-12T14:52:24.196970", "action": {"type": "parse", "content": "[reason] Collaborating on a creative project, such as forging a piece of jewelry or writing a poem, is an excellent idea for our first date. [end]\n\n[sentiment] Agreement on Action [end]\n\n[response] I love the idea of creating something together, Casey. Forging a piece of jewelry or writing a poem sounds like a fantastic way to spend our first date. I'm looking forward to it! [end] conforms to rules"}}], [{"from": "GM", "to": "Player 1", "timestamp": "2024-09-12T14:52:24.196970", "action": {"type": "send message", "content": "Riley Jones 's Message:  I love the idea of creating something together, Casey. Forging a piece of jewelry or writing a poem sounds like a fantastic way to spend our first date. I'm looking forward to it! [end]\n"}}, {"from": "Player 1", "to": "GM", "timestamp": "2024-09-12T14:52:25.418931", "action": {"type": "get message", "content": "[reason] I'm thrilled that Riley is excited about our activity ideas. [end]\n\n[sentiment] Agreement on Action [end]\n\n[response] I'm so glad you're on board with the activity ideas, Riley! I can't wait to see what we create together. [end]"}}, {"from": "GM", "to": "GM", "timestamp": "2024-09-12T14:52:25.418931", "action": {"type": "parse", "content": "[reason] I'm thrilled that Riley is excited about our activity ideas. [end]\n\n[sentiment] Agreement on Action [end]\n\n[response] I'm so glad you're on board with the activity ideas, Riley! I can't wait to see what we create together. [end] conforms to rules"}}, {"from": "GM", "to": "GM", "timestamp": "2024-09-12T14:52:25.418931", "action": {"type": "action agreement", "content": "agreement on action successful"}}], [{"from": "GM", "to": "Player 2", "timestamp": "2024-09-12T14:52:25.418931", "action": {"type": "send message", "content": "Casey Rivers 's Message:  I'm so glad you're on board with the activity ideas, Riley! I can't wait to see what we create together. [end]\n"}}, {"from": "Player 2", "to": "GM", "timestamp": "2024-09-12T14:52:26.764401", "action": {"type": "get message", "content": "[reason] Casey's enthusiasm for our creative collaboration is contagious, and I'm excited to see what we can create together. [end]\n\n[sentiment] Overall Agreement [end]\n\n[response] I'm thrilled about our plans, Casey. I can't wait to meet you at the park on Saturday afternoon and create something special together. See you then! [end]"}}, {"from": "GM", "to": "GM", "timestamp": "2024-09-12T14:52:26.764401", "action": {"type": "parse", "content": "[reason] Casey's enthusiasm for our creative collaboration is contagious, and I'm excited to see what we can create together. [end]\n\n[sentiment] Overall Agreement [end]\n\n[response] I'm thrilled about our plans, Casey. I can't wait to meet you at the park on Saturday afternoon and create something special together. See you then! [end] conforms to rules"}}, {"from": "GM", "to": "GM", "timestamp": "2024-09-12T14:52:26.764401", "action": {"type": "mismatch action agreement", "content": "no action agreement, mismatched sentiment"}}], [{"from": "GM", "to": "Player 1", "timestamp": "2024-09-12T14:52:26.764401", "action": {"type": "send message", "content": "Riley Jones 's Message:  I'm thrilled about our plans, Casey. I can't wait to meet you at the park on Saturday afternoon and create something special together. See you then! [end]\n"}}, {"from": "Player 1", "to": "GM", "timestamp": "2024-09-12T14:52:27.967598", "action": {"type": "get message", "content": "[reason] I'm happy that Riley and I have reached an overall agreement for our first date. [end]\n\n[sentiment] Overall Agreement [end]\n\n[response] I'm looking forward to our date, Riley! See you on Saturday afternoon at the park. [end]"}}, {"from": "GM", "to": "GM", "timestamp": "2024-09-12T14:52:27.967598", "action": {"type": "parse", "content": "[reason] I'm happy that Riley and I have reached an overall agreement for our first date. [end]\n\n[sentiment] Overall Agreement [end]\n\n[response] I'm looking forward to our date, Riley! See you on Saturday afternoon at the park. [end] conforms to rules"}}, {"from": "GM", "to": "GM", "timestamp": "2024-09-12T14:52:27.968591", "action": {"type": "overall agreement", "content": "game successful"}}]], "max_turns": 15, "completed_turns": 11, "time_agreement": true, "location_agreement": false, "action_agreement": true}