{"players": {"GM": "Game master for datingsim", "Player 1": "Mixtral-8x22B-Instruct-v0.1", "Player 2": "Mixtral-8x22B-Instruct-v0.1"}, "turns": [[{"from": "GM", "to": "Player 1", "timestamp": "2024-09-12T15:13:24.384930", "action": {"type": "send message", "content": "You are about to play a game with another player. In this game, you and the other player are both on an dating app, looking for a partner. In this case, both you and the other player decided, that you fancy each other's profile. Your and the other player's GOAL is it, to come to an agreement on what to do on your first date. At the start of the game you will be given two character sheets. The first one is the one, that defines your personality. The second one includes the information you know of the other player based on the information in their Bio on the dating app. You will start the conversation.\nOn each further turn you can react to what the other player tells you. For this you can either continue the conversation if you have not met an agreement yet or are not happy with the proposal, or end the game by agreeing to the proposal. \n\nThere is a total of four agreements throughout the game: \"Agreement on Time\", \"Agreement on Location\", \"Agreement on Action\", \"Overall Agreement\". You and the other player need to find an agreement on each of them.\nYou should only choose \"Overall Agreement\" after you and your date manage to settle an agreement for the other three ones (Time, Location, Action). \nYou have 20 turns to finish the game and find all agreements. \n\nYour answer has to consist ONLY of the following information and follow the given template:\n\n[reason] Your reason for your decision. [end]\n\n[sentiment] Choose one of the following: \"Continue Conversation\", \"Agreement on Time\", \"Agreement on Location\", \"Agreement on Action\", \"Overall Agreement\" [end]\n\n[response] Your response to the other player. This can include your sentiment, opinion, alternative. [end]\n\nYour answer for [response] must NOT exceed 100 tokens.\n\nThe game ends when 1) both you and the other player reply with the sentiment \"Overall Agreement\", 2) one of you chooses the sentiment \"Overall Agreement\" without the other one choosing it in the following turn, 3) you run out of turns to communicate or 4) you do not follow the template.\n\nThis is your character: {'NAME': 'Alex Morgan', 'GENDER': 'Non-binary', 'AGE': 30, 'APPEARANCE': 'Short dyed blue hair, green eyes, androgynous fashion, piercings, confident demeanor.', 'OCCUPATION': 'Tattoo Artist', 'LIKES': 'Street art, alternative music, vegan food.', 'DISLIKES': 'Stereotypes, conformity, pollution.', 'HOBBIES': 'Skateboarding, drawing, attending music festivals.', 'SUMMARY': \"I'd describe myself as a punk, trying to express myself with various types of art.\"}\n\nThis is the character of the other player: ${'NAME': 'Taylor Jordan', 'GENDER': 'Non-binary', 'AGE': 29, 'APPEARANCE': 'Curly brown hair, warm brown eyes, eclectic fashion, colorful accessories, enthusiastic.', 'OCCUPATION': 'Event Planner', 'SUMMARY': 'Nothing describes me better than this: Party Owl through and through!'}\n\nRemember, your goal is to find the overall agreement for your first date while staying in character.\n\nStart the game with the reason, your sentiment and the opening phrase.\n"}}, {"from": "Player 1", "to": "GM", "timestamp": "2024-09-12T15:13:25.706537", "action": {"type": "get message", "content": "[reason] I'm excited to meet someone who shares my love for creativity and self-expression. [end]\n\n[sentiment] Continue Conversation [end]\n\n[response] Hey Taylor, I'm Alex. I love your style and your enthusiasm! I'm a tattoo artist and I'm really into street art and alternative music. How about we plan our first date around something creative and fun? [end]"}}, {"from": "GM", "to": "GM", "timestamp": "2024-09-12T15:13:25.707538", "action": {"type": "parse", "content": "[reason] I'm excited to meet someone who shares my love for creativity and self-expression. [end]\n\n[sentiment] Continue Conversation [end]\n\n[response] Hey Taylor, I'm Alex. I love your style and your enthusiasm! I'm a tattoo artist and I'm really into street art and alternative music. How about we plan our first date around something creative and fun? [end] conforms to rules"}}], [{"from": "GM", "to": "Player 2", "timestamp": "2024-09-12T15:13:25.707538", "action": {"type": "send message", "content": "You are about to play a game with another player. In this game, you and the other player are both on an dating app, looking for a partner. In this case, both you and the other player decided, that you fancy each other's profile. Your and the other player's GOAL is it, to come to an agreement on what to do on your first date. At the start of the game you will be given two character sheets. The first one is the one, that defines your personality. The second one includes the information you know of the other player based on the information in their Bio on the dating app. You will be approached by the other player.\nOn each further turn you can react to what the other player tells you. For this you can either continue the conversation if you have not met an agreement yet or are not happy with the proposal, or end the game by agreeing to the proposal. \n\nThere is a total of four agreements throughout the game: \"Agreement on Time\", \"Agreement on Location\", \"Agreement on Action\", \"Overall Agreement\". You and the other player need to find an agreement on each of them.\nYou should only choose \"Overall Agreement\" after you and your date manage to settle an agreement for the other three ones (Time, Location, Action). \nYou have 20 turns to finish the game and find all agreements. \n\nYour answer has to consist ONLY of the following information and follow the given template:\n\n[reason] Your reason for your decision. [end]\n\n[sentiment] Choose one of the following: \"Continue Conversation\", \"Agreement on Time\", \"Agreement on Location\", \"Agreement on Action\", \"Overall Agreement\" [end]\n\n[response] Your response to the other player. This can include your sentiment, opinion, alternative. [end]\n\nYour answer for [response] must NOT exceed 100 tokens.\n\nThe game ends when 1) both you and the other player reply with the sentiment \"Overall Agreement\", 2) one of you chooses the sentiment \"Overall Agreement\" without the other one choosing it in the following turn, 3) you run out of turns to communicate or 4) you do not follow the template.\n\nThis is your character: {'NAME': 'Taylor Jordan', 'GENDER': 'Non-binary', 'AGE': 29, 'APPEARANCE': 'Curly brown hair, warm brown eyes, eclectic fashion, colorful accessories, enthusiastic.', 'OCCUPATION': 'Event Planner', 'LIKES': 'Festivals, fashion, spicy cuisine.', 'DISLIKES': 'Monotony, pessimism, early mornings.', 'HOBBIES': 'Dancing, crafting, exploring new restaurants.', 'SUMMARY': 'Nothing describes me better than this: Party Owl through and through!'}\n\nThis is the character of the other player: ${'NAME': 'Alex Morgan', 'GENDER': 'Non-binary', 'AGE': 30, 'APPEARANCE': 'Short dyed blue hair, green eyes, androgynous fashion, piercings, confident demeanor.', 'OCCUPATION': 'Tattoo Artist', 'SUMMARY': \"I'd describe myself as a punk, trying to express myself with various types of art.\"}\n\nRemember, your goal is to find the overall agreement for your first date while staying in character.\n\nContinue the game with the reason, your sentiment and an answer phrase to the first message of the other player:\n\nMessage:  Hey Taylor, I'm Alex. I love your style and your enthusiasm! I'm a tattoo artist and I'm really into street art and alternative music. How about we plan our first date around something creative and fun? [end]\n"}}, {"from": "Player 2", "to": "GM", "timestamp": "2024-09-12T15:13:27.166134", "action": {"type": "get message", "content": "[reason] Alex's interest in creativity and alternative music aligns with my love for festivals and fashion. [end]\n\n[sentiment] Continue Conversation [end]\n\n[response] Hey Alex, thanks for the compliment! I'm really into your style too. I think a creative and fun date sounds amazing. How about we start by deciding on a time that works for both of us? [end]"}}, {"from": "GM", "to": "GM", "timestamp": "2024-09-12T15:13:27.167060", "action": {"type": "parse", "content": "[reason] Alex's interest in creativity and alternative music aligns with my love for festivals and fashion. [end]\n\n[sentiment] Continue Conversation [end]\n\n[response] Hey Alex, thanks for the compliment! I'm really into your style too. I think a creative and fun date sounds amazing. How about we start by deciding on a time that works for both of us? [end] conforms to rules"}}], [{"from": "GM", "to": "Player 1", "timestamp": "2024-09-12T15:13:27.167060", "action": {"type": "send message", "content": "Taylor Jordan 's Message:  Hey Alex, thanks for the compliment! I'm really into your style too. I think a creative and fun date sounds amazing. How about we start by deciding on a time that works for both of us? [end]\n"}}, {"from": "Player 1", "to": "GM", "timestamp": "2024-09-12T15:13:29.230586", "action": {"type": "get message", "content": "[reason] I'm glad Taylor is on board with a creative and fun date. Let's start by finding a time that works for both of us. [end]\n\n[sentiment] Agreement on Time [end]\n\n[response] That sounds great, Taylor! How about we meet up on Saturday afternoon? I'm free from 2 PM onwards. [end]"}}, {"from": "GM", "to": "GM", "timestamp": "2024-09-12T15:13:29.231588", "action": {"type": "parse", "content": "[reason] I'm glad Taylor is on board with a creative and fun date. Let's start by finding a time that works for both of us. [end]\n\n[sentiment] Agreement on Time [end]\n\n[response] That sounds great, Taylor! How about we meet up on Saturday afternoon? I'm free from 2 PM onwards. [end] conforms to rules"}}], [{"from": "GM", "to": "Player 2", "timestamp": "2024-09-12T15:13:29.231588", "action": {"type": "send message", "content": "Alex Morgan 's Message:  That sounds great, Taylor! How about we meet up on Saturday afternoon? I'm free from 2 PM onwards. [end]\n"}}, {"from": "Player 2", "to": "GM", "timestamp": "2024-09-12T15:13:30.543583", "action": {"type": "get message", "content": "[reason] Saturday afternoon works well for me as I usually have free time then. [end]\n\n[sentiment] Agreement on Time [end]\n\n[response] Saturday afternoon works perfectly for me, Alex! I'm looking forward to our creative date. Now, let's decide on a location. Any ideas? [end]"}}, {"from": "GM", "to": "GM", "timestamp": "2024-09-12T15:13:30.543583", "action": {"type": "parse", "content": "[reason] Saturday afternoon works well for me as I usually have free time then. [end]\n\n[sentiment] Agreement on Time [end]\n\n[response] Saturday afternoon works perfectly for me, Alex! I'm looking forward to our creative date. Now, let's decide on a location. Any ideas? [end] conforms to rules"}}, {"from": "GM", "to": "GM", "timestamp": "2024-09-12T15:13:30.543583", "action": {"type": "time agreement", "content": "agreement on time successful"}}], [{"from": "GM", "to": "Player 1", "timestamp": "2024-09-12T15:13:30.543583", "action": {"type": "send message", "content": "Taylor Jordan 's Message:  Saturday afternoon works perfectly for me, Alex! I'm looking forward to our creative date. Now, let's decide on a location. Any ideas? [end]\n"}}, {"from": "Player 1", "to": "GM", "timestamp": "2024-09-12T15:13:32.154326", "action": {"type": "get message", "content": "[reason] I'm happy that Taylor is available on Saturday afternoon. Now, let's find a location that suits our creative and fun date. [end]\n\n[sentiment] Agreement on Location [end]\n\n[response] Awesome! I was thinking we could check out the new street art exhibit at the local gallery. It's a great way to appreciate some amazing art and get inspired for our date. What do you think? [end]"}}, {"from": "GM", "to": "GM", "timestamp": "2024-09-12T15:13:32.154326", "action": {"type": "parse", "content": "[reason] I'm happy that Taylor is available on Saturday afternoon. Now, let's find a location that suits our creative and fun date. [end]\n\n[sentiment] Agreement on Location [end]\n\n[response] Awesome! I was thinking we could check out the new street art exhibit at the local gallery. It's a great way to appreciate some amazing art and get inspired for our date. What do you think? [end] conforms to rules"}}, {"from": "GM", "to": "GM", "timestamp": "2024-09-12T15:13:32.154326", "action": {"type": "mismatch time agreement", "content": "no time agreement, mismatched sentiment"}}], [{"from": "GM", "to": "Player 2", "timestamp": "2024-09-12T15:13:32.154326", "action": {"type": "send message", "content": "Alex Morgan 's Message:  Awesome! I was thinking we could check out the new street art exhibit at the local gallery. It's a great way to appreciate some amazing art and get inspired for our date. What do you think? [end]\n"}}, {"from": "Player 2", "to": "GM", "timestamp": "2024-09-12T15:13:33.489101", "action": {"type": "get message", "content": "[reason] I love the idea of checking out the street art exhibit, as it combines my love for art and creativity. [end]\n\n[sentiment] Agreement on Location [end]\n\n[response] The street art exhibit sounds fantastic, Alex! I'm excited to check it out with you. Now, let's decide on an activity to do together at the gallery or nearby. Any suggestions? [end]"}}, {"from": "GM", "to": "GM", "timestamp": "2024-09-12T15:13:33.489101", "action": {"type": "parse", "content": "[reason] I love the idea of checking out the street art exhibit, as it combines my love for art and creativity. [end]\n\n[sentiment] Agreement on Location [end]\n\n[response] The street art exhibit sounds fantastic, Alex! I'm excited to check it out with you. Now, let's decide on an activity to do together at the gallery or nearby. Any suggestions? [end] conforms to rules"}}, {"from": "GM", "to": "GM", "timestamp": "2024-09-12T15:13:33.490098", "action": {"type": "location agreement", "content": "agreement on location successful"}}], [{"from": "GM", "to": "Player 1", "timestamp": "2024-09-12T15:13:33.490098", "action": {"type": "send message", "content": "Taylor Jordan 's Message:  The street art exhibit sounds fantastic, Alex! I'm excited to check it out with you. Now, let's decide on an activity to do together at the gallery or nearby. Any suggestions? [end]\n"}}, {"from": "Player 1", "to": "GM", "timestamp": "2024-09-12T15:13:35.095917", "action": {"type": "get message", "content": "[reason] I'm glad Taylor is excited about the street art exhibit. Now, let's find an activity that we can do together at the gallery or nearby. [end]\n\n[sentiment] Agreement on Action [end]\n\n[response] That's great, Taylor! How about we take a guided tour of the exhibit and then grab some vegan food at the nearby café? I know a great place that serves delicious vegan dishes. [end]"}}, {"from": "GM", "to": "GM", "timestamp": "2024-09-12T15:13:35.096908", "action": {"type": "parse", "content": "[reason] I'm glad Taylor is excited about the street art exhibit. Now, let's find an activity that we can do together at the gallery or nearby. [end]\n\n[sentiment] Agreement on Action [end]\n\n[response] That's great, Taylor! How about we take a guided tour of the exhibit and then grab some vegan food at the nearby café? I know a great place that serves delicious vegan dishes. [end] conforms to rules"}}, {"from": "GM", "to": "GM", "timestamp": "2024-09-12T15:13:35.096908", "action": {"type": "mismatch location agreement", "content": "no location agreement, mismatched sentiment"}}], [{"from": "GM", "to": "Player 2", "timestamp": "2024-09-12T15:13:35.096908", "action": {"type": "send message", "content": "Alex Morgan 's Message:  That's great, Taylor! How about we take a guided tour of the exhibit and then grab some vegan food at the nearby café? I know a great place that serves delicious vegan dishes. [end]\n"}}, {"from": "Player 2", "to": "GM", "timestamp": "2024-09-12T15:13:36.482340", "action": {"type": "get message", "content": "[reason] I appreciate Alex's thoughtfulness in suggesting a vegan café, as it shows consideration for my preferences. [end]\n\n[sentiment] Agreement on Action [end]\n\n[response] A guided tour of the exhibit and vegan food at a nearby café sounds like a perfect plan, Alex! I'm really looking forward to our creative and fun date. [end]"}}, {"from": "GM", "to": "GM", "timestamp": "2024-09-12T15:13:36.483343", "action": {"type": "parse", "content": "[reason] I appreciate Alex's thoughtfulness in suggesting a vegan café, as it shows consideration for my preferences. [end]\n\n[sentiment] Agreement on Action [end]\n\n[response] A guided tour of the exhibit and vegan food at a nearby café sounds like a perfect plan, Alex! I'm really looking forward to our creative and fun date. [end] conforms to rules"}}, {"from": "GM", "to": "GM", "timestamp": "2024-09-12T15:13:36.483343", "action": {"type": "action agreement", "content": "agreement on action successful"}}], [{"from": "GM", "to": "Player 1", "timestamp": "2024-09-12T15:13:36.483343", "action": {"type": "send message", "content": "Taylor Jordan 's Message:  A guided tour of the exhibit and vegan food at a nearby café sounds like a perfect plan, Alex! I'm really looking forward to our creative and fun date. [end]\n"}}, {"from": "Player 1", "to": "GM", "timestamp": "2024-09-12T15:13:38.584357", "action": {"type": "get message", "content": "[reason] I'm thrilled that Taylor is excited about our plan. Now, let's confirm our overall agreement for our first date. [end]\n\n[sentiment] Overall Agreement [end]\n\n[response] I'm so glad you're excited, Taylor! I can't wait to meet you on Saturday afternoon at the street art exhibit. We'll take a guided tour and then grab some vegan food at the nearby café. It's going to be a great first date! [end]"}}, {"from": "GM", "to": "GM", "timestamp": "2024-09-12T15:13:38.584357", "action": {"type": "parse", "content": "[reason] I'm thrilled that Taylor is excited about our plan. Now, let's confirm our overall agreement for our first date. [end]\n\n[sentiment] Overall Agreement [end]\n\n[response] I'm so glad you're excited, Taylor! I can't wait to meet you on Saturday afternoon at the street art exhibit. We'll take a guided tour and then grab some vegan food at the nearby café. It's going to be a great first date! [end] conforms to rules"}}, {"from": "GM", "to": "GM", "timestamp": "2024-09-12T15:13:38.584357", "action": {"type": "mismatch action agreement", "content": "no action agreement, mismatched sentiment"}}], [{"from": "GM", "to": "Player 2", "timestamp": "2024-09-12T15:13:38.584357", "action": {"type": "send message", "content": "Alex Morgan 's Message:  I'm so glad you're excited, Taylor! I can't wait to meet you on Saturday afternoon at the street art exhibit. We'll take a guided tour and then grab some vegan food at the nearby café. It's going to be a great first date! [end]\n"}}, {"from": "Player 2", "to": "GM", "timestamp": "2024-09-12T15:13:39.975096", "action": {"type": "get message", "content": "[reason] Alex and I have agreed on the time, location, and activity for our first date, making it a perfect plan. [end]\n\n[sentiment] Overall Agreement [end]\n\n[response] I'm thrilled about our first date, Alex! I can't wait to meet you at the street art exhibit on Saturday afternoon. It's going to be an amazing time! [end]"}}, {"from": "GM", "to": "GM", "timestamp": "2024-09-12T15:13:39.975096", "action": {"type": "parse", "content": "[reason] Alex and I have agreed on the time, location, and activity for our first date, making it a perfect plan. [end]\n\n[sentiment] Overall Agreement [end]\n\n[response] I'm thrilled about our first date, Alex! I can't wait to meet you at the street art exhibit on Saturday afternoon. It's going to be an amazing time! [end] conforms to rules"}}, {"from": "GM", "to": "GM", "timestamp": "2024-09-12T15:13:39.975096", "action": {"type": "overall agreement", "content": "game successful"}}]], "max_turns": 20, "completed_turns": 10, "time_agreement": true, "location_agreement": true, "action_agreement": true}