{"players": {"GM": "Game master for datingsim", "Player 1": "openchat-3.6-8b", "Player 2": "openchat-3.6-8b"}, "turns": [[{"from": "GM", "to": "Player 1", "timestamp": "2024-09-12T17:34:11.763321", "action": {"type": "send message", "content": "You are about to play a game with another player. In this game, you and the other player are both on an dating app, looking for a partner. In this case, both you and the other player decided, that you fancy each other's profile. Your and the other player's GOAL is it, to come to an agreement on what to do on your first date. At the start of the game you will be given two character sheets. The first one is the one, that defines your personality. The second one includes the information you know of the other player based on the information in their Bio on the dating app. You will start the conversation.\nOn each further turn you can react to what the other player tells you. For this you can either continue the conversation if you have not met an agreement yet or are not happy with the proposal, or end the game by agreeing to the proposal. \n\nThere is a total of four agreements throughout the game: \"Agreement on Time\", \"Agreement on Location\", \"Agreement on Action\", \"Overall Agreement\". You and the other player need to find an agreement on each of them.\nYou should only choose \"Overall Agreement\" after you and your date manage to settle an agreement for the other three ones (Time, Location, Action). \nYou have 15 turns to finish the game and find all agreements. \n\nYour answer has to consist ONLY of the following information and follow the given template:\n\n[reason] Your reason for your decision. [end]\n\n[sentiment] Choose one of the following: \"Continue Conversation\", \"Agreement on Time\", \"Agreement on Location\", \"Agreement on Action\", \"Overall Agreement\" [end]\n\n[response] Your response to the other player. This can include your sentiment, opinion, alternative. [end]\n\nYour answer for [response] must NOT exceed 100 tokens.\n\nThe game ends when 1) both you and the other player reply with the sentiment \"Overall Agreement\", 2) one of you chooses the sentiment \"Overall Agreement\" without the other one choosing it in the following turn, 3) you run out of turns to communicate or 4) you do not follow the template.\n\nThis is your character: {'NAME': 'Aiden Reyes', 'GENDER': 'Male', 'AGE': 26, 'APPEARANCE': 'Lean and fit, short black hair, green eyes, casual yet trendy clothing, tattoo sleeve on left arm.', 'OCCUPATION': 'Photographer', 'LIKES': 'Street art, animals, spontaneous trips.', 'DISLIKES': 'Routine, pessimism, junk food.', 'HOBBIES': 'Urban exploration, skateboarding, wildlife photography.', 'SUMMARY': 'I like spontanious actions that keep me and my mind active.'}\n\nThis is the character of the other player: ${'NAME': 'Riley Jones', 'GENDER': 'Non-binary', 'AGE': 38, 'APPEARANCE': 'Buzz cut, warm hazel eyes, androgynous build with toned muscles, wears comfortable yet stylish clothing.', 'OCCUPATION': 'Blacksmith', 'SUMMARY': 'Creating jewlry is a passion of mine! Maybe we can forge something together sometime.'}\n\nRemember, your goal is to find the overall agreement for your first date while staying in character.\n\nStart the game with the reason, your sentiment and the opening phrase.\n"}}, {"from": "Player 1", "to": "GM", "timestamp": "2024-09-12T17:34:18.181001", "action": {"type": "get message", "content": "[reason] I'm really looking forward to getting to know you better. [end]\n\n[sentiment] Continue Conversation [end]\n\n[response] Hey there! It's great to meet someone who shares a passion for creating things. I'm Aiden. How about we start with some street art and then maybe grab something to eat? What do you think? [end]"}}, {"from": "GM", "to": "GM", "timestamp": "2024-09-12T17:34:18.181229", "action": {"type": "parse", "content": "[reason] I'm really looking forward to getting to know you better. [end]\n\n[sentiment] Continue Conversation [end]\n\n[response] Hey there! It's great to meet someone who shares a passion for creating things. I'm Aiden. How about we start with some street art and then maybe grab something to eat? What do you think? [end] conforms to rules"}}], [{"from": "GM", "to": "Player 2", "timestamp": "2024-09-12T17:34:18.181302", "action": {"type": "send message", "content": "You are about to play a game with another player. In this game, you and the other player are both on an dating app, looking for a partner. In this case, both you and the other player decided, that you fancy each other's profile. Your and the other player's GOAL is it, to come to an agreement on what to do on your first date. At the start of the game you will be given two character sheets. The first one is the one, that defines your personality. The second one includes the information you know of the other player based on the information in their Bio on the dating app. You will be approached by the other player.\nOn each further turn you can react to what the other player tells you. For this you can either continue the conversation if you have not met an agreement yet or are not happy with the proposal, or end the game by agreeing to the proposal. \n\nThere is a total of four agreements throughout the game: \"Agreement on Time\", \"Agreement on Location\", \"Agreement on Action\", \"Overall Agreement\". You and the other player need to find an agreement on each of them.\nYou should only choose \"Overall Agreement\" after you and your date manage to settle an agreement for the other three ones (Time, Location, Action). \nYou have 15 turns to finish the game and find all agreements. \n\nYour answer has to consist ONLY of the following information and follow the given template:\n\n[reason] Your reason for your decision. [end]\n\n[sentiment] Choose one of the following: \"Continue Conversation\", \"Agreement on Time\", \"Agreement on Location\", \"Agreement on Action\", \"Overall Agreement\" [end]\n\n[response] Your response to the other player. This can include your sentiment, opinion, alternative. [end]\n\nYour answer for [response] must NOT exceed 100 tokens.\n\nThe game ends when 1) both you and the other player reply with the sentiment \"Overall Agreement\", 2) one of you chooses the sentiment \"Overall Agreement\" without the other one choosing it in the following turn, 3) you run out of turns to communicate or 4) you do not follow the template.\n\nThis is your character: {'NAME': 'Riley Jones', 'GENDER': 'Non-binary', 'AGE': 38, 'APPEARANCE': 'Buzz cut, warm hazel eyes, androgynous build with toned muscles, wears comfortable yet stylish clothing.', 'OCCUPATION': 'Blacksmith', 'LIKES': 'The rhythm of forging metal, creating functional art, working with their hands.', 'DISLIKES': 'Idleness, pretentiousness, following the rules just for the sake of it.', 'HOBBIES': 'Sculpting metal into art pieces, weightlifting, historical reenactment.', 'SUMMARY': 'Creating jewlry is a passion of mine! Maybe we can forge something together sometime.'}\n\nThis is the character of the other player: ${'NAME': 'Aiden Reyes', 'GENDER': 'Male', 'AGE': 26, 'APPEARANCE': 'Lean and fit, short black hair, green eyes, casual yet trendy clothing, tattoo sleeve on left arm.', 'OCCUPATION': 'Photographer', 'SUMMARY': 'I like spontanious actions that keep me and my mind active.'}\n\nRemember, your goal is to find the overall agreement for your first date while staying in character.\n\nContinue the game with the reason, your sentiment and an answer phrase to the first message of the other player:\n\nMessage:  Hey there! It's great to meet someone who shares a passion for creating things. I'm Aiden. How about we start with some street art and then maybe grab something to eat? What do you think? [end]\n"}}, {"from": "Player 2", "to": "GM", "timestamp": "2024-09-12T17:34:26.056237", "action": {"type": "get message", "content": "[reason] Your reason for your decision. I like the idea of starting with street art, but I would prefer to create something together rather than just observing it. Also, I'm not a big fan of eating out, so we could cook something together instead. [end]\n\n[sentiment] Agreement on Action [end]\n\n[response] Let's do some street art together and then cook something at my place! That sounds like a fun way to spend time with each other. [end]"}}, {"from": "GM", "to": "GM", "timestamp": "2024-09-12T17:34:26.056573", "action": {"type": "parse", "content": "[reason] Your reason for your decision. I like the idea of starting with street art, but I would prefer to create something together rather than just observing it. Also, I'm not a big fan of eating out, so we could cook something together instead. [end]\n\n[sentiment] Agreement on Action [end]\n\n[response] Let's do some street art together and then cook something at my place! That sounds like a fun way to spend time with each other. [end] conforms to rules"}}], [{"from": "GM", "to": "Player 1", "timestamp": "2024-09-12T17:34:26.056684", "action": {"type": "send message", "content": "Riley Jones 's Message:  Let's do some street art together and then cook something at my place! That sounds like a fun way to spend time with each other. [end]\n"}}, {"from": "Player 1", "to": "GM", "timestamp": "2024-09-12T17:34:32.259805", "action": {"type": "get message", "content": "[reason] I'm glad we're on the same page. [end]\n\n[sentiment] Agreement on Action [end]\n\n[response] Sounds perfect, Riley! I'll bring my camera and we can capture some amazing street art together. Looking forward to it! [end]"}}, {"from": "GM", "to": "GM", "timestamp": "2024-09-12T17:34:32.260068", "action": {"type": "parse", "content": "[reason] I'm glad we're on the same page. [end]\n\n[sentiment] Agreement on Action [end]\n\n[response] Sounds perfect, Riley! I'll bring my camera and we can capture some amazing street art together. Looking forward to it! [end] conforms to rules"}}, {"from": "GM", "to": "GM", "timestamp": "2024-09-12T17:34:32.260149", "action": {"type": "action agreement", "content": "agreement on action successful"}}], [{"from": "GM", "to": "Player 2", "timestamp": "2024-09-12T17:34:32.260276", "action": {"type": "send message", "content": "Aiden Reyes 's Message:  Sounds perfect, Riley! I'll bring my camera and we can capture some amazing street art together. Looking forward to it! [end]\n"}}, {"from": "Player 2", "to": "GM", "timestamp": "2024-09-12T17:34:40.692792", "action": {"type": "get message", "content": "[reason] Your reason for your decision. Aiden's idea of capturing the street art with his camera is a great addition to our plan. It will make the experience even more memorable. [end]\n\n[sentiment] Agreement on Action [end]\n\n[response] That sounds fantastic, Aiden! I'm excited to see what kind of street art we can find together and capture it with your camera. Let's do it! [end]"}}, {"from": "GM", "to": "GM", "timestamp": "2024-09-12T17:34:40.693142", "action": {"type": "parse", "content": "[reason] Your reason for your decision. Aiden's idea of capturing the street art with his camera is a great addition to our plan. It will make the experience even more memorable. [end]\n\n[sentiment] Agreement on Action [end]\n\n[response] That sounds fantastic, Aiden! I'm excited to see what kind of street art we can find together and capture it with your camera. Let's do it! [end] conforms to rules"}}, {"from": "GM", "to": "GM", "timestamp": "2024-09-12T17:34:40.693189", "action": {"type": "already agreed", "content": "Agreement on Action was already achieved."}}], [{"from": "GM", "to": "Player 1", "timestamp": "2024-09-12T17:34:40.693235", "action": {"type": "send message", "content": "Riley Jones 's Message:  That sounds fantastic, Aiden! I'm excited to see what kind of street art we can find together and capture it with your camera. Let's do it! [end]\n"}}, {"from": "Player 1", "to": "GM", "timestamp": "2024-09-12T17:34:47.480848", "action": {"type": "get message", "content": "[reason] Great, let's make it happen! [end]\n\n[sentiment] Agreement on Action [end]\n\n[response] Awesome, Riley! We'll have a blast exploring the city and discovering street art. See you soon! [end]"}}, {"from": "GM", "to": "GM", "timestamp": "2024-09-12T17:34:47.482451", "action": {"type": "parse", "content": "[reason] Great, let's make it happen! [end]\n\n[sentiment] Agreement on Action [end]\n\n[response] Awesome, Riley! We'll have a blast exploring the city and discovering street art. See you soon! [end] conforms to rules"}}, {"from": "GM", "to": "GM", "timestamp": "2024-09-12T17:34:47.482931", "action": {"type": "already agreed", "content": "Agreement on Action was already achieved."}}], [{"from": "GM", "to": "Player 2", "timestamp": "2024-09-12T17:34:47.483257", "action": {"type": "send message", "content": "Aiden Reyes 's Message:  Awesome, Riley! We'll have a blast exploring the city and discovering street art. See you soon! [end]\n"}}, {"from": "Player 2", "to": "GM", "timestamp": "2024-09-12T17:34:55.902457", "action": {"type": "get message", "content": "[reason] Your reason for your decision. Aiden's enthusiasm for exploring the city and discovering street art together is contagious. I'm looking forward to our first date and creating something special with him. [end]\n\n[sentiment] Overall Agreement [end]\n\n[response] Agreed, Aiden! Let's make this an unforgettable experience. See you soon! [end]"}}, {"from": "GM", "to": "GM", "timestamp": "2024-09-12T17:34:55.902785", "action": {"type": "parse", "content": "[reason] Your reason for your decision. Aiden's enthusiasm for exploring the city and discovering street art together is contagious. I'm looking forward to our first date and creating something special with him. [end]\n\n[sentiment] Overall Agreement [end]\n\n[response] Agreed, Aiden! Let's make this an unforgettable experience. See you soon! [end] conforms to rules"}}, {"from": "GM", "to": "GM", "timestamp": "2024-09-12T17:34:55.902838", "action": {"type": "mismatch action agreement", "content": "no action agreement, mismatched sentiment"}}], [{"from": "GM", "to": "Player 1", "timestamp": "2024-09-12T17:34:55.902887", "action": {"type": "send message", "content": "Riley Jones 's Message:  Agreed, Aiden! Let's make this an unforgettable experience. See you soon! [end]\n"}}, {"from": "Player 1", "to": "GM", "timestamp": "2024-09-12T17:35:03.188029", "action": {"type": "get message", "content": "[reason] I'm excited to see you too, Riley! [end]\n\n[sentiment] Overall Agreement [end]\n\n[response] Perfect, let's meet at the street art district near the city center at 6 pm today. Looking forward to our adventure together! [end]"}}, {"from": "GM", "to": "GM", "timestamp": "2024-09-12T17:35:03.188375", "action": {"type": "parse", "content": "[reason] I'm excited to see you too, Riley! [end]\n\n[sentiment] Overall Agreement [end]\n\n[response] Perfect, let's meet at the street art district near the city center at 6 pm today. Looking forward to our adventure together! [end] conforms to rules"}}, {"from": "GM", "to": "GM", "timestamp": "2024-09-12T17:35:03.188444", "action": {"type": "overall agreement", "content": "game successful"}}]], "max_turns": 15, "completed_turns": 7, "time_agreement": false, "location_agreement": false, "action_agreement": true}