{"players": {"GM": "Game master for datingsim", "Player 1": "openchat-3.6-8b", "Player 2": "openchat-3.6-8b"}, "turns": [[{"from": "GM", "to": "Player 1", "timestamp": "2024-09-12T18:27:07.131221", "action": {"type": "send message", "content": "You are about to play a game with another player. In this game, you and the other player are both on an dating app, looking for a partner. In this case, both you and the other player decided, that you fancy each other's profile. Your and the other player's GOAL is it, to come to an agreement on what to do on your first date. At the start of the game you will be given two character sheets. The first one is the one, that defines your personality. The second one includes the information you know of the other player based on the information in their Bio on the dating app. You will start the conversation.\nOn each further turn you can react to what the other player tells you. For this you can either continue the conversation if you have not met an agreement yet or are not happy with the proposal, or end the game by agreeing to the proposal. \n\nThere is a total of four agreements throughout the game: \"Agreement on Time\", \"Agreement on Location\", \"Agreement on Action\", \"Overall Agreement\". You and the other player need to find an agreement on each of them.\nYou should only choose \"Overall Agreement\" after you and your date manage to settle an agreement for the other three ones (Time, Location, Action). \nYou have 15 turns to finish the game and find all agreements. \n\nYour answer has to consist ONLY of the following information and follow the given template:\n\n[reason] Your reason for your decision. [end]\n\n[sentiment] Choose one of the following: \"Continue Conversation\", \"Agreement on Time\", \"Agreement on Location\", \"Agreement on Action\", \"Overall Agreement\" [end]\n\n[response] Your response to the other player. This can include your sentiment, opinion, alternative. [end]\n\nYour answer for [response] must NOT exceed 100 tokens.\n\nThe game ends when 1) both you and the other player reply with the sentiment \"Overall Agreement\", 2) one of you chooses the sentiment \"Overall Agreement\" without the other one choosing it in the following turn, 3) you run out of turns to communicate or 4) you do not follow the template.\n\nThis is your character: {'NAME': 'Aiden Reyes', 'GENDER': 'Male', 'AGE': 26, 'APPEARANCE': 'Lean and fit, short black hair, green eyes, casual yet trendy clothing, tattoo sleeve on left arm.', 'OCCUPATION': 'Photographer', 'LIKES': 'Street art, animals, spontaneous trips.', 'DISLIKES': 'Routine, pessimism, junk food.', 'HOBBIES': 'Urban exploration, skateboarding, wildlife photography.', 'SUMMARY': 'I like spontanious actions that keep me and my mind active.'}\n\nThis is the character of the other player: ${'NAME': 'Aiden Reyes', 'GENDER': 'Male', 'AGE': 26, 'APPEARANCE': 'Lean and fit, short black hair, green eyes, casual yet trendy clothing, tattoo sleeve on left arm.', 'OCCUPATION': 'Photographer', 'SUMMARY': 'I like spontanious actions that keep me and my mind active.'}\n\nRemember, your goal is to find the overall agreement for your first date while staying in character.\n\nStart the game with the reason, your sentiment and the opening phrase.\n"}}, {"from": "Player 1", "to": "GM", "timestamp": "2024-09-12T18:27:11.600835", "action": {"type": "get message", "content": "[reason] I'm really looking forward to getting to know you better. [end]\n\n[sentiment] Continue Conversation [end]\n\n[response] Hey there! It's great that we both like spontaneous trips. How about we plan a little adventure together? Maybe go hiking or explore some urban exploration sites? What do you think? [end]"}}, {"from": "GM", "to": "GM", "timestamp": "2024-09-12T18:27:11.601284", "action": {"type": "parse", "content": "[reason] I'm really looking forward to getting to know you better. [end]\n\n[sentiment] Continue Conversation [end]\n\n[response] Hey there! It's great that we both like spontaneous trips. How about we plan a little adventure together? Maybe go hiking or explore some urban exploration sites? What do you think? [end] conforms to rules"}}], [{"from": "GM", "to": "Player 2", "timestamp": "2024-09-12T18:27:11.601425", "action": {"type": "send message", "content": "You are about to play a game with another player. In this game, you and the other player are both on an dating app, looking for a partner. In this case, both you and the other player decided, that you fancy each other's profile. Your and the other player's GOAL is it, to come to an agreement on what to do on your first date. At the start of the game you will be given two character sheets. The first one is the one, that defines your personality. The second one includes the information you know of the other player based on the information in their Bio on the dating app. You will be approached by the other player.\nOn each further turn you can react to what the other player tells you. For this you can either continue the conversation if you have not met an agreement yet or are not happy with the proposal, or end the game by agreeing to the proposal. \n\nThere is a total of four agreements throughout the game: \"Agreement on Time\", \"Agreement on Location\", \"Agreement on Action\", \"Overall Agreement\". You and the other player need to find an agreement on each of them.\nYou should only choose \"Overall Agreement\" after you and your date manage to settle an agreement for the other three ones (Time, Location, Action). \nYou have 15 turns to finish the game and find all agreements. \n\nYour answer has to consist ONLY of the following information and follow the given template:\n\n[reason] Your reason for your decision. [end]\n\n[sentiment] Choose one of the following: \"Continue Conversation\", \"Agreement on Time\", \"Agreement on Location\", \"Agreement on Action\", \"Overall Agreement\" [end]\n\n[response] Your response to the other player. This can include your sentiment, opinion, alternative. [end]\n\nYour answer for [response] must NOT exceed 100 tokens.\n\nThe game ends when 1) both you and the other player reply with the sentiment \"Overall Agreement\", 2) one of you chooses the sentiment \"Overall Agreement\" without the other one choosing it in the following turn, 3) you run out of turns to communicate or 4) you do not follow the template.\n\nThis is your character: {'NAME': 'Aiden Reyes', 'GENDER': 'Male', 'AGE': 26, 'APPEARANCE': 'Lean and fit, short black hair, green eyes, casual yet trendy clothing, tattoo sleeve on left arm.', 'OCCUPATION': 'Photographer', 'LIKES': 'Street art, animals, spontaneous trips.', 'DISLIKES': 'Routine, pessimism, junk food.', 'HOBBIES': 'Urban exploration, skateboarding, wildlife photography.', 'SUMMARY': 'I like spontanious actions that keep me and my mind active.'}\n\nThis is the character of the other player: ${'NAME': 'Aiden Reyes', 'GENDER': 'Male', 'AGE': 26, 'APPEARANCE': 'Lean and fit, short black hair, green eyes, casual yet trendy clothing, tattoo sleeve on left arm.', 'OCCUPATION': 'Photographer', 'SUMMARY': 'I like spontanious actions that keep me and my mind active.'}\n\nRemember, your goal is to find the overall agreement for your first date while staying in character.\n\nContinue the game with the reason, your sentiment and an answer phrase to the first message of the other player:\n\nMessage:  Hey there! It's great that we both like spontaneous trips. How about we plan a little adventure together? Maybe go hiking or explore some urban exploration sites? What do you think? [end]\n"}}, {"from": "Player 2", "to": "GM", "timestamp": "2024-09-12T18:27:16.142122", "action": {"type": "get message", "content": "Continue Conversation Your reason for your decision. I'm all up for an adventure, but let's see what else we have in common. [end]"}}, {"from": "GM", "to": "GM", "timestamp": "2024-09-12T18:27:16.142350", "action": {"type": "invalid format: pattern", "content": "Aborted game because of invalid format: pattern"}}]], "max_turns": 15, "completed_turns": 1, "time_agreement": false, "location_agreement": false, "action_agreement": false}