{"players": {"GM": "Game master for datingsim", "Player 1": "openchat-3.6-8b", "Player 2": "openchat-3.6-8b"}, "turns": [[{"from": "GM", "to": "Player 1", "timestamp": "2024-09-12T19:20:14.382559", "action": {"type": "send message", "content": "You are about to play a game with another player. In this game, you and the other player are both on an dating app, looking for a partner. In this case, both you and the other player decided, that you fancy each other's profile. Your and the other player's GOAL is it, to come to an agreement on what to do on your first date. At the start of the game you will be given two character sheets. The first one is the one, that defines your personality. The second one includes the information you know of the other player based on the information in their Bio on the dating app. You will start the conversation.\nOn each further turn you can react to what the other player tells you. For this you can either continue the conversation if you have not met an agreement yet or are not happy with the proposal, or end the game by agreeing to the proposal. \n\nThere is a total of four agreements throughout the game: \"Agreement on Time\", \"Agreement on Location\", \"Agreement on Action\", \"Overall Agreement\". You and the other player need to find an agreement on each of them.\nYou should only choose \"Overall Agreement\" after you and your date manage to settle an agreement for the other three ones (Time, Location, Action). \nYou have 10 turns to finish the game and find all agreements. \n\nYour answer has to consist ONLY of the following information and follow the given template:\n\n[reason] Your reason for your decision. [end]\n\n[sentiment] Choose one of the following: \"Continue Conversation\", \"Agreement on Time\", \"Agreement on Location\", \"Agreement on Action\", \"Overall Agreement\" [end]\n\n[response] Your response to the other player. This can include your sentiment, opinion, alternative. [end]\n\nYour answer for [response] must NOT exceed 100 tokens.\n\nThe game ends when 1) both you and the other player reply with the sentiment \"Overall Agreement\", 2) one of you chooses the sentiment \"Overall Agreement\" without the other one choosing it in the following turn, 3) you run out of turns to communicate or 4) you do not follow the template.\n\nThis is your character: {'NAME': 'Emily Chen', 'GENDER': 'Female', 'AGE': 31, 'APPEARANCE': 'Long black hair, almond-shaped eyes, medium height, elegant fashion, calm demeanor.', 'OCCUPATION': 'Pediatrician', 'LIKES': 'Baking, classical music, beach sunsets.', 'DISLIKES': 'Loud noises, clutter, spicy food.', 'HOBBIES': 'Playing piano, reading, baking desserts.', 'SUMMARY': 'I have a sweet tooth and enjoy calm evenings.'}\n\nThis is the character of the other player: ${'NAME': 'Chloe Kim', 'GENDER': 'Female', 'AGE': 21, 'APPEARANCE': 'Confident smirk, bright green eyes, athletic build, wears comfortable clothes with a sporty flair.', 'OCCUPATION': 'Lead Mechanic at a Motorcycle Repair Shop', 'SUMMARY': 'I am a pretty confident mechanic who looves a good challenge.'}\n\nRemember, your goal is to find the overall agreement for your first date while staying in character.\n\nStart the game with the reason, your sentiment and the opening phrase.\n"}}, {"from": "Player 1", "to": "GM", "timestamp": "2024-09-12T19:20:18.759560", "action": {"type": "get message", "content": "[reason] I'm really looking forward to getting to know you better. [end]\n\n[sentiment] Continue Conversation [end]\n\n[response] That's great! What do you think about going out for a cup of coffee at a local cafe? It's quiet, so it should be perfect for our first date. [end]"}}, {"from": "GM", "to": "GM", "timestamp": "2024-09-12T19:20:18.759834", "action": {"type": "parse", "content": "[reason] I'm really looking forward to getting to know you better. [end]\n\n[sentiment] Continue Conversation [end]\n\n[response] That's great! What do you think about going out for a cup of coffee at a local cafe? It's quiet, so it should be perfect for our first date. [end] conforms to rules"}}], [{"from": "GM", "to": "Player 2", "timestamp": "2024-09-12T19:20:18.759928", "action": {"type": "send message", "content": "You are about to play a game with another player. In this game, you and the other player are both on an dating app, looking for a partner. In this case, both you and the other player decided, that you fancy each other's profile. Your and the other player's GOAL is it, to come to an agreement on what to do on your first date. At the start of the game you will be given two character sheets. The first one is the one, that defines your personality. The second one includes the information you know of the other player based on the information in their Bio on the dating app. You will be approached by the other player.\nOn each further turn you can react to what the other player tells you. For this you can either continue the conversation if you have not met an agreement yet or are not happy with the proposal, or end the game by agreeing to the proposal. \n\nThere is a total of four agreements throughout the game: \"Agreement on Time\", \"Agreement on Location\", \"Agreement on Action\", \"Overall Agreement\". You and the other player need to find an agreement on each of them.\nYou should only choose \"Overall Agreement\" after you and your date manage to settle an agreement for the other three ones (Time, Location, Action). \nYou have 10 turns to finish the game and find all agreements. \n\nYour answer has to consist ONLY of the following information and follow the given template:\n\n[reason] Your reason for your decision. [end]\n\n[sentiment] Choose one of the following: \"Continue Conversation\", \"Agreement on Time\", \"Agreement on Location\", \"Agreement on Action\", \"Overall Agreement\" [end]\n\n[response] Your response to the other player. This can include your sentiment, opinion, alternative. [end]\n\nYour answer for [response] must NOT exceed 100 tokens.\n\nThe game ends when 1) both you and the other player reply with the sentiment \"Overall Agreement\", 2) one of you chooses the sentiment \"Overall Agreement\" without the other one choosing it in the following turn, 3) you run out of turns to communicate or 4) you do not follow the template.\n\nThis is your character: {'NAME': 'Chloe Kim', 'GENDER': 'Female', 'AGE': 21, 'APPEARANCE': 'Confident smirk, bright green eyes, athletic build, wears comfortable clothes with a sporty flair.', 'OCCUPATION': 'Lead Mechanic at a Motorcycle Repair Shop', 'LIKES': 'Fixing things with her own hands, the roar of a motorcycle engine, a good challenge.', 'DISLIKES': 'Idleness, people who give up easily, following the crowd.', 'HOBBIES': 'Motocross racing (competitively), tinkering with old machines, participating in hackathons.', 'SUMMARY': 'I am a pretty confident mechanic who looves a good challenge.'}\n\nThis is the character of the other player: ${'NAME': 'Emily Chen', 'GENDER': 'Female', 'AGE': 31, 'APPEARANCE': 'Long black hair, almond-shaped eyes, medium height, elegant fashion, calm demeanor.', 'OCCUPATION': 'Pediatrician', 'SUMMARY': 'I have a sweet tooth and enjoy calm evenings.'}\n\nRemember, your goal is to find the overall agreement for your first date while staying in character.\n\nContinue the game with the reason, your sentiment and an answer phrase to the first message of the other player:\n\nMessage:  That's great! What do you think about going out for a cup of coffee at a local cafe? It's quiet, so it should be perfect for our first date. [end]\n"}}, {"from": "Player 2", "to": "GM", "timestamp": "2024-09-12T19:20:24.764147", "action": {"type": "get message", "content": "[reason] I'm glad we're meeting up! Coffee sounds like a good idea. [end]\n\n[sentiment] Agreement on Location [end]\n\n[response] That's a great suggestion! A local cafe would be perfect for us to get to know each other better. [end]"}}, {"from": "GM", "to": "GM", "timestamp": "2024-09-12T19:20:24.764477", "action": {"type": "parse", "content": "[reason] I'm glad we're meeting up! Coffee sounds like a good idea. [end]\n\n[sentiment] Agreement on Location [end]\n\n[response] That's a great suggestion! A local cafe would be perfect for us to get to know each other better. [end] conforms to rules"}}], [{"from": "GM", "to": "Player 1", "timestamp": "2024-09-12T19:20:24.764606", "action": {"type": "send message", "content": "Chloe Kim 's Message:  That's a great suggestion! A local cafe would be perfect for us to get to know each other better. [end]\n"}}, {"from": "Player 1", "to": "GM", "timestamp": "2024-09-12T19:20:31.338471", "action": {"type": "get message", "content": "[reason] I'm glad you like the idea of going to a cafe. [end]\n\n[sentiment] Agreement on Location [end]\n\n[response] Great, so we've agreed on the location. Now let's move on to deciding what time would be best for us both. What are your thoughts? [end]"}}, {"from": "GM", "to": "GM", "timestamp": "2024-09-12T19:20:31.338858", "action": {"type": "parse", "content": "[reason] I'm glad you like the idea of going to a cafe. [end]\n\n[sentiment] Agreement on Location [end]\n\n[response] Great, so we've agreed on the location. Now let's move on to deciding what time would be best for us both. What are your thoughts? [end] conforms to rules"}}, {"from": "GM", "to": "GM", "timestamp": "2024-09-12T19:20:31.338953", "action": {"type": "location agreement", "content": "agreement on location successful"}}], [{"from": "GM", "to": "Player 2", "timestamp": "2024-09-12T19:20:31.339149", "action": {"type": "send message", "content": "Emily Chen 's Message:  Great, so we've agreed on the location. Now let's move on to deciding what time would be best for us both. What are your thoughts? [end]\n"}}, {"from": "Player 2", "to": "GM", "timestamp": "2024-09-12T19:20:38.039891", "action": {"type": "get message", "content": "[reason] I'm excited about our date! How about we meet up around 6 pm? [end]\n\n[sentiment] Agreement on Time [end]\n\n[response] That works great for me, let's meet at 6 pm and enjoy a nice cup of coffee together. [end]"}}, {"from": "GM", "to": "GM", "timestamp": "2024-09-12T19:20:38.040285", "action": {"type": "parse", "content": "[reason] I'm excited about our date! How about we meet up around 6 pm? [end]\n\n[sentiment] Agreement on Time [end]\n\n[response] That works great for me, let's meet at 6 pm and enjoy a nice cup of coffee together. [end] conforms to rules"}}, {"from": "GM", "to": "GM", "timestamp": "2024-09-12T19:20:38.040369", "action": {"type": "mismatch location agreement", "content": "no location agreement, mismatched sentiment"}}], [{"from": "GM", "to": "Player 1", "timestamp": "2024-09-12T19:20:38.040621", "action": {"type": "send message", "content": "Chloe Kim 's Message:  That works great for me, let's meet at 6 pm and enjoy a nice cup of coffee together. [end]\n"}}, {"from": "Player 1", "to": "GM", "timestamp": "2024-09-12T19:20:44.917648", "action": {"type": "get message", "content": "[reason] I think that sounds like a good time to meet up. [end]\n\n[sentiment] Agreement on Time [end]\n\n[response] Awesome! We've agreed on the time as well. Now, let's decide what we'll do during our date. Any ideas? [end]"}}, {"from": "GM", "to": "GM", "timestamp": "2024-09-12T19:20:44.917781", "action": {"type": "parse", "content": "[reason] I think that sounds like a good time to meet up. [end]\n\n[sentiment] Agreement on Time [end]\n\n[response] Awesome! We've agreed on the time as well. Now, let's decide what we'll do during our date. Any ideas? [end] conforms to rules"}}, {"from": "GM", "to": "GM", "timestamp": "2024-09-12T19:20:44.917805", "action": {"type": "time agreement", "content": "agreement on time successful"}}], [{"from": "GM", "to": "Player 2", "timestamp": "2024-09-12T19:20:44.917841", "action": {"type": "send message", "content": "Emily Chen 's Message:  Awesome! We've agreed on the time as well. Now, let's decide what we'll do during our date. Any ideas? [end]\n"}}, {"from": "Player 2", "to": "GM", "timestamp": "2024-09-12T19:20:52.768221", "action": {"type": "get message", "content": "[reason] I think it would be fun to go for a walk in the park after our coffee. What do you think? [end]\n\n[sentiment] Agreement on Action [end]\n\n[response] That sounds like a great idea! A walk in the park would be perfect to get some fresh air and enjoy each other's company. [end]"}}, {"from": "GM", "to": "GM", "timestamp": "2024-09-12T19:20:52.768471", "action": {"type": "parse", "content": "[reason] I think it would be fun to go for a walk in the park after our coffee. What do you think? [end]\n\n[sentiment] Agreement on Action [end]\n\n[response] That sounds like a great idea! A walk in the park would be perfect to get some fresh air and enjoy each other's company. [end] conforms to rules"}}, {"from": "GM", "to": "GM", "timestamp": "2024-09-12T19:20:52.768514", "action": {"type": "mismatch time agreement", "content": "no time agreement, mismatched sentiment"}}], [{"from": "GM", "to": "Player 1", "timestamp": "2024-09-12T19:20:52.768568", "action": {"type": "send message", "content": "Chloe Kim 's Message:  That sounds like a great idea! A walk in the park would be perfect to get some fresh air and enjoy each other's company. [end]\n"}}, {"from": "Player 1", "to": "GM", "timestamp": "2024-09-12T19:21:00.549150", "action": {"type": "get message", "content": "[reason] I'm glad you suggested that. It seems like a lovely way to spend time together. [end]\n\n[sentiment] Agreement on Action [end]\n\n[response] Great! We've agreed on the action for our date as well. Now, let's make an Overall Agreement so we can finalize our plans. [end]"}}, {"from": "GM", "to": "GM", "timestamp": "2024-09-12T19:21:00.549426", "action": {"type": "parse", "content": "[reason] I'm glad you suggested that. It seems like a lovely way to spend time together. [end]\n\n[sentiment] Agreement on Action [end]\n\n[response] Great! We've agreed on the action for our date as well. Now, let's make an Overall Agreement so we can finalize our plans. [end] conforms to rules"}}, {"from": "GM", "to": "GM", "timestamp": "2024-09-12T19:21:00.549499", "action": {"type": "action agreement", "content": "agreement on action successful"}}], [{"from": "GM", "to": "Player 2", "timestamp": "2024-09-12T19:21:00.549737", "action": {"type": "send message", "content": "Emily Chen 's Message:  Great! We've agreed on the action for our date as well. Now, let's make an Overall Agreement so we can finalize our plans. [end]\n"}}, {"from": "Player 2", "to": "GM", "timestamp": "2024-09-12T19:21:09.103516", "action": {"type": "get message", "content": "[reason] I'm really looking forward to our first date! Let's go ahead and make the Overall Agreement. [end]\n\n[sentiment] Overall Agreement [end]\n\n[response] I agree, it's time to make the Overall Agreement. I'm excited for our first date at 6 pm in the local cafe followed by a walk in the park. [end]"}}, {"from": "GM", "to": "GM", "timestamp": "2024-09-12T19:21:09.103946", "action": {"type": "parse", "content": "[reason] I'm really looking forward to our first date! Let's go ahead and make the Overall Agreement. [end]\n\n[sentiment] Overall Agreement [end]\n\n[response] I agree, it's time to make the Overall Agreement. I'm excited for our first date at 6 pm in the local cafe followed by a walk in the park. [end] conforms to rules"}}, {"from": "GM", "to": "GM", "timestamp": "2024-09-12T19:21:09.103980", "action": {"type": "mismatch action agreement", "content": "no action agreement, mismatched sentiment"}}], [{"from": "GM", "to": "Player 1", "timestamp": "2024-09-12T19:21:09.104025", "action": {"type": "send message", "content": "Chloe Kim 's Message:  I agree, it's time to make the Overall Agreement. I'm excited for our first date at 6 pm in the local cafe followed by a walk in the park. [end]\n"}}, {"from": "Player 1", "to": "GM", "timestamp": "2024-09-12T19:21:17.207106", "action": {"type": "get message", "content": "[reason] I'm so happy we could come up with this plan together! [end]\n\n[sentiment] Overall Agreement [end]\n\n[response] Me too! Looking forward to meeting you at 6 pm in the local cafe and then taking a walk in the park. See you soon! [end]"}}, {"from": "GM", "to": "GM", "timestamp": "2024-09-12T19:21:17.207376", "action": {"type": "parse", "content": "[reason] I'm so happy we could come up with this plan together! [end]\n\n[sentiment] Overall Agreement [end]\n\n[response] Me too! Looking forward to meeting you at 6 pm in the local cafe and then taking a walk in the park. See you soon! [end] conforms to rules"}}, {"from": "GM", "to": "GM", "timestamp": "2024-09-12T19:21:17.207444", "action": {"type": "overall agreement", "content": "game successful"}}]], "max_turns": 10, "completed_turns": 9, "time_agreement": true, "location_agreement": true, "action_agreement": true}