{"players": {"GM": "Game master for datingsim", "Player 1": "Mixtral-8x22B-Instruct-v0.1", "Player 2": "Mixtral-8x22B-Instruct-v0.1"}, "turns": [[{"from": "GM", "to": "Player 1", "timestamp": "2024-09-12T14:38:53.313089", "action": {"type": "send message", "content": "You are about to play a game with another player. In this game, you and the other player are both on an dating app, looking for a partner. In this case, both you and the other player decided, that you fancy each other's profile. Your and the other player's GOAL is it, to come to an agreement on what to do on your first date. At the start of the game you will be given two character sheets. The first one is the one, that defines your personality. The second one includes the information you know of the other player based on the information in their Bio on the dating app. You will start the conversation.\nOn each further turn you can react to what the other player tells you. For this you can either continue the conversation if you have not met an agreement yet or are not happy with the proposal, or end the game by agreeing to the proposal. \n\nThere is a total of four agreements throughout the game: \"Agreement on Time\", \"Agreement on Location\", \"Agreement on Action\", \"Overall Agreement\". You and the other player need to find an agreement on each of them.\nYou should only choose \"Overall Agreement\" after you and your date manage to settle an agreement for the other three ones (Time, Location, Action). \nYou have 15 turns to finish the game and find all agreements. \n\nYour answer has to consist ONLY of the following information and follow the given template:\n\n[reason] Your reason for your decision. [end]\n\n[sentiment] Choose one of the following: \"Continue Conversation\", \"Agreement on Time\", \"Agreement on Location\", \"Agreement on Action\", \"Overall Agreement\" [end]\n\n[response] Your response to the other player. This can include your sentiment, opinion, alternative. [end]\n\nYour answer for [response] must NOT exceed 100 tokens.\n\nThe game ends when 1) both you and the other player reply with the sentiment \"Overall Agreement\", 2) one of you chooses the sentiment \"Overall Agreement\" without the other one choosing it in the following turn, 3) you run out of turns to communicate or 4) you do not follow the template.\n\nThis is your character: {'NAME': 'Ethan Cooper', 'GENDER': 'Male', 'AGE': 28, 'APPEARANCE': 'Athletic build, tousled brown hair, blue eyes, casual but stylish clothing, confident smile.', 'OCCUPATION': 'Software Engineer', 'LIKES': 'Hiking, indie music, coffee shops.', 'DISLIKES': 'Crowded places, dishonesty, early mornings.', 'HOBBIES': 'Rock climbing, playing guitar, video game development.', 'SUMMARY': \"Digital or real world, I like both as liink as they're not too crowded.\"}\n\nThis is the character of the other player: ${'NAME': 'Ethan Cooper', 'GENDER': 'Male', 'AGE': 28, 'APPEARANCE': 'Athletic build, tousled brown hair, blue eyes, casual but stylish clothing, confident smile.', 'OCCUPATION': 'Software Engineer', 'LIKES': 'Hiking, indie music, coffee shops.', 'DISLIKES': 'Crowded places, dishonesty, early mornings.', 'HOBBIES': 'Rock climbing, playing guitar, video game development.', 'SUMMARY': \"Digital or real world, I like both as liink as they're not too crowded.\"}\n\nRemember, your goal is to find the overall agreement for your first date while staying in character.\n\nStart the game with the reason, your sentiment and the opening phrase.\n"}}, {"from": "Player 1", "to": "GM", "timestamp": "2024-09-12T14:38:54.624705", "action": {"type": "get message", "content": "[reason] Based on our shared interests and dislikes, I believe we could have a great first date. [end]\n\n[sentiment] Continue Conversation [end]\n\n[response] Hi Ethan, it's great to see we have a lot in common! How about we start planning our first date? I was thinking we could avoid early mornings and crowded places. What do you think? [end]"}}, {"from": "GM", "to": "GM", "timestamp": "2024-09-12T14:38:54.624705", "action": {"type": "parse", "content": "[reason] Based on our shared interests and dislikes, I believe we could have a great first date. [end]\n\n[sentiment] Continue Conversation [end]\n\n[response] Hi Ethan, it's great to see we have a lot in common! How about we start planning our first date? I was thinking we could avoid early mornings and crowded places. What do you think? [end] conforms to rules"}}], [{"from": "GM", "to": "Player 2", "timestamp": "2024-09-12T14:38:54.624705", "action": {"type": "send message", "content": "You are about to play a game with another player. In this game, you and the other player are both on an dating app, looking for a partner. In this case, both you and the other player decided, that you fancy each other's profile. Your and the other player's GOAL is it, to come to an agreement on what to do on your first date. At the start of the game you will be given two character sheets. The first one is the one, that defines your personality. The second one includes the information you know of the other player based on the information in their Bio on the dating app. You will be approached by the other player.\nOn each further turn you can react to what the other player tells you. For this you can either continue the conversation if you have not met an agreement yet or are not happy with the proposal, or end the game by agreeing to the proposal. \n\nThere is a total of four agreements throughout the game: \"Agreement on Time\", \"Agreement on Location\", \"Agreement on Action\", \"Overall Agreement\". You and the other player need to find an agreement on each of them.\nYou should only choose \"Overall Agreement\" after you and your date manage to settle an agreement for the other three ones (Time, Location, Action). \nYou have 15 turns to finish the game and find all agreements. \n\nYour answer has to consist ONLY of the following information and follow the given template:\n\n[reason] Your reason for your decision. [end]\n\n[sentiment] Choose one of the following: \"Continue Conversation\", \"Agreement on Time\", \"Agreement on Location\", \"Agreement on Action\", \"Overall Agreement\" [end]\n\n[response] Your response to the other player. This can include your sentiment, opinion, alternative. [end]\n\nYour answer for [response] must NOT exceed 100 tokens.\n\nThe game ends when 1) both you and the other player reply with the sentiment \"Overall Agreement\", 2) one of you chooses the sentiment \"Overall Agreement\" without the other one choosing it in the following turn, 3) you run out of turns to communicate or 4) you do not follow the template.\n\nThis is your character: {'NAME': 'Ethan Cooper', 'GENDER': 'Male', 'AGE': 28, 'APPEARANCE': 'Athletic build, tousled brown hair, blue eyes, casual but stylish clothing, confident smile.', 'OCCUPATION': 'Software Engineer', 'LIKES': 'Hiking, indie music, coffee shops.', 'DISLIKES': 'Crowded places, dishonesty, early mornings.', 'HOBBIES': 'Rock climbing, playing guitar, video game development.', 'SUMMARY': \"Digital or real world, I like both as liink as they're not too crowded.\"}\n\nThis is the character of the other player: ${'NAME': 'Ethan Cooper', 'GENDER': 'Male', 'AGE': 28, 'APPEARANCE': 'Athletic build, tousled brown hair, blue eyes, casual but stylish clothing, confident smile.', 'OCCUPATION': 'Software Engineer', 'LIKES': 'Hiking, indie music, coffee shops.', 'DISLIKES': 'Crowded places, dishonesty, early mornings.', 'HOBBIES': 'Rock climbing, playing guitar, video game development.', 'SUMMARY': \"Digital or real world, I like both as liink as they're not too crowded.\"}\n\nRemember, your goal is to find the overall agreement for your first date while staying in character.\n\nContinue the game with the reason, your sentiment and an answer phrase to the first message of the other player:\n\nMessage:  Hi Ethan, it's great to see we have a lot in common! How about we start planning our first date? I was thinking we could avoid early mornings and crowded places. What do you think? [end]\n"}}, {"from": "Player 2", "to": "GM", "timestamp": "2024-09-12T14:38:55.958221", "action": {"type": "get message", "content": "[reason] The other player has suggested avoiding early mornings and crowded places, which aligns with my preferences. [end]\n\n[sentiment] Continue Conversation [end]\n\n[response] Hi there! I'm glad we share similar interests and preferences. I completely agree with avoiding early mornings and crowded places. How about we discuss the time and location next? [end]"}}, {"from": "GM", "to": "GM", "timestamp": "2024-09-12T14:38:55.959222", "action": {"type": "parse", "content": "[reason] The other player has suggested avoiding early mornings and crowded places, which aligns with my preferences. [end]\n\n[sentiment] Continue Conversation [end]\n\n[response] Hi there! I'm glad we share similar interests and preferences. I completely agree with avoiding early mornings and crowded places. How about we discuss the time and location next? [end] conforms to rules"}}], [{"from": "GM", "to": "Player 1", "timestamp": "2024-09-12T14:38:55.959222", "action": {"type": "send message", "content": "Ethan Cooper 's Message:  Hi there! I'm glad we share similar interests and preferences. I completely agree with avoiding early mornings and crowded places. How about we discuss the time and location next? [end]\n"}}, {"from": "Player 1", "to": "GM", "timestamp": "2024-09-12T14:38:57.694241", "action": {"type": "get message", "content": "[reason] Ethan seems to be on the same page as me regarding our preferences for the date. [end]\n\n[sentiment] Continue Conversation [end]\n\n[response] That sounds perfect, Ethan! How about we meet in the late afternoon, around 4 PM? As for the location, I'd suggest a cozy coffee shop with a relaxed atmosphere. [end]"}}, {"from": "GM", "to": "GM", "timestamp": "2024-09-12T14:38:57.694241", "action": {"type": "parse", "content": "[reason] Ethan seems to be on the same page as me regarding our preferences for the date. [end]\n\n[sentiment] Continue Conversation [end]\n\n[response] That sounds perfect, Ethan! How about we meet in the late afternoon, around 4 PM? As for the location, I'd suggest a cozy coffee shop with a relaxed atmosphere. [end] conforms to rules"}}], [{"from": "GM", "to": "Player 2", "timestamp": "2024-09-12T14:38:57.695238", "action": {"type": "send message", "content": "Ethan Cooper 's Message:  That sounds perfect, Ethan! How about we meet in the late afternoon, around 4 PM? As for the location, I'd suggest a cozy coffee shop with a relaxed atmosphere. [end]\n"}}, {"from": "Player 2", "to": "GM", "timestamp": "2024-09-12T14:38:59.405299", "action": {"type": "get message", "content": "[reason] The other player has proposed a late afternoon meeting time and a cozy coffee shop location, which I find appealing. [end]\n\n[sentiment] Agreement on Time [end]\n\n[response] I'm on board with meeting at 4 PM. A cozy coffee shop sounds like a great idea for our first date. [end]"}}, {"from": "GM", "to": "GM", "timestamp": "2024-09-12T14:38:59.405299", "action": {"type": "parse", "content": "[reason] The other player has proposed a late afternoon meeting time and a cozy coffee shop location, which I find appealing. [end]\n\n[sentiment] Agreement on Time [end]\n\n[response] I'm on board with meeting at 4 PM. A cozy coffee shop sounds like a great idea for our first date. [end] conforms to rules"}}], [{"from": "GM", "to": "Player 1", "timestamp": "2024-09-12T14:38:59.406301", "action": {"type": "send message", "content": "Ethan Cooper 's Message:  I'm on board with meeting at 4 PM. A cozy coffee shop sounds like a great idea for our first date. [end]\n"}}, {"from": "Player 1", "to": "GM", "timestamp": "2024-09-12T14:39:01.173653", "action": {"type": "get message", "content": "[reason] Ethan and I have agreed on the time and location for our first date. [end]\n\n[sentiment] Agreement on Time [end]\n\n[response] Great! I'm looking forward to meeting you at 4 PM at the coffee shop. [end]\n\n[sentiment] Agreement on Location [end]\n\n[response] I'm sure we'll have a wonderful time at the coffee shop. [end]"}}, {"from": "GM", "to": "GM", "timestamp": "2024-09-12T14:39:01.174652", "action": {"type": "parse", "content": "[reason] Ethan and I have agreed on the time and location for our first date. [end]\n\n[sentiment] Agreement on Time [end]\n\n[response] Great! I'm looking forward to meeting you at 4 PM at the coffee shop. [end]\n\n[sentiment] Agreement on Location [end]\n\n[response] I'm sure we'll have a wonderful time at the coffee shop. [end] conforms to rules"}}, {"from": "GM", "to": "GM", "timestamp": "2024-09-12T14:39:01.174652", "action": {"type": "time agreement", "content": "agreement on time successful"}}], [{"from": "GM", "to": "Player 2", "timestamp": "2024-09-12T14:39:01.174652", "action": {"type": "send message", "content": "Ethan Cooper 's Message:  Great! I'm looking forward to meeting you at 4 PM at the coffee shop. [end]\n\n[sentiment] Agreement on Location [end]\n\n[response] I'm sure we'll have a wonderful time at the coffee shop. [end]\n"}}, {"from": "Player 2", "to": "GM", "timestamp": "2024-09-12T14:39:02.734395", "action": {"type": "get message", "content": "[reason] The other player has confirmed the time and location, so I'm ready to discuss the activity for our date. [end]\n\n[sentiment] Continue Conversation [end]\n\n[response] Now that we have the time and location settled, what activity would you like to do at the coffee shop? Perhaps we could listen to some indie music or engage in a friendly board game? [end]"}}, {"from": "GM", "to": "GM", "timestamp": "2024-09-12T14:39:02.735392", "action": {"type": "parse", "content": "[reason] The other player has confirmed the time and location, so I'm ready to discuss the activity for our date. [end]\n\n[sentiment] Continue Conversation [end]\n\n[response] Now that we have the time and location settled, what activity would you like to do at the coffee shop? Perhaps we could listen to some indie music or engage in a friendly board game? [end] conforms to rules"}}, {"from": "GM", "to": "GM", "timestamp": "2024-09-12T14:39:02.735392", "action": {"type": "mismatch time agreement", "content": "no time agreement, mismatched sentiment"}}], [{"from": "GM", "to": "Player 1", "timestamp": "2024-09-12T14:39:02.736411", "action": {"type": "send message", "content": "Ethan Cooper 's Message:  Now that we have the time and location settled, what activity would you like to do at the coffee shop? Perhaps we could listen to some indie music or engage in a friendly board game? [end]\n"}}, {"from": "Player 1", "to": "GM", "timestamp": "2024-09-12T14:39:04.448783", "action": {"type": "get message", "content": "[reason] Ethan has suggested a couple of activities that align with our shared interests. [end]\n\n[sentiment] Continue Conversation [end]\n\n[response] Both of those options sound fantastic, Ethan! I'm a big fan of indie music, so we could definitely enjoy some tunes together. Alternatively, a friendly board game could be a fun way to get to know each other better. [end]"}}, {"from": "GM", "to": "GM", "timestamp": "2024-09-12T14:39:04.450304", "action": {"type": "parse", "content": "[reason] Ethan has suggested a couple of activities that align with our shared interests. [end]\n\n[sentiment] Continue Conversation [end]\n\n[response] Both of those options sound fantastic, Ethan! I'm a big fan of indie music, so we could definitely enjoy some tunes together. Alternatively, a friendly board game could be a fun way to get to know each other better. [end] conforms to rules"}}], [{"from": "GM", "to": "Player 2", "timestamp": "2024-09-12T14:39:04.450304", "action": {"type": "send message", "content": "Ethan Cooper 's Message:  Both of those options sound fantastic, Ethan! I'm a big fan of indie music, so we could definitely enjoy some tunes together. Alternatively, a friendly board game could be a fun way to get to know each other better. [end]\n"}}, {"from": "Player 2", "to": "GM", "timestamp": "2024-09-12T14:39:06.182300", "action": {"type": "get message", "content": "[reason] The other player has expressed interest in both listening to indie music and playing a board game. I'm open to either option. [end]\n\n[sentiment] Agreement on Action [end]\n\n[response] I'm excited about both options as well. Let's decide on the activity when we meet at the coffee shop. [end]"}}, {"from": "GM", "to": "GM", "timestamp": "2024-09-12T14:39:06.182300", "action": {"type": "parse", "content": "[reason] The other player has expressed interest in both listening to indie music and playing a board game. I'm open to either option. [end]\n\n[sentiment] Agreement on Action [end]\n\n[response] I'm excited about both options as well. Let's decide on the activity when we meet at the coffee shop. [end] conforms to rules"}}], [{"from": "GM", "to": "Player 1", "timestamp": "2024-09-12T14:39:06.183301", "action": {"type": "send message", "content": "Ethan Cooper 's Message:  I'm excited about both options as well. Let's decide on the activity when we meet at the coffee shop. [end]\n"}}, {"from": "Player 1", "to": "GM", "timestamp": "2024-09-12T14:39:07.939697", "action": {"type": "get message", "content": "[reason] Ethan and I have decided to choose the activity when we meet at the coffee shop. [end]\n\n[sentiment] Agreement on Action [end]\n\n[response] Sounds like a plan, Ethan! I'm looking forward to our first date and deciding on the activity together. [end]\n\n[sentiment] Overall Agreement [end]\n\n[response] I'm thrilled that we've agreed on all the details for our first date. I can't wait to meet you and have a great time together! [end]"}}, {"from": "GM", "to": "GM", "timestamp": "2024-09-12T14:39:07.941685", "action": {"type": "parse", "content": "[reason] Ethan and I have decided to choose the activity when we meet at the coffee shop. [end]\n\n[sentiment] Agreement on Action [end]\n\n[response] Sounds like a plan, Ethan! I'm looking forward to our first date and deciding on the activity together. [end]\n\n[sentiment] Overall Agreement [end]\n\n[response] I'm thrilled that we've agreed on all the details for our first date. I can't wait to meet you and have a great time together! [end] conforms to rules"}}, {"from": "GM", "to": "GM", "timestamp": "2024-09-12T14:39:07.941685", "action": {"type": "action agreement", "content": "agreement on action successful"}}], [{"from": "GM", "to": "Player 2", "timestamp": "2024-09-12T14:39:07.941685", "action": {"type": "send message", "content": "Ethan Cooper 's Message:  Sounds like a plan, Ethan! I'm looking forward to our first date and deciding on the activity together. [end]\n\n[sentiment] Overall Agreement [end]\n\n[response] I'm thrilled that we've agreed on all the details for our first date. I can't wait to meet you and have a great time together! [end]\n"}}, {"from": "Player 2", "to": "GM", "timestamp": "2024-09-12T14:39:09.382013", "action": {"type": "get message", "content": "[reason] The other player has expressed enthusiasm for our first date, and we have reached an overall agreement on the time, location, and activity. [end]\n\n[sentiment] Overall Agreement [end]\n\n[response] I'm really looking forward to our first date and getting to know you better. See you soon! [end]"}}, {"from": "GM", "to": "GM", "timestamp": "2024-09-12T14:39:09.383014", "action": {"type": "parse", "content": "[reason] The other player has expressed enthusiasm for our first date, and we have reached an overall agreement on the time, location, and activity. [end]\n\n[sentiment] Overall Agreement [end]\n\n[response] I'm really looking forward to our first date and getting to know you better. See you soon! [end] conforms to rules"}}, {"from": "GM", "to": "GM", "timestamp": "2024-09-12T14:39:09.383014", "action": {"type": "mismatch action agreement", "content": "no action agreement, mismatched sentiment"}}], [{"from": "GM", "to": "Player 1", "timestamp": "2024-09-12T14:39:09.383014", "action": {"type": "send message", "content": "Ethan Cooper 's Message:  I'm really looking forward to our first date and getting to know you better. See you soon! [end]\n"}}, {"from": "Player 1", "to": "GM", "timestamp": "2024-09-12T14:39:10.387710", "action": {"type": "get message", "content": "[sentiment] Overall Agreement [end]\n\n[response] Me too, Ethan! I'm excited to meet you and have a wonderful time together. See you soon! [end]"}}, {"from": "GM", "to": "GM", "timestamp": "2024-09-12T14:39:10.388684", "action": {"type": "invalid format: pattern", "content": "Aborted game because of invalid format: pattern"}}]], "max_turns": 15, "completed_turns": 10, "time_agreement": true, "location_agreement": false, "action_agreement": true}