{"players": {"GM": "Game master for datingsim", "Player 1": "Mixtral-8x22B-Instruct-v0.1", "Player 2": "Mixtral-8x22B-Instruct-v0.1"}, "turns": [[{"from": "GM", "to": "Player 1", "timestamp": "2024-09-12T14:24:53.236975", "action": {"type": "send message", "content": "You are about to play a game with another player. In this game, you and the other player are both on an dating app, looking for a partner. In this case, both you and the other player decided, that you fancy each other's profile. Your and the other player's GOAL is it, to come to an agreement on what to do on your first date. At the start of the game you will be given two character sheets. The first one is the one, that defines your personality. The second one includes the information you know of the other player based on the information in their Bio on the dating app. You will start the conversation.\nOn each further turn you can react to what the other player tells you. For this you can either continue the conversation if you have not met an agreement yet or are not happy with the proposal, or end the game by agreeing to the proposal. \n\nThere is a total of four agreements throughout the game: \"Agreement on Time\", \"Agreement on Location\", \"Agreement on Action\", \"Overall Agreement\". You and the other player need to find an agreement on each of them.\nYou should only choose \"Overall Agreement\" after you and your date manage to settle an agreement for the other three ones (Time, Location, Action). \nYou have 15 turns to finish the game and find all agreements. \n\nYour answer has to consist ONLY of the following information and follow the given template:\n\n[reason] Your reason for your decision. [end]\n\n[sentiment] Choose one of the following: \"Continue Conversation\", \"Agreement on Time\", \"Agreement on Location\", \"Agreement on Action\", \"Overall Agreement\" [end]\n\n[response] Your response to the other player. This can include your sentiment, opinion, alternative. [end]\n\nYour answer for [response] must NOT exceed 100 tokens.\n\nThe game ends when 1) both you and the other player reply with the sentiment \"Overall Agreement\", 2) one of you chooses the sentiment \"Overall Agreement\" without the other one choosing it in the following turn, 3) you run out of turns to communicate or 4) you do not follow the template.\n\nThis is your character: {'NAME': 'Jamie Park', 'GENDER': 'Non-binary', 'AGE': 21, 'APPEARANCE': 'Vibrant dyed hair (changes color often), bright and expressive eyes, wears bold and trendy clothing that reflects their artistic personality.', 'OCCUPATION': 'Tattoo Artist', 'LIKES': 'Creating meaningful and personalized tattoos, expressing their artistic vision, connecting with people through their work.', 'DISLIKES': 'Conformity, negativity, limitations on creativity.', 'HOBBIES': 'Painting, attending art festivals, experimenting with different artistic mediums.', 'SUMMARY': 'A passionate tattoo artist is who I am with which I try to tell stories and express individuality.'}\n\nThis is the character of the other player: ${'NAME': 'Riley Jones', 'SUMMARY': 'Creating jewlry is a passion of mine! Maybe we can forge something together sometime.'}\n\nRemember, your goal is to find the overall agreement for your first date while staying in character.\n\nStart the game with the reason, your sentiment and the opening phrase.\n"}}, {"from": "Player 1", "to": "GM", "timestamp": "2024-09-12T14:24:54.680309", "action": {"type": "get message", "content": "[reason] I'm excited to meet someone who shares a passion for creativity and self-expression. [end]\n\n[sentiment] Continue Conversation [end]\n\n[response] Hi Riley, it's great to connect with someone who also finds joy in creating art. I'm Jamie, a tattoo artist who loves expressing individuality through my work. I'd love to hear more about your jewelry making and perhaps we can plan a date that combines our artistic interests. [end]"}}, {"from": "GM", "to": "GM", "timestamp": "2024-09-12T14:24:54.680309", "action": {"type": "parse", "content": "[reason] I'm excited to meet someone who shares a passion for creativity and self-expression. [end]\n\n[sentiment] Continue Conversation [end]\n\n[response] Hi Riley, it's great to connect with someone who also finds joy in creating art. I'm Jamie, a tattoo artist who loves expressing individuality through my work. I'd love to hear more about your jewelry making and perhaps we can plan a date that combines our artistic interests. [end] conforms to rules"}}], [{"from": "GM", "to": "Player 2", "timestamp": "2024-09-12T14:24:54.681307", "action": {"type": "send message", "content": "You are about to play a game with another player. In this game, you and the other player are both on an dating app, looking for a partner. In this case, both you and the other player decided, that you fancy each other's profile. Your and the other player's GOAL is it, to come to an agreement on what to do on your first date. At the start of the game you will be given two character sheets. The first one is the one, that defines your personality. The second one includes the information you know of the other player based on the information in their Bio on the dating app. You will be approached by the other player.\nOn each further turn you can react to what the other player tells you. For this you can either continue the conversation if you have not met an agreement yet or are not happy with the proposal, or end the game by agreeing to the proposal. \n\nThere is a total of four agreements throughout the game: \"Agreement on Time\", \"Agreement on Location\", \"Agreement on Action\", \"Overall Agreement\". You and the other player need to find an agreement on each of them.\nYou should only choose \"Overall Agreement\" after you and your date manage to settle an agreement for the other three ones (Time, Location, Action). \nYou have 15 turns to finish the game and find all agreements. \n\nYour answer has to consist ONLY of the following information and follow the given template:\n\n[reason] Your reason for your decision. [end]\n\n[sentiment] Choose one of the following: \"Continue Conversation\", \"Agreement on Time\", \"Agreement on Location\", \"Agreement on Action\", \"Overall Agreement\" [end]\n\n[response] Your response to the other player. This can include your sentiment, opinion, alternative. [end]\n\nYour answer for [response] must NOT exceed 100 tokens.\n\nThe game ends when 1) both you and the other player reply with the sentiment \"Overall Agreement\", 2) one of you chooses the sentiment \"Overall Agreement\" without the other one choosing it in the following turn, 3) you run out of turns to communicate or 4) you do not follow the template.\n\nThis is your character: {'NAME': 'Riley Jones', 'GENDER': 'Non-binary', 'AGE': 38, 'APPEARANCE': 'Buzz cut, warm hazel eyes, androgynous build with toned muscles, wears comfortable yet stylish clothing.', 'OCCUPATION': 'Blacksmith', 'LIKES': 'The rhythm of forging metal, creating functional art, working with their hands.', 'DISLIKES': 'Idleness, pretentiousness, following the rules just for the sake of it.', 'HOBBIES': 'Sculpting metal into art pieces, weightlifting, historical reenactment.', 'SUMMARY': 'Creating jewlry is a passion of mine! Maybe we can forge something together sometime.'}\n\nThis is the character of the other player: ${'NAME': 'Jamie Park', 'SUMMARY': 'A passionate tattoo artist is who I am with which I try to tell stories and express individuality.'}\n\nRemember, your goal is to find the overall agreement for your first date while staying in character.\n\nContinue the game with the reason, your sentiment and an answer phrase to the first message of the other player:\n\nMessage:  Hi Riley, it's great to connect with someone who also finds joy in creating art. I'm Jamie, a tattoo artist who loves expressing individuality through my work. I'd love to hear more about your jewelry making and perhaps we can plan a date that combines our artistic interests. [end]\n"}}, {"from": "Player 2", "to": "GM", "timestamp": "2024-09-12T14:24:56.295129", "action": {"type": "get message", "content": "[reason] Jamie's message resonates with my love for creating art and expressing individuality. I'm excited to plan a date that combines our artistic interests. [end]\n\n[sentiment] Continue Conversation [end]\n\n[response] Hi Jamie, it's wonderful to meet someone who shares my passion for art. I'd love to learn more about your tattoo work and discuss how we can merge our interests for a unique date. [end]"}}, {"from": "GM", "to": "GM", "timestamp": "2024-09-12T14:24:56.296123", "action": {"type": "parse", "content": "[reason] Jamie's message resonates with my love for creating art and expressing individuality. I'm excited to plan a date that combines our artistic interests. [end]\n\n[sentiment] Continue Conversation [end]\n\n[response] Hi Jamie, it's wonderful to meet someone who shares my passion for art. I'd love to learn more about your tattoo work and discuss how we can merge our interests for a unique date. [end] conforms to rules"}}], [{"from": "GM", "to": "Player 1", "timestamp": "2024-09-12T14:24:56.296123", "action": {"type": "send message", "content": "Riley Jones 's Message:  Hi Jamie, it's wonderful to meet someone who shares my passion for art. I'd love to learn more about your tattoo work and discuss how we can merge our interests for a unique date. [end]\n"}}, {"from": "Player 1", "to": "GM", "timestamp": "2024-09-12T14:24:57.816013", "action": {"type": "get message", "content": "[reason] I appreciate Riley's enthusiasm and willingness to merge our interests for a unique date. [end]\n\n[sentiment] Continue Conversation [end]\n\n[response] That sounds fantastic, Riley! I'm open to exploring different ideas for our date. How about we start by agreeing on a time that works best for both of us? [end]"}}, {"from": "GM", "to": "GM", "timestamp": "2024-09-12T14:24:57.817384", "action": {"type": "parse", "content": "[reason] I appreciate Riley's enthusiasm and willingness to merge our interests for a unique date. [end]\n\n[sentiment] Continue Conversation [end]\n\n[response] That sounds fantastic, Riley! I'm open to exploring different ideas for our date. How about we start by agreeing on a time that works best for both of us? [end] conforms to rules"}}], [{"from": "GM", "to": "Player 2", "timestamp": "2024-09-12T14:24:57.817384", "action": {"type": "send message", "content": "Jamie Park 's Message:  That sounds fantastic, Riley! I'm open to exploring different ideas for our date. How about we start by agreeing on a time that works best for both of us? [end]\n"}}, {"from": "Player 2", "to": "GM", "timestamp": "2024-09-12T14:24:59.586497", "action": {"type": "get message", "content": "[reason] Jamie's suggestion to start with agreeing on a time is practical and considerate. I appreciate their initiative in planning our date. [end]\n\n[sentiment] Agreement on Time [end]\n\n[response] I'm glad you suggested that, Jamie. How about we meet on Saturday afternoon? I'm usually free after 2 PM. [end]"}}, {"from": "GM", "to": "GM", "timestamp": "2024-09-12T14:24:59.587494", "action": {"type": "parse", "content": "[reason] Jamie's suggestion to start with agreeing on a time is practical and considerate. I appreciate their initiative in planning our date. [end]\n\n[sentiment] Agreement on Time [end]\n\n[response] I'm glad you suggested that, Jamie. How about we meet on Saturday afternoon? I'm usually free after 2 PM. [end] conforms to rules"}}], [{"from": "GM", "to": "Player 1", "timestamp": "2024-09-12T14:24:59.587494", "action": {"type": "send message", "content": "Riley Jones 's Message:  I'm glad you suggested that, Jamie. How about we meet on Saturday afternoon? I'm usually free after 2 PM. [end]\n"}}, {"from": "Player 1", "to": "GM", "timestamp": "2024-09-12T14:25:00.980652", "action": {"type": "get message", "content": "[reason] Saturday afternoon works well for me, and I appreciate Riley's flexibility. [end]\n\n[sentiment] Agreement on Time [end]\n\n[response] Saturday afternoon sounds perfect, Riley. I'm looking forward to our date. Now, let's discuss a location that would be suitable for both of us. [end]"}}, {"from": "GM", "to": "GM", "timestamp": "2024-09-12T14:25:00.981570", "action": {"type": "parse", "content": "[reason] Saturday afternoon works well for me, and I appreciate Riley's flexibility. [end]\n\n[sentiment] Agreement on Time [end]\n\n[response] Saturday afternoon sounds perfect, Riley. I'm looking forward to our date. Now, let's discuss a location that would be suitable for both of us. [end] conforms to rules"}}, {"from": "GM", "to": "GM", "timestamp": "2024-09-12T14:25:00.981570", "action": {"type": "time agreement", "content": "agreement on time successful"}}], [{"from": "GM", "to": "Player 2", "timestamp": "2024-09-12T14:25:00.981570", "action": {"type": "send message", "content": "Jamie Park 's Message:  Saturday afternoon sounds perfect, Riley. I'm looking forward to our date. Now, let's discuss a location that would be suitable for both of us. [end]\n"}}, {"from": "Player 2", "to": "GM", "timestamp": "2024-09-12T14:25:02.291370", "action": {"type": "get message", "content": "[reason] Jamie's enthusiasm for our date is encouraging. I'm excited to find a location that suits both our artistic interests. [end]\n\n[sentiment] Continue Conversation [end]\n\n[response] I'm glad you're excited, Jamie. How about we meet at the local art gallery? They have a variety of exhibits that could inspire us. [end]"}}, {"from": "GM", "to": "GM", "timestamp": "2024-09-12T14:25:02.292370", "action": {"type": "parse", "content": "[reason] Jamie's enthusiasm for our date is encouraging. I'm excited to find a location that suits both our artistic interests. [end]\n\n[sentiment] Continue Conversation [end]\n\n[response] I'm glad you're excited, Jamie. How about we meet at the local art gallery? They have a variety of exhibits that could inspire us. [end] conforms to rules"}}, {"from": "GM", "to": "GM", "timestamp": "2024-09-12T14:25:02.292370", "action": {"type": "mismatch time agreement", "content": "no time agreement, mismatched sentiment"}}], [{"from": "GM", "to": "Player 1", "timestamp": "2024-09-12T14:25:02.293370", "action": {"type": "send message", "content": "Riley Jones 's Message:  I'm glad you're excited, Jamie. How about we meet at the local art gallery? They have a variety of exhibits that could inspire us. [end]\n"}}, {"from": "Player 1", "to": "GM", "timestamp": "2024-09-12T14:25:03.749693", "action": {"type": "get message", "content": "[reason] The art gallery is a great idea, as it will provide us with inspiration and a creative atmosphere. [end]\n\n[sentiment] Agreement on Location [end]\n\n[response] The art gallery is an excellent choice, Riley. I'm sure we'll find plenty of inspiration there. Now, let's decide on an activity that combines our artistic interests. [end]"}}, {"from": "GM", "to": "GM", "timestamp": "2024-09-12T14:25:03.749693", "action": {"type": "parse", "content": "[reason] The art gallery is a great idea, as it will provide us with inspiration and a creative atmosphere. [end]\n\n[sentiment] Agreement on Location [end]\n\n[response] The art gallery is an excellent choice, Riley. I'm sure we'll find plenty of inspiration there. Now, let's decide on an activity that combines our artistic interests. [end] conforms to rules"}}], [{"from": "GM", "to": "Player 2", "timestamp": "2024-09-12T14:25:03.749693", "action": {"type": "send message", "content": "Jamie Park 's Message:  The art gallery is an excellent choice, Riley. I'm sure we'll find plenty of inspiration there. Now, let's decide on an activity that combines our artistic interests. [end]\n"}}, {"from": "Player 2", "to": "GM", "timestamp": "2024-09-12T14:25:05.386175", "action": {"type": "get message", "content": "[reason] Jamie's positive response to the art gallery location is encouraging. I'm eager to find an activity that merges our artistic interests. [end]\n\n[sentiment] Continue Conversation [end]\n\n[response] I'm glad you like the idea, Jamie. How about we participate in a metalworking workshop at the gallery? It would be a great way to combine our interests. [end]"}}, {"from": "GM", "to": "GM", "timestamp": "2024-09-12T14:25:05.387174", "action": {"type": "parse", "content": "[reason] Jamie's positive response to the art gallery location is encouraging. I'm eager to find an activity that merges our artistic interests. [end]\n\n[sentiment] Continue Conversation [end]\n\n[response] I'm glad you like the idea, Jamie. How about we participate in a metalworking workshop at the gallery? It would be a great way to combine our interests. [end] conforms to rules"}}, {"from": "GM", "to": "GM", "timestamp": "2024-09-12T14:25:05.387174", "action": {"type": "mismatch location agreement", "content": "no location agreement, mismatched sentiment"}}], [{"from": "GM", "to": "Player 1", "timestamp": "2024-09-12T14:25:05.388168", "action": {"type": "send message", "content": "Riley Jones 's Message:  I'm glad you like the idea, Jamie. How about we participate in a metalworking workshop at the gallery? It would be a great way to combine our interests. [end]\n"}}, {"from": "Player 1", "to": "GM", "timestamp": "2024-09-12T14:25:07.068755", "action": {"type": "get message", "content": "[reason] A metalworking workshop is an interesting and engaging activity that allows us to explore our artistic interests together. [end]\n\n[sentiment] Agreement on Action [end]\n\n[response] A metalworking workshop sounds like a fantastic idea, Riley. I'm excited to create something unique together. With the time, location, and activity decided, I believe we have found our overall agreement for our first date. [end]"}}, {"from": "GM", "to": "GM", "timestamp": "2024-09-12T14:25:07.069753", "action": {"type": "parse", "content": "[reason] A metalworking workshop is an interesting and engaging activity that allows us to explore our artistic interests together. [end]\n\n[sentiment] Agreement on Action [end]\n\n[response] A metalworking workshop sounds like a fantastic idea, Riley. I'm excited to create something unique together. With the time, location, and activity decided, I believe we have found our overall agreement for our first date. [end] conforms to rules"}}], [{"from": "GM", "to": "Player 2", "timestamp": "2024-09-12T14:25:07.070747", "action": {"type": "send message", "content": "Jamie Park 's Message:  A metalworking workshop sounds like a fantastic idea, Riley. I'm excited to create something unique together. With the time, location, and activity decided, I believe we have found our overall agreement for our first date. [end]\n"}}, {"from": "Player 2", "to": "GM", "timestamp": "2024-09-12T14:25:09.077128", "action": {"type": "get message", "content": "[reason] Jamie's enthusiasm for the metalworking workshop and our overall agreement is heartening. I'm thrilled to have found a date plan that combines our artistic interests. [end]\n\n[sentiment] Overall Agreement [end]\n\n[response] I'm glad you're excited about the metalworking workshop, Jamie. I believe we've found the perfect plan for our first date. I'm looking forward to creating something unique together. [end]"}}, {"from": "GM", "to": "GM", "timestamp": "2024-09-12T14:25:09.078117", "action": {"type": "parse", "content": "[reason] Jamie's enthusiasm for the metalworking workshop and our overall agreement is heartening. I'm thrilled to have found a date plan that combines our artistic interests. [end]\n\n[sentiment] Overall Agreement [end]\n\n[response] I'm glad you're excited about the metalworking workshop, Jamie. I believe we've found the perfect plan for our first date. I'm looking forward to creating something unique together. [end] conforms to rules"}}, {"from": "GM", "to": "GM", "timestamp": "2024-09-12T14:25:09.078117", "action": {"type": "mismatch action agreement", "content": "no action agreement, mismatched sentiment"}}], [{"from": "GM", "to": "Player 1", "timestamp": "2024-09-12T14:25:09.079033", "action": {"type": "send message", "content": "Riley Jones 's Message:  I'm glad you're excited about the metalworking workshop, Jamie. I believe we've found the perfect plan for our first date. I'm looking forward to creating something unique together. [end]\n"}}, {"from": "Player 1", "to": "GM", "timestamp": "2024-09-12T14:25:11.126449", "action": {"type": "get message", "content": "[reason] Riley and I have successfully agreed on all aspects of our first date, and I'm thrilled about our creative plans. [end]\n\n[sentiment] Overall Agreement [end]\n\n[response] I couldn't agree more, Riley. I'm genuinely looking forward to our first date at the art gallery and participating in the metalworking workshop together. See you on Saturday! [end]"}}, {"from": "GM", "to": "GM", "timestamp": "2024-09-12T14:25:11.126449", "action": {"type": "parse", "content": "[reason] Riley and I have successfully agreed on all aspects of our first date, and I'm thrilled about our creative plans. [end]\n\n[sentiment] Overall Agreement [end]\n\n[response] I couldn't agree more, Riley. I'm genuinely looking forward to our first date at the art gallery and participating in the metalworking workshop together. See you on Saturday! [end] conforms to rules"}}, {"from": "GM", "to": "GM", "timestamp": "2024-09-12T14:25:11.127436", "action": {"type": "overall agreement", "content": "game successful"}}]], "max_turns": 15, "completed_turns": 11, "time_agreement": true, "location_agreement": false, "action_agreement": false}