{"players": {"GM": "Game master for datingsim", "Player 1": "Mixtral-8x22B-Instruct-v0.1", "Player 2": "Mixtral-8x22B-Instruct-v0.1"}, "turns": [[{"from": "GM", "to": "Player 1", "timestamp": "2024-09-12T14:29:03.082214", "action": {"type": "send message", "content": "You are about to play a game with another player. In this game, you and the other player are both on an dating app, looking for a partner. In this case, both you and the other player decided, that you fancy each other's profile. Your and the other player's GOAL is it, to come to an agreement on what to do on your first date. At the start of the game you will be given two character sheets. The first one is the one, that defines your personality. The second one includes the information you know of the other player based on the information in their Bio on the dating app. You will start the conversation.\nOn each further turn you can react to what the other player tells you. For this you can either continue the conversation if you have not met an agreement yet or are not happy with the proposal, or end the game by agreeing to the proposal. \n\nThere is a total of four agreements throughout the game: \"Agreement on Time\", \"Agreement on Location\", \"Agreement on Action\", \"Overall Agreement\". You and the other player need to find an agreement on each of them.\nYou should only choose \"Overall Agreement\" after you and your date manage to settle an agreement for the other three ones (Time, Location, Action). \nYou have 15 turns to finish the game and find all agreements. \n\nYour answer has to consist ONLY of the following information and follow the given template:\n\n[reason] Your reason for your decision. [end]\n\n[sentiment] Choose one of the following: \"Continue Conversation\", \"Agreement on Time\", \"Agreement on Location\", \"Agreement on Action\", \"Overall Agreement\" [end]\n\n[response] Your response to the other player. This can include your sentiment, opinion, alternative. [end]\n\nYour answer for [response] must NOT exceed 100 tokens.\n\nThe game ends when 1) both you and the other player reply with the sentiment \"Overall Agreement\", 2) one of you chooses the sentiment \"Overall Agreement\" without the other one choosing it in the following turn, 3) you run out of turns to communicate or 4) you do not follow the template.\n\nThis is your character: {'NAME': 'Noah Sullivan', 'GENDER': 'Male', 'AGE': 42, 'APPEARANCE': 'Broad shoulders, graying hair, hazel eyes, rugged outdoor look, always has a slight stubble.', 'OCCUPATION': 'Environmental Scientist', 'LIKES': 'Nature, reading, sustainable living.', 'DISLIKES': 'Pollution, ignorance, loud noises.', 'HOBBIES': 'Hiking, gardening, birdwatching.', 'SUMMARY': \"Noah of the Noah's Ark? Not quite. I believe more in science.\"}\n\nThis is the character of the other player: ${'NAME': 'Ethan Cooper', 'GENDER': 'Male', 'AGE': 28, 'APPEARANCE': 'Athletic build, tousled brown hair, blue eyes, casual but stylish clothing, confident smile.', 'OCCUPATION': 'Software Engineer', 'LIKES': 'Hiking, indie music, coffee shops.', 'DISLIKES': 'Crowded places, dishonesty, early mornings.', 'HOBBIES': 'Rock climbing, playing guitar, video game development.', 'SUMMARY': \"Digital or real world, I like both as liink as they're not too crowded.\"}\n\nRemember, your goal is to find the overall agreement for your first date while staying in character.\n\nStart the game with the reason, your sentiment and the opening phrase.\n"}}, {"from": "Player 1", "to": "GM", "timestamp": "2024-09-12T14:29:05.117865", "action": {"type": "get message", "content": "[reason] Ethan and I both enjoy hiking and nature, so I want to suggest an outdoor activity for our first date. [end]\n\n[sentiment] Continue Conversation [end]\n\n[response] Hi Ethan, it's great to connect with someone who shares my love for nature. How about we plan our first date around a hiking trail? [end]"}}, {"from": "GM", "to": "GM", "timestamp": "2024-09-12T14:29:05.118865", "action": {"type": "parse", "content": "[reason] Ethan and I both enjoy hiking and nature, so I want to suggest an outdoor activity for our first date. [end]\n\n[sentiment] Continue Conversation [end]\n\n[response] Hi Ethan, it's great to connect with someone who shares my love for nature. How about we plan our first date around a hiking trail? [end] conforms to rules"}}], [{"from": "GM", "to": "Player 2", "timestamp": "2024-09-12T14:29:05.118865", "action": {"type": "send message", "content": "You are about to play a game with another player. In this game, you and the other player are both on an dating app, looking for a partner. In this case, both you and the other player decided, that you fancy each other's profile. Your and the other player's GOAL is it, to come to an agreement on what to do on your first date. At the start of the game you will be given two character sheets. The first one is the one, that defines your personality. The second one includes the information you know of the other player based on the information in their Bio on the dating app. You will be approached by the other player.\nOn each further turn you can react to what the other player tells you. For this you can either continue the conversation if you have not met an agreement yet or are not happy with the proposal, or end the game by agreeing to the proposal. \n\nThere is a total of four agreements throughout the game: \"Agreement on Time\", \"Agreement on Location\", \"Agreement on Action\", \"Overall Agreement\". You and the other player need to find an agreement on each of them.\nYou should only choose \"Overall Agreement\" after you and your date manage to settle an agreement for the other three ones (Time, Location, Action). \nYou have 15 turns to finish the game and find all agreements. \n\nYour answer has to consist ONLY of the following information and follow the given template:\n\n[reason] Your reason for your decision. [end]\n\n[sentiment] Choose one of the following: \"Continue Conversation\", \"Agreement on Time\", \"Agreement on Location\", \"Agreement on Action\", \"Overall Agreement\" [end]\n\n[response] Your response to the other player. This can include your sentiment, opinion, alternative. [end]\n\nYour answer for [response] must NOT exceed 100 tokens.\n\nThe game ends when 1) both you and the other player reply with the sentiment \"Overall Agreement\", 2) one of you chooses the sentiment \"Overall Agreement\" without the other one choosing it in the following turn, 3) you run out of turns to communicate or 4) you do not follow the template.\n\nThis is your character: {'NAME': 'Ethan Cooper', 'GENDER': 'Male', 'AGE': 28, 'APPEARANCE': 'Athletic build, tousled brown hair, blue eyes, casual but stylish clothing, confident smile.', 'OCCUPATION': 'Software Engineer', 'LIKES': 'Hiking, indie music, coffee shops.', 'DISLIKES': 'Crowded places, dishonesty, early mornings.', 'HOBBIES': 'Rock climbing, playing guitar, video game development.', 'SUMMARY': \"Digital or real world, I like both as liink as they're not too crowded.\"}\n\nThis is the character of the other player: ${'NAME': 'Noah Sullivan', 'GENDER': 'Male', 'AGE': 42, 'APPEARANCE': 'Broad shoulders, graying hair, hazel eyes, rugged outdoor look, always has a slight stubble.', 'OCCUPATION': 'Environmental Scientist', 'LIKES': 'Nature, reading, sustainable living.', 'DISLIKES': 'Pollution, ignorance, loud noises.', 'HOBBIES': 'Hiking, gardening, birdwatching.', 'SUMMARY': \"Noah of the Noah's Ark? Not quite. I believe more in science.\"}\n\nRemember, your goal is to find the overall agreement for your first date while staying in character.\n\nContinue the game with the reason, your sentiment and an answer phrase to the first message of the other player:\n\nMessage:  Hi Ethan, it's great to connect with someone who shares my love for nature. How about we plan our first date around a hiking trail? [end]\n"}}, {"from": "Player 2", "to": "GM", "timestamp": "2024-09-12T14:29:06.637814", "action": {"type": "get message", "content": "[reason] The other player's suggestion aligns with my interests and I appreciate their enthusiasm for nature. [end]\n\n[sentiment] Continue Conversation [end]\n\n[response] Hi Noah, it's great to meet you too! I'm all for a hiking date. How about we decide on a specific trail and a time that suits us both? [end]"}}, {"from": "GM", "to": "GM", "timestamp": "2024-09-12T14:29:06.638807", "action": {"type": "parse", "content": "[reason] The other player's suggestion aligns with my interests and I appreciate their enthusiasm for nature. [end]\n\n[sentiment] Continue Conversation [end]\n\n[response] Hi Noah, it's great to meet you too! I'm all for a hiking date. How about we decide on a specific trail and a time that suits us both? [end] conforms to rules"}}], [{"from": "GM", "to": "Player 1", "timestamp": "2024-09-12T14:29:06.638807", "action": {"type": "send message", "content": "Ethan Cooper 's Message:  Hi Noah, it's great to meet you too! I'm all for a hiking date. How about we decide on a specific trail and a time that suits us both? [end]\n"}}, {"from": "Player 1", "to": "GM", "timestamp": "2024-09-12T14:29:08.382338", "action": {"type": "get message", "content": "[reason] Ethan is open to a hiking date, so I want to suggest a specific trail and time that works for both of us. [end]\n\n[sentiment] Continue Conversation [end]\n\n[response] That's fantastic, Ethan! I was thinking of the Sunset Ridge Trail, which has beautiful views and isn't too strenuous. How about we meet there at 10 AM on Saturday? [end]"}}, {"from": "GM", "to": "GM", "timestamp": "2024-09-12T14:29:08.383341", "action": {"type": "parse", "content": "[reason] Ethan is open to a hiking date, so I want to suggest a specific trail and time that works for both of us. [end]\n\n[sentiment] Continue Conversation [end]\n\n[response] That's fantastic, Ethan! I was thinking of the Sunset Ridge Trail, which has beautiful views and isn't too strenuous. How about we meet there at 10 AM on Saturday? [end] conforms to rules"}}], [{"from": "GM", "to": "Player 2", "timestamp": "2024-09-12T14:29:08.383341", "action": {"type": "send message", "content": "Noah Sullivan 's Message:  That's fantastic, Ethan! I was thinking of the Sunset Ridge Trail, which has beautiful views and isn't too strenuous. How about we meet there at 10 AM on Saturday? [end]\n"}}, {"from": "Player 2", "to": "GM", "timestamp": "2024-09-12T14:29:10.123024", "action": {"type": "get message", "content": "[reason] The suggested trail sounds appealing, but I'm not a fan of early mornings. I'd prefer a later time. [end]\n\n[sentiment] Continue Conversation [end]\n\n[response] The Sunset Ridge Trail sounds like a great choice, Noah. However, I'm not much of a morning person. Would you be open to meeting a bit later, say around 1 PM? [end]"}}, {"from": "GM", "to": "GM", "timestamp": "2024-09-12T14:29:10.124034", "action": {"type": "parse", "content": "[reason] The suggested trail sounds appealing, but I'm not a fan of early mornings. I'd prefer a later time. [end]\n\n[sentiment] Continue Conversation [end]\n\n[response] The Sunset Ridge Trail sounds like a great choice, Noah. However, I'm not much of a morning person. Would you be open to meeting a bit later, say around 1 PM? [end] conforms to rules"}}], [{"from": "GM", "to": "Player 1", "timestamp": "2024-09-12T14:29:10.124034", "action": {"type": "send message", "content": "Ethan Cooper 's Message:  The Sunset Ridge Trail sounds like a great choice, Noah. However, I'm not much of a morning person. Would you be open to meeting a bit later, say around 1 PM? [end]\n"}}, {"from": "Player 1", "to": "GM", "timestamp": "2024-09-12T14:29:11.777214", "action": {"type": "get message", "content": "[reason] Ethan prefers a later time, so I want to accommodate his preference while still ensuring we have enough daylight for our hike. [end]\n\n[sentiment] Agreement on Time [end]\n\n[response] I understand, Ethan. Let's meet at 1 PM on Saturday instead. That should give us plenty of time to enjoy the trail and still have daylight. [end]"}}, {"from": "GM", "to": "GM", "timestamp": "2024-09-12T14:29:11.778216", "action": {"type": "parse", "content": "[reason] Ethan prefers a later time, so I want to accommodate his preference while still ensuring we have enough daylight for our hike. [end]\n\n[sentiment] Agreement on Time [end]\n\n[response] I understand, Ethan. Let's meet at 1 PM on Saturday instead. That should give us plenty of time to enjoy the trail and still have daylight. [end] conforms to rules"}}], [{"from": "GM", "to": "Player 2", "timestamp": "2024-09-12T14:29:11.778216", "action": {"type": "send message", "content": "Noah Sullivan 's Message:  I understand, Ethan. Let's meet at 1 PM on Saturday instead. That should give us plenty of time to enjoy the trail and still have daylight. [end]\n"}}, {"from": "Player 2", "to": "GM", "timestamp": "2024-09-12T14:29:13.656926", "action": {"type": "get message", "content": "[reason] I'm glad Noah is flexible with the time and I appreciate his consideration. [end]\n\n[sentiment] Agreement on Time [end]\n\n[response] Sounds perfect, Noah! I'm looking forward to our hiking date on Saturday at 1 PM. [end]"}}, {"from": "GM", "to": "GM", "timestamp": "2024-09-12T14:29:13.657924", "action": {"type": "parse", "content": "[reason] I'm glad Noah is flexible with the time and I appreciate his consideration. [end]\n\n[sentiment] Agreement on Time [end]\n\n[response] Sounds perfect, Noah! I'm looking forward to our hiking date on Saturday at 1 PM. [end] conforms to rules"}}, {"from": "GM", "to": "GM", "timestamp": "2024-09-12T14:29:13.657924", "action": {"type": "time agreement", "content": "agreement on time successful"}}], [{"from": "GM", "to": "Player 1", "timestamp": "2024-09-12T14:29:13.657924", "action": {"type": "send message", "content": "Ethan Cooper 's Message:  Sounds perfect, Noah! I'm looking forward to our hiking date on Saturday at 1 PM. [end]\n"}}, {"from": "Player 1", "to": "GM", "timestamp": "2024-09-12T14:29:15.449801", "action": {"type": "get message", "content": "[reason] Ethan and I have agreed on the time, so I want to confirm the location and suggest a nearby coffee shop for a post-hike drink. [end]\n\n[sentiment] Agreement on Location [end]\n\n[response] I'm glad we could find a time that works for both of us, Ethan. So, we'll meet at the Sunset Ridge Trail parking lot at 1 PM on Saturday. After our hike, we could grab a drink at the nearby Bean & Leaf Café. [end]"}}, {"from": "GM", "to": "GM", "timestamp": "2024-09-12T14:29:15.449801", "action": {"type": "parse", "content": "[reason] Ethan and I have agreed on the time, so I want to confirm the location and suggest a nearby coffee shop for a post-hike drink. [end]\n\n[sentiment] Agreement on Location [end]\n\n[response] I'm glad we could find a time that works for both of us, Ethan. So, we'll meet at the Sunset Ridge Trail parking lot at 1 PM on Saturday. After our hike, we could grab a drink at the nearby Bean & Leaf Café. [end] conforms to rules"}}, {"from": "GM", "to": "GM", "timestamp": "2024-09-12T14:29:15.450827", "action": {"type": "mismatch time agreement", "content": "no time agreement, mismatched sentiment"}}], [{"from": "GM", "to": "Player 2", "timestamp": "2024-09-12T14:29:15.450827", "action": {"type": "send message", "content": "Noah Sullivan 's Message:  I'm glad we could find a time that works for both of us, Ethan. So, we'll meet at the Sunset Ridge Trail parking lot at 1 PM on Saturday. After our hike, we could grab a drink at the nearby Bean & Leaf Café. [end]\n"}}, {"from": "Player 2", "to": "GM", "timestamp": "2024-09-12T14:29:17.032012", "action": {"type": "get message", "content": "[reason] I'm excited about the hike and the café suggestion sounds like a great way to end our date. [end]\n\n[sentiment] Agreement on Location [end]\n\n[response] I'm really looking forward to our hike and the Bean & Leaf Café sounds like a perfect spot to relax after our adventure, Noah. [end]"}}, {"from": "GM", "to": "GM", "timestamp": "2024-09-12T14:29:17.033010", "action": {"type": "parse", "content": "[reason] I'm excited about the hike and the café suggestion sounds like a great way to end our date. [end]\n\n[sentiment] Agreement on Location [end]\n\n[response] I'm really looking forward to our hike and the Bean & Leaf Café sounds like a perfect spot to relax after our adventure, Noah. [end] conforms to rules"}}, {"from": "GM", "to": "GM", "timestamp": "2024-09-12T14:29:17.033010", "action": {"type": "location agreement", "content": "agreement on location successful"}}], [{"from": "GM", "to": "Player 1", "timestamp": "2024-09-12T14:29:17.034020", "action": {"type": "send message", "content": "Ethan Cooper 's Message:  I'm really looking forward to our hike and the Bean & Leaf Café sounds like a perfect spot to relax after our adventure, Noah. [end]\n"}}, {"from": "Player 1", "to": "GM", "timestamp": "2024-09-12T14:29:18.934969", "action": {"type": "get message", "content": "[reason] Ethan and I have agreed on the time and location, so I want to suggest a specific activity for our hike to make it more engaging. [end]\n\n[sentiment] Continue Conversation [end]\n\n[response] I'm excited for our hike too, Ethan. To make it more interesting, how about we try to identify as many bird species as we can during our hike? I'm an avid birdwatcher, and it's always fun to share that passion with someone. [end]"}}, {"from": "GM", "to": "GM", "timestamp": "2024-09-12T14:29:18.935933", "action": {"type": "parse", "content": "[reason] Ethan and I have agreed on the time and location, so I want to suggest a specific activity for our hike to make it more engaging. [end]\n\n[sentiment] Continue Conversation [end]\n\n[response] I'm excited for our hike too, Ethan. To make it more interesting, how about we try to identify as many bird species as we can during our hike? I'm an avid birdwatcher, and it's always fun to share that passion with someone. [end] conforms to rules"}}, {"from": "GM", "to": "GM", "timestamp": "2024-09-12T14:29:18.935933", "action": {"type": "mismatch location agreement", "content": "no location agreement, mismatched sentiment"}}], [{"from": "GM", "to": "Player 2", "timestamp": "2024-09-12T14:29:18.935933", "action": {"type": "send message", "content": "Noah Sullivan 's Message:  I'm excited for our hike too, Ethan. To make it more interesting, how about we try to identify as many bird species as we can during our hike? I'm an avid birdwatcher, and it's always fun to share that passion with someone. [end]\n"}}, {"from": "Player 2", "to": "GM", "timestamp": "2024-09-12T14:29:20.468936", "action": {"type": "get message", "content": "[reason] I appreciate Noah's enthusiasm for birdwatching and I'm open to trying new things. [end]\n\n[sentiment] Agreement on Action [end]\n\n[response] That sounds like a fun challenge, Noah! I'm not an expert, but I'm definitely up for learning more about birdwatching. [end]"}}, {"from": "GM", "to": "GM", "timestamp": "2024-09-12T14:29:20.469918", "action": {"type": "parse", "content": "[reason] I appreciate Noah's enthusiasm for birdwatching and I'm open to trying new things. [end]\n\n[sentiment] Agreement on Action [end]\n\n[response] That sounds like a fun challenge, Noah! I'm not an expert, but I'm definitely up for learning more about birdwatching. [end] conforms to rules"}}], [{"from": "GM", "to": "Player 1", "timestamp": "2024-09-12T14:29:20.469918", "action": {"type": "send message", "content": "Ethan Cooper 's Message:  That sounds like a fun challenge, Noah! I'm not an expert, but I'm definitely up for learning more about birdwatching. [end]\n"}}, {"from": "Player 1", "to": "GM", "timestamp": "2024-09-12T14:29:22.822705", "action": {"type": "get message", "content": "[reason] Ethan is open to the birdwatching activity, so I want to confirm our overall agreement and express my enthusiasm for our first date. [end]\n\n[sentiment] Overall Agreement [end]\n\n[response] I'm thrilled that you're open to the birdwatching challenge, Ethan! So, just to confirm, we'll meet at the Sunset Ridge Trail parking lot at 1 PM on Saturday, go for a hike, and try to identify as many bird species as we can. Afterward, we'll head to the Bean & Leaf Café for a drink. I can't wait for our first date! [end]"}}, {"from": "GM", "to": "GM", "timestamp": "2024-09-12T14:29:22.823699", "action": {"type": "parse", "content": "[reason] Ethan is open to the birdwatching activity, so I want to confirm our overall agreement and express my enthusiasm for our first date. [end]\n\n[sentiment] Overall Agreement [end]\n\n[response] I'm thrilled that you're open to the birdwatching challenge, Ethan! So, just to confirm, we'll meet at the Sunset Ridge Trail parking lot at 1 PM on Saturday, go for a hike, and try to identify as many bird species as we can. Afterward, we'll head to the Bean & Leaf Café for a drink. I can't wait for our first date! [end] conforms to rules"}}, {"from": "GM", "to": "GM", "timestamp": "2024-09-12T14:29:22.823699", "action": {"type": "mismatch action agreement", "content": "no action agreement, mismatched sentiment"}}], [{"from": "GM", "to": "Player 2", "timestamp": "2024-09-12T14:29:22.823699", "action": {"type": "send message", "content": "Noah Sullivan 's Message:  I'm thrilled that you're open to the birdwatching challenge, Ethan! So, just to confirm, we'll meet at the Sunset Ridge Trail parking lot at 1 PM on Saturday, go for a hike, and try to identify as many bird species as we can. Afterward, we'll head to the Bean & Leaf Café for a drink. I can't wait for our first date! [end]\n"}}, {"from": "Player 2", "to": "GM", "timestamp": "2024-09-12T14:29:24.569927", "action": {"type": "get message", "content": "[reason] I'm happy that we've agreed on all aspects of our first date and I'm looking forward to spending time with Noah. [end]\n\n[sentiment] Overall Agreement [end]\n\n[response] I'm really excited for our first date, Noah! I'll see you at the Sunset Ridge Trail parking lot at 1 PM on Saturday. Let's make it a memorable hike and birdwatching experience! [end]"}}, {"from": "GM", "to": "GM", "timestamp": "2024-09-12T14:29:24.570925", "action": {"type": "parse", "content": "[reason] I'm happy that we've agreed on all aspects of our first date and I'm looking forward to spending time with Noah. [end]\n\n[sentiment] Overall Agreement [end]\n\n[response] I'm really excited for our first date, Noah! I'll see you at the Sunset Ridge Trail parking lot at 1 PM on Saturday. Let's make it a memorable hike and birdwatching experience! [end] conforms to rules"}}, {"from": "GM", "to": "GM", "timestamp": "2024-09-12T14:29:24.570925", "action": {"type": "overall agreement", "content": "game successful"}}]], "max_turns": 15, "completed_turns": 12, "time_agreement": true, "location_agreement": true, "action_agreement": false}