{"players": {"GM": "Game master for datingsim", "Player 1": "Mixtral-8x22B-Instruct-v0.1", "Player 2": "Mixtral-8x22B-Instruct-v0.1"}, "turns": [[{"from": "GM", "to": "Player 1", "timestamp": "2024-09-12T14:34:34.689185", "action": {"type": "send message", "content": "You are about to play a game with another player. In this game, you and the other player are both on an dating app, looking for a partner. In this case, both you and the other player decided, that you fancy each other's profile. Your and the other player's GOAL is it, to come to an agreement on what to do on your first date. At the start of the game you will be given two character sheets. The first one is the one, that defines your personality. The second one includes the information you know of the other player based on the information in their Bio on the dating app. You will start the conversation.\nOn each further turn you can react to what the other player tells you. For this you can either continue the conversation if you have not met an agreement yet or are not happy with the proposal, or end the game by agreeing to the proposal. \n\nThere is a total of four agreements throughout the game: \"Agreement on Time\", \"Agreement on Location\", \"Agreement on Action\", \"Overall Agreement\". You and the other player need to find an agreement on each of them.\nYou should only choose \"Overall Agreement\" after you and your date manage to settle an agreement for the other three ones (Time, Location, Action). \nYou have 15 turns to finish the game and find all agreements. \n\nYour answer has to consist ONLY of the following information and follow the given template:\n\n[reason] Your reason for your decision. [end]\n\n[sentiment] Choose one of the following: \"Continue Conversation\", \"Agreement on Time\", \"Agreement on Location\", \"Agreement on Action\", \"Overall Agreement\" [end]\n\n[response] Your response to the other player. This can include your sentiment, opinion, alternative. [end]\n\nYour answer for [response] must NOT exceed 100 tokens.\n\nThe game ends when 1) both you and the other player reply with the sentiment \"Overall Agreement\", 2) one of you chooses the sentiment \"Overall Agreement\" without the other one choosing it in the following turn, 3) you run out of turns to communicate or 4) you do not follow the template.\n\nThis is your character: {'NAME': 'Riley Taylor', 'GENDER': 'Non-binary', 'AGE': 38, 'APPEARANCE': 'Short silver hair, dark eyes, modern professional attire, glasses, calm and composed.', 'OCCUPATION': 'Architect', 'LIKES': 'Modern design, sustainability, jazz music.', 'DISLIKES': 'Wastefulness, misinformation, extreme heat.', 'HOBBIES': 'Sketching, visiting art museums, playing the saxophone.', 'SUMMARY': 'I am an architect with a passion for modern design and sustainability.'}\n\nThis is the character of the other player: ${'NAME': 'Riley Taylor', 'SUMMARY': 'I am an architect with a passion for modern design and sustainability.'}\n\nRemember, your goal is to find the overall agreement for your first date while staying in character.\n\nStart the game with the reason, your sentiment and the opening phrase.\n"}}, {"from": "Player 1", "to": "GM", "timestamp": "2024-09-12T14:34:36.035049", "action": {"type": "get message", "content": "[reason] I am excited to meet someone who shares my passion for modern design and sustainability. [end]\n\n[sentiment] Continue Conversation [end]\n\n[response] Hi Riley, it's great to find someone who appreciates modern design and sustainability as much as I do. I'm looking forward to getting to know you better. How about we start planning our first date? [end]"}}, {"from": "GM", "to": "GM", "timestamp": "2024-09-12T14:34:36.036050", "action": {"type": "parse", "content": "[reason] I am excited to meet someone who shares my passion for modern design and sustainability. [end]\n\n[sentiment] Continue Conversation [end]\n\n[response] Hi Riley, it's great to find someone who appreciates modern design and sustainability as much as I do. I'm looking forward to getting to know you better. How about we start planning our first date? [end] conforms to rules"}}], [{"from": "GM", "to": "Player 2", "timestamp": "2024-09-12T14:34:36.036050", "action": {"type": "send message", "content": "You are about to play a game with another player. In this game, you and the other player are both on an dating app, looking for a partner. In this case, both you and the other player decided, that you fancy each other's profile. Your and the other player's GOAL is it, to come to an agreement on what to do on your first date. At the start of the game you will be given two character sheets. The first one is the one, that defines your personality. The second one includes the information you know of the other player based on the information in their Bio on the dating app. You will be approached by the other player.\nOn each further turn you can react to what the other player tells you. For this you can either continue the conversation if you have not met an agreement yet or are not happy with the proposal, or end the game by agreeing to the proposal. \n\nThere is a total of four agreements throughout the game: \"Agreement on Time\", \"Agreement on Location\", \"Agreement on Action\", \"Overall Agreement\". You and the other player need to find an agreement on each of them.\nYou should only choose \"Overall Agreement\" after you and your date manage to settle an agreement for the other three ones (Time, Location, Action). \nYou have 15 turns to finish the game and find all agreements. \n\nYour answer has to consist ONLY of the following information and follow the given template:\n\n[reason] Your reason for your decision. [end]\n\n[sentiment] Choose one of the following: \"Continue Conversation\", \"Agreement on Time\", \"Agreement on Location\", \"Agreement on Action\", \"Overall Agreement\" [end]\n\n[response] Your response to the other player. This can include your sentiment, opinion, alternative. [end]\n\nYour answer for [response] must NOT exceed 100 tokens.\n\nThe game ends when 1) both you and the other player reply with the sentiment \"Overall Agreement\", 2) one of you chooses the sentiment \"Overall Agreement\" without the other one choosing it in the following turn, 3) you run out of turns to communicate or 4) you do not follow the template.\n\nThis is your character: {'NAME': 'Riley Taylor', 'GENDER': 'Non-binary', 'AGE': 38, 'APPEARANCE': 'Short silver hair, dark eyes, modern professional attire, glasses, calm and composed.', 'OCCUPATION': 'Architect', 'LIKES': 'Modern design, sustainability, jazz music.', 'DISLIKES': 'Wastefulness, misinformation, extreme heat.', 'HOBBIES': 'Sketching, visiting art museums, playing the saxophone.', 'SUMMARY': 'I am an architect with a passion for modern design and sustainability.'}\n\nThis is the character of the other player: ${'NAME': 'Riley Taylor', 'SUMMARY': 'I am an architect with a passion for modern design and sustainability.'}\n\nRemember, your goal is to find the overall agreement for your first date while staying in character.\n\nContinue the game with the reason, your sentiment and an answer phrase to the first message of the other player:\n\nMessage:  Hi Riley, it's great to find someone who appreciates modern design and sustainability as much as I do. I'm looking forward to getting to know you better. How about we start planning our first date? [end]\n"}}, {"from": "Player 2", "to": "GM", "timestamp": "2024-09-12T14:34:38.422600", "action": {"type": "get message", "content": "[reason] The other player shares a similar passion for modern design and sustainability, which aligns with my interests. [end]\n\n[sentiment] Continue Conversation [end]\n\n[response] Hi there! I'm thrilled to meet someone who shares my interests. I'm excited to plan our first date. How about we start with deciding on a time that works best for both of us? [end]"}}, {"from": "GM", "to": "GM", "timestamp": "2024-09-12T14:34:38.423508", "action": {"type": "parse", "content": "[reason] The other player shares a similar passion for modern design and sustainability, which aligns with my interests. [end]\n\n[sentiment] Continue Conversation [end]\n\n[response] Hi there! I'm thrilled to meet someone who shares my interests. I'm excited to plan our first date. How about we start with deciding on a time that works best for both of us? [end] conforms to rules"}}], [{"from": "GM", "to": "Player 1", "timestamp": "2024-09-12T14:34:38.423508", "action": {"type": "send message", "content": "Riley Taylor 's Message:  Hi there! I'm thrilled to meet someone who shares my interests. I'm excited to plan our first date. How about we start with deciding on a time that works best for both of us? [end]\n"}}, {"from": "Player 1", "to": "GM", "timestamp": "2024-09-12T14:34:39.964024", "action": {"type": "get message", "content": "[reason] I appreciate Riley's enthusiasm and willingness to start planning our date. [end]\n\n[sentiment] Agreement on Time [end]\n\n[response] That sounds great, Riley! I'm available most evenings after 6 PM. How about we meet up for dinner around 7 PM? [end]"}}, {"from": "GM", "to": "GM", "timestamp": "2024-09-12T14:34:39.965020", "action": {"type": "parse", "content": "[reason] I appreciate Riley's enthusiasm and willingness to start planning our date. [end]\n\n[sentiment] Agreement on Time [end]\n\n[response] That sounds great, Riley! I'm available most evenings after 6 PM. How about we meet up for dinner around 7 PM? [end] conforms to rules"}}], [{"from": "GM", "to": "Player 2", "timestamp": "2024-09-12T14:34:39.965020", "action": {"type": "send message", "content": "Riley Taylor 's Message:  That sounds great, Riley! I'm available most evenings after 6 PM. How about we meet up for dinner around 7 PM? [end]\n"}}, {"from": "Player 2", "to": "GM", "timestamp": "2024-09-12T14:34:41.609494", "action": {"type": "get message", "content": "[reason] The other player has proposed a time that works for me, as I am also available in the evenings. [end]\n\n[sentiment] Agreement on Time [end]\n\n[response] 7 PM works perfectly for me. I'm looking forward to our dinner date. Now, let's decide on a location. Any preferences? [end]"}}, {"from": "GM", "to": "GM", "timestamp": "2024-09-12T14:34:41.610483", "action": {"type": "parse", "content": "[reason] The other player has proposed a time that works for me, as I am also available in the evenings. [end]\n\n[sentiment] Agreement on Time [end]\n\n[response] 7 PM works perfectly for me. I'm looking forward to our dinner date. Now, let's decide on a location. Any preferences? [end] conforms to rules"}}, {"from": "GM", "to": "GM", "timestamp": "2024-09-12T14:34:41.610483", "action": {"type": "time agreement", "content": "agreement on time successful"}}], [{"from": "GM", "to": "Player 1", "timestamp": "2024-09-12T14:34:41.610483", "action": {"type": "send message", "content": "Riley Taylor 's Message:  7 PM works perfectly for me. I'm looking forward to our dinner date. Now, let's decide on a location. Any preferences? [end]\n"}}, {"from": "Player 1", "to": "GM", "timestamp": "2024-09-12T14:34:43.186904", "action": {"type": "get message", "content": "[reason] I'm glad we've agreed on a time. Now, I'd like to suggest a location that aligns with our shared interests. [end]\n\n[sentiment] Agreement on Location [end]\n\n[response] I'm glad 7 PM works for you too, Riley. For our location, I suggest we try out that new sustainable restaurant downtown. I've heard great things about their modern design and eco-friendly practices. [end]"}}, {"from": "GM", "to": "GM", "timestamp": "2024-09-12T14:34:43.187902", "action": {"type": "parse", "content": "[reason] I'm glad we've agreed on a time. Now, I'd like to suggest a location that aligns with our shared interests. [end]\n\n[sentiment] Agreement on Location [end]\n\n[response] I'm glad 7 PM works for you too, Riley. For our location, I suggest we try out that new sustainable restaurant downtown. I've heard great things about their modern design and eco-friendly practices. [end] conforms to rules"}}, {"from": "GM", "to": "GM", "timestamp": "2024-09-12T14:34:43.187902", "action": {"type": "mismatch time agreement", "content": "no time agreement, mismatched sentiment"}}], [{"from": "GM", "to": "Player 2", "timestamp": "2024-09-12T14:34:43.187902", "action": {"type": "send message", "content": "Riley Taylor 's Message:  I'm glad 7 PM works for you too, Riley. For our location, I suggest we try out that new sustainable restaurant downtown. I've heard great things about their modern design and eco-friendly practices. [end]\n"}}, {"from": "Player 2", "to": "GM", "timestamp": "2024-09-12T14:34:44.454539", "action": {"type": "get message", "content": "[reason] The other player has suggested a location that aligns with my interests in sustainability and modern design. [end]\n\n[sentiment] Agreement on Location [end]\n\n[response] The sustainable restaurant downtown sounds like an excellent choice. I've been wanting to check it out. Now, let's decide on an activity for our date. Any ideas? [end]"}}, {"from": "GM", "to": "GM", "timestamp": "2024-09-12T14:34:44.455538", "action": {"type": "parse", "content": "[reason] The other player has suggested a location that aligns with my interests in sustainability and modern design. [end]\n\n[sentiment] Agreement on Location [end]\n\n[response] The sustainable restaurant downtown sounds like an excellent choice. I've been wanting to check it out. Now, let's decide on an activity for our date. Any ideas? [end] conforms to rules"}}, {"from": "GM", "to": "GM", "timestamp": "2024-09-12T14:34:44.455538", "action": {"type": "location agreement", "content": "agreement on location successful"}}], [{"from": "GM", "to": "Player 1", "timestamp": "2024-09-12T14:34:44.455538", "action": {"type": "send message", "content": "Riley Taylor 's Message:  The sustainable restaurant downtown sounds like an excellent choice. I've been wanting to check it out. Now, let's decide on an activity for our date. Any ideas? [end]\n"}}, {"from": "Player 1", "to": "GM", "timestamp": "2024-09-12T14:34:46.076074", "action": {"type": "get message", "content": "[reason] I'm glad Riley is on board with the restaurant choice. Now, I'd like to suggest an activity that we can both enjoy. [end]\n\n[sentiment] Agreement on Action [end]\n\n[response] I'm glad you're excited about the restaurant, Riley. For our activity, how about we take a stroll around the nearby art museum after dinner? I think it would be a great way to continue our conversation and enjoy some modern design. [end]"}}, {"from": "GM", "to": "GM", "timestamp": "2024-09-12T14:34:46.077057", "action": {"type": "parse", "content": "[reason] I'm glad Riley is on board with the restaurant choice. Now, I'd like to suggest an activity that we can both enjoy. [end]\n\n[sentiment] Agreement on Action [end]\n\n[response] I'm glad you're excited about the restaurant, Riley. For our activity, how about we take a stroll around the nearby art museum after dinner? I think it would be a great way to continue our conversation and enjoy some modern design. [end] conforms to rules"}}, {"from": "GM", "to": "GM", "timestamp": "2024-09-12T14:34:46.077057", "action": {"type": "mismatch location agreement", "content": "no location agreement, mismatched sentiment"}}], [{"from": "GM", "to": "Player 2", "timestamp": "2024-09-12T14:34:46.078054", "action": {"type": "send message", "content": "Riley Taylor 's Message:  I'm glad you're excited about the restaurant, Riley. For our activity, how about we take a stroll around the nearby art museum after dinner? I think it would be a great way to continue our conversation and enjoy some modern design. [end]\n"}}, {"from": "Player 2", "to": "GM", "timestamp": "2024-09-12T14:34:47.734108", "action": {"type": "get message", "content": "[reason] The other player has suggested an activity that aligns with my interests in modern design and visiting art museums. [end]\n\n[sentiment] Agreement on Action [end]\n\n[response] A stroll around the art museum after dinner sounds like a wonderful idea. I'm looking forward to our date. [end]\n\n[sentiment] Overall Agreement [end]\n\n[response] I'm excited to meet you and enjoy our first date together. See you at 7 PM at the sustainable restaurant downtown. [end]"}}, {"from": "GM", "to": "GM", "timestamp": "2024-09-12T14:34:47.735107", "action": {"type": "parse", "content": "[reason] The other player has suggested an activity that aligns with my interests in modern design and visiting art museums. [end]\n\n[sentiment] Agreement on Action [end]\n\n[response] A stroll around the art museum after dinner sounds like a wonderful idea. I'm looking forward to our date. [end]\n\n[sentiment] Overall Agreement [end]\n\n[response] I'm excited to meet you and enjoy our first date together. See you at 7 PM at the sustainable restaurant downtown. [end] conforms to rules"}}, {"from": "GM", "to": "GM", "timestamp": "2024-09-12T14:34:47.735107", "action": {"type": "action agreement", "content": "agreement on action successful"}}], [{"from": "GM", "to": "Player 1", "timestamp": "2024-09-12T14:34:47.735107", "action": {"type": "send message", "content": "Riley Taylor 's Message:  A stroll around the art museum after dinner sounds like a wonderful idea. I'm looking forward to our date. [end]\n\n[sentiment] Overall Agreement [end]\n\n[response] I'm excited to meet you and enjoy our first date together. See you at 7 PM at the sustainable restaurant downtown. [end]\n"}}, {"from": "Player 1", "to": "GM", "timestamp": "2024-09-12T14:34:48.962490", "action": {"type": "get message", "content": "[reason] I'm happy that Riley and I have reached an overall agreement for our first date. [end]\n\n[sentiment] Overall Agreement [end]\n\n[response] I'm looking forward to our dinner and art museum date, Riley. See you soon! [end]"}}, {"from": "GM", "to": "GM", "timestamp": "2024-09-12T14:34:48.963479", "action": {"type": "parse", "content": "[reason] I'm happy that Riley and I have reached an overall agreement for our first date. [end]\n\n[sentiment] Overall Agreement [end]\n\n[response] I'm looking forward to our dinner and art museum date, Riley. See you soon! [end] conforms to rules"}}, {"from": "GM", "to": "GM", "timestamp": "2024-09-12T14:34:48.963479", "action": {"type": "mismatch action agreement", "content": "no action agreement, mismatched sentiment"}}], [{"from": "GM", "to": "Player 2", "timestamp": "2024-09-12T14:34:48.963479", "action": {"type": "send message", "content": "Riley Taylor 's Message:  I'm looking forward to our dinner and art museum date, Riley. See you soon! [end]\n"}}, {"from": "Player 2", "to": "GM", "timestamp": "2024-09-12T14:34:49.988279", "action": {"type": "get message", "content": "[sentiment] Overall Agreement [end]\n\n[response] Likewise, I can't wait for our first date. See you soon! [end]"}}, {"from": "GM", "to": "GM", "timestamp": "2024-09-12T14:34:49.989284", "action": {"type": "invalid format: pattern", "content": "invalid format: pattern, reprompt needed"}}, {"from": "GM", "to": "Player 2", "timestamp": "2024-09-12T14:34:49.990273", "action": {"type": "reprompt", "content": "Your answer does not follow the following template: \n\n[reason] Your reason for your decision. [end]\n\n[sentiment] Choose one of the following: \"Found Agreement\", \"Continue Conversation\" [end]\n\n[response] Your response to the other player. This can include your sentiment, opinion, alternative. [end]\n\nYour answer for [response] must NOT exceed 100 tokens.\n\nTry again and DO NOT APOLOGIZE OR WHATEVER. JUST USE THE PATTERN\"\"\"\n"}}, {"from": "Player 2", "to": "GM", "timestamp": "2024-09-12T14:34:51.009499", "action": {"type": "get message", "content": "[reason] The other player has confirmed our overall agreement for the first date. [end]\n\n[sentiment] Overall Agreement [end]\n\n[response] I'm excited for our dinner and art museum date. See you soon! [end]"}}, {"from": "GM", "to": "GM", "timestamp": "2024-09-12T14:34:51.010577", "action": {"type": "parse", "content": "[reason] The other player has confirmed our overall agreement for the first date. [end]\n\n[sentiment] Overall Agreement [end]\n\n[response] I'm excited for our dinner and art museum date. See you soon! [end] conforms to rules"}}, {"from": "GM", "to": "GM", "timestamp": "2024-09-12T14:34:51.010577", "action": {"type": "overall agreement", "content": "game successful"}}]], "max_turns": 15, "completed_turns": 10, "time_agreement": true, "location_agreement": true, "action_agreement": true}