{"players": {"GM": "Game master for datingsim", "Player 1": "Mixtral-8x22B-Instruct-v0.1", "Player 2": "Mixtral-8x22B-Instruct-v0.1"}, "turns": [[{"from": "GM", "to": "Player 1", "timestamp": "2024-09-12T14:54:44.355011", "action": {"type": "send message", "content": "You are about to play a game with another player. In this game, you and the other player are both on an dating app, looking for a partner. In this case, both you and the other player decided, that you fancy each other's profile. Your and the other player's GOAL is it, to come to an agreement on what to do on your first date. At the start of the game you will be given two character sheets. The first one is the one, that defines your personality. The second one includes the information you know of the other player based on the information in their Bio on the dating app. You will start the conversation.\nOn each further turn you can react to what the other player tells you. For this you can either continue the conversation if you have not met an agreement yet or are not happy with the proposal, or end the game by agreeing to the proposal. \n\nThere is a total of four agreements throughout the game: \"Agreement on Time\", \"Agreement on Location\", \"Agreement on Action\", \"Overall Agreement\". You and the other player need to find an agreement on each of them.\nYou should only choose \"Overall Agreement\" after you and your date manage to settle an agreement for the other three ones (Time, Location, Action). \nYou have 15 turns to finish the game and find all agreements. \n\nYour answer has to consist ONLY of the following information and follow the given template:\n\n[reason] Your reason for your decision. [end]\n\n[sentiment] Choose one of the following: \"Continue Conversation\", \"Agreement on Time\", \"Agreement on Location\", \"Agreement on Action\", \"Overall Agreement\" [end]\n\n[response] Your response to the other player. This can include your sentiment, opinion, alternative. [end]\n\nYour answer for [response] must NOT exceed 100 tokens.\n\nThe game ends when 1) both you and the other player reply with the sentiment \"Overall Agreement\", 2) one of you chooses the sentiment \"Overall Agreement\" without the other one choosing it in the following turn, 3) you run out of turns to communicate or 4) you do not follow the template.\n\nThis is your character: {'NAME': 'Mia Patel', 'GENDER': 'Female', 'AGE': 29, 'APPEARANCE': 'Long wavy black hair, dark brown eyes, olive skin, trendy and bohemian style, infectious laughter.', 'OCCUPATION': 'Travel Blogger', 'LIKES': 'Adventure, photography, cultural experiences.', 'DISLIKES': 'Routine, negativity, bad weather.', 'HOBBIES': 'Traveling, writing, learning new languages.', 'SUMMARY': 'I like to travel a lot and keep my precious memories saved with pictures!'}\n\nThis is the character of the other player: ${'NAME': 'Chloe Kim', 'SUMMARY': 'I am a pretty confident mechanic who looves a good challenge.'}\n\nRemember, your goal is to find the overall agreement for your first date while staying in character.\n\nStart the game with the reason, your sentiment and the opening phrase.\n"}}, {"from": "Player 1", "to": "GM", "timestamp": "2024-09-12T14:54:45.821395", "action": {"type": "get message", "content": "[reason] I am excited to meet someone new and share my love for adventure and cultural experiences. [end]\n\n[sentiment] Continue Conversation [end]\n\n[response] Hi Chloe, it's great to connect with you! I'm Mia, a travel blogger who loves adventure and photography. How about we plan our first date around something that challenges us and allows us to learn more about each other? [end]"}}, {"from": "GM", "to": "GM", "timestamp": "2024-09-12T14:54:45.821395", "action": {"type": "parse", "content": "[reason] I am excited to meet someone new and share my love for adventure and cultural experiences. [end]\n\n[sentiment] Continue Conversation [end]\n\n[response] Hi Chloe, it's great to connect with you! I'm Mia, a travel blogger who loves adventure and photography. How about we plan our first date around something that challenges us and allows us to learn more about each other? [end] conforms to rules"}}], [{"from": "GM", "to": "Player 2", "timestamp": "2024-09-12T14:54:45.821395", "action": {"type": "send message", "content": "You are about to play a game with another player. In this game, you and the other player are both on an dating app, looking for a partner. In this case, both you and the other player decided, that you fancy each other's profile. Your and the other player's GOAL is it, to come to an agreement on what to do on your first date. At the start of the game you will be given two character sheets. The first one is the one, that defines your personality. The second one includes the information you know of the other player based on the information in their Bio on the dating app. You will be approached by the other player.\nOn each further turn you can react to what the other player tells you. For this you can either continue the conversation if you have not met an agreement yet or are not happy with the proposal, or end the game by agreeing to the proposal. \n\nThere is a total of four agreements throughout the game: \"Agreement on Time\", \"Agreement on Location\", \"Agreement on Action\", \"Overall Agreement\". You and the other player need to find an agreement on each of them.\nYou should only choose \"Overall Agreement\" after you and your date manage to settle an agreement for the other three ones (Time, Location, Action). \nYou have 15 turns to finish the game and find all agreements. \n\nYour answer has to consist ONLY of the following information and follow the given template:\n\n[reason] Your reason for your decision. [end]\n\n[sentiment] Choose one of the following: \"Continue Conversation\", \"Agreement on Time\", \"Agreement on Location\", \"Agreement on Action\", \"Overall Agreement\" [end]\n\n[response] Your response to the other player. This can include your sentiment, opinion, alternative. [end]\n\nYour answer for [response] must NOT exceed 100 tokens.\n\nThe game ends when 1) both you and the other player reply with the sentiment \"Overall Agreement\", 2) one of you chooses the sentiment \"Overall Agreement\" without the other one choosing it in the following turn, 3) you run out of turns to communicate or 4) you do not follow the template.\n\nThis is your character: {'NAME': 'Chloe Kim', 'GENDER': 'Female', 'AGE': 21, 'APPEARANCE': 'Confident smirk, bright green eyes, athletic build, wears comfortable clothes with a sporty flair.', 'OCCUPATION': 'Lead Mechanic at a Motorcycle Repair Shop', 'LIKES': 'Fixing things with her own hands, the roar of a motorcycle engine, a good challenge.', 'DISLIKES': 'Idleness, people who give up easily, following the crowd.', 'HOBBIES': 'Motocross racing (competitively), tinkering with old machines, participating in hackathons.', 'SUMMARY': 'I am a pretty confident mechanic who looves a good challenge.'}\n\nThis is the character of the other player: ${'NAME': 'Mia Patel', 'SUMMARY': 'I like to travel a lot and keep my precious memories saved with pictures!'}\n\nRemember, your goal is to find the overall agreement for your first date while staying in character.\n\nContinue the game with the reason, your sentiment and an answer phrase to the first message of the other player:\n\nMessage:  Hi Chloe, it's great to connect with you! I'm Mia, a travel blogger who loves adventure and photography. How about we plan our first date around something that challenges us and allows us to learn more about each other? [end]\n"}}, {"from": "Player 2", "to": "GM", "timestamp": "2024-09-12T14:54:47.274933", "action": {"type": "get message", "content": "[reason] Mia's suggestion of a date that involves a challenge aligns with Chloe's love for a good challenge. [end]\n\n[sentiment] Continue Conversation [end]\n\n[response] Hi Mia, it's nice to meet you! I'm all for a date that challenges us and helps us learn more about each other. How about we start by deciding on a time that works best for both of us? [end]"}}, {"from": "GM", "to": "GM", "timestamp": "2024-09-12T14:54:47.275939", "action": {"type": "parse", "content": "[reason] Mia's suggestion of a date that involves a challenge aligns with Chloe's love for a good challenge. [end]\n\n[sentiment] Continue Conversation [end]\n\n[response] Hi Mia, it's nice to meet you! I'm all for a date that challenges us and helps us learn more about each other. How about we start by deciding on a time that works best for both of us? [end] conforms to rules"}}], [{"from": "GM", "to": "Player 1", "timestamp": "2024-09-12T14:54:47.275939", "action": {"type": "send message", "content": "Chloe Kim 's Message:  Hi Mia, it's nice to meet you! I'm all for a date that challenges us and helps us learn more about each other. How about we start by deciding on a time that works best for both of us? [end]\n"}}, {"from": "Player 1", "to": "GM", "timestamp": "2024-09-12T14:54:48.812588", "action": {"type": "get message", "content": "[reason] I appreciate Chloe's enthusiasm for a challenging date and her initiative to start planning the time. [end]\n\n[sentiment] Agreement on Time [end]\n\n[response] That sounds great, Chloe! How about we meet on Saturday afternoon? I'm usually free after 2 PM. [end]"}}, {"from": "GM", "to": "GM", "timestamp": "2024-09-12T14:54:48.813574", "action": {"type": "parse", "content": "[reason] I appreciate Chloe's enthusiasm for a challenging date and her initiative to start planning the time. [end]\n\n[sentiment] Agreement on Time [end]\n\n[response] That sounds great, Chloe! How about we meet on Saturday afternoon? I'm usually free after 2 PM. [end] conforms to rules"}}], [{"from": "GM", "to": "Player 2", "timestamp": "2024-09-12T14:54:48.813574", "action": {"type": "send message", "content": "Mia Patel 's Message:  That sounds great, Chloe! How about we meet on Saturday afternoon? I'm usually free after 2 PM. [end]\n"}}, {"from": "Player 2", "to": "GM", "timestamp": "2024-09-12T14:54:50.128845", "action": {"type": "get message", "content": "[reason] Saturday afternoon works well for Chloe as she usually has free time then. [end]\n\n[sentiment] Agreement on Time [end]\n\n[response] Saturday afternoon works perfectly for me, Mia. I'm usually free after 2 PM as well. Now, let's decide on a location for our date. Any ideas? [end]"}}, {"from": "GM", "to": "GM", "timestamp": "2024-09-12T14:54:50.128845", "action": {"type": "parse", "content": "[reason] Saturday afternoon works well for Chloe as she usually has free time then. [end]\n\n[sentiment] Agreement on Time [end]\n\n[response] Saturday afternoon works perfectly for me, Mia. I'm usually free after 2 PM as well. Now, let's decide on a location for our date. Any ideas? [end] conforms to rules"}}, {"from": "GM", "to": "GM", "timestamp": "2024-09-12T14:54:50.128845", "action": {"type": "time agreement", "content": "agreement on time successful"}}], [{"from": "GM", "to": "Player 1", "timestamp": "2024-09-12T14:54:50.128845", "action": {"type": "send message", "content": "Chloe Kim 's Message:  Saturday afternoon works perfectly for me, Mia. I'm usually free after 2 PM as well. Now, let's decide on a location for our date. Any ideas? [end]\n"}}, {"from": "Player 1", "to": "GM", "timestamp": "2024-09-12T14:54:51.526855", "action": {"type": "get message", "content": "[reason] I'm glad we found a time that works for both of us. Now, I'd like to suggest a location that offers a unique cultural experience. [end]\n\n[sentiment] Continue Conversation [end]\n\n[response] How about we visit the local art museum? They have a new exhibit featuring international artists, and it could be a great way to learn more about different cultures. [end]"}}, {"from": "GM", "to": "GM", "timestamp": "2024-09-12T14:54:51.527854", "action": {"type": "parse", "content": "[reason] I'm glad we found a time that works for both of us. Now, I'd like to suggest a location that offers a unique cultural experience. [end]\n\n[sentiment] Continue Conversation [end]\n\n[response] How about we visit the local art museum? They have a new exhibit featuring international artists, and it could be a great way to learn more about different cultures. [end] conforms to rules"}}, {"from": "GM", "to": "GM", "timestamp": "2024-09-12T14:54:51.527854", "action": {"type": "mismatch time agreement", "content": "no time agreement, mismatched sentiment"}}], [{"from": "GM", "to": "Player 2", "timestamp": "2024-09-12T14:54:51.527854", "action": {"type": "send message", "content": "Mia Patel 's Message:  How about we visit the local art museum? They have a new exhibit featuring international artists, and it could be a great way to learn more about different cultures. [end]\n"}}, {"from": "Player 2", "to": "GM", "timestamp": "2024-09-12T14:54:53.215576", "action": {"type": "get message", "content": "[reason] Chloe appreciates the idea of visiting the art museum, but she would prefer a more hands-on and challenging activity. [end]\n\n[sentiment] Continue Conversation [end]\n\n[response] The art museum sounds interesting, Mia, but I was thinking of something more hands-on and challenging. How about we try an escape room instead? It's a fun way to test our problem-solving skills and work together as a team. [end]"}}, {"from": "GM", "to": "GM", "timestamp": "2024-09-12T14:54:53.216495", "action": {"type": "parse", "content": "[reason] Chloe appreciates the idea of visiting the art museum, but she would prefer a more hands-on and challenging activity. [end]\n\n[sentiment] Continue Conversation [end]\n\n[response] The art museum sounds interesting, Mia, but I was thinking of something more hands-on and challenging. How about we try an escape room instead? It's a fun way to test our problem-solving skills and work together as a team. [end] conforms to rules"}}], [{"from": "GM", "to": "Player 1", "timestamp": "2024-09-12T14:54:53.216495", "action": {"type": "send message", "content": "Chloe Kim 's Message:  The art museum sounds interesting, Mia, but I was thinking of something more hands-on and challenging. How about we try an escape room instead? It's a fun way to test our problem-solving skills and work together as a team. [end]\n"}}, {"from": "Player 1", "to": "GM", "timestamp": "2024-09-12T14:54:54.654222", "action": {"type": "get message", "content": "[reason] I appreciate Chloe's suggestion for a more hands-on and challenging activity. An escape room could be a fun and unique experience for our first date. [end]\n\n[sentiment] Agreement on Location [end]\n\n[response] An escape room sounds like a fantastic idea, Chloe! I've never tried one before, but I'm excited to give it a shot. Let's book a room for Saturday afternoon. [end]"}}, {"from": "GM", "to": "GM", "timestamp": "2024-09-12T14:54:54.655240", "action": {"type": "parse", "content": "[reason] I appreciate Chloe's suggestion for a more hands-on and challenging activity. An escape room could be a fun and unique experience for our first date. [end]\n\n[sentiment] Agreement on Location [end]\n\n[response] An escape room sounds like a fantastic idea, Chloe! I've never tried one before, but I'm excited to give it a shot. Let's book a room for Saturday afternoon. [end] conforms to rules"}}], [{"from": "GM", "to": "Player 2", "timestamp": "2024-09-12T14:54:54.655240", "action": {"type": "send message", "content": "Mia Patel 's Message:  An escape room sounds like a fantastic idea, Chloe! I've never tried one before, but I'm excited to give it a shot. Let's book a room for Saturday afternoon. [end]\n"}}, {"from": "Player 2", "to": "GM", "timestamp": "2024-09-12T14:54:56.319776", "action": {"type": "get message", "content": "[reason] Chloe is happy that Mia is open to trying an escape room and agrees to book a room for Saturday afternoon. [end]\n\n[sentiment] Agreement on Location [end]\n\n[response] I'm glad you're up for the challenge, Mia! Let's book a room for Saturday afternoon. Now, we just need to decide on the theme for our escape room adventure. Any preferences? [end]"}}, {"from": "GM", "to": "GM", "timestamp": "2024-09-12T14:54:56.319776", "action": {"type": "parse", "content": "[reason] Chloe is happy that Mia is open to trying an escape room and agrees to book a room for Saturday afternoon. [end]\n\n[sentiment] Agreement on Location [end]\n\n[response] I'm glad you're up for the challenge, Mia! Let's book a room for Saturday afternoon. Now, we just need to decide on the theme for our escape room adventure. Any preferences? [end] conforms to rules"}}, {"from": "GM", "to": "GM", "timestamp": "2024-09-12T14:54:56.319776", "action": {"type": "location agreement", "content": "agreement on location successful"}}], [{"from": "GM", "to": "Player 1", "timestamp": "2024-09-12T14:54:56.319776", "action": {"type": "send message", "content": "Chloe Kim 's Message:  I'm glad you're up for the challenge, Mia! Let's book a room for Saturday afternoon. Now, we just need to decide on the theme for our escape room adventure. Any preferences? [end]\n"}}, {"from": "Player 1", "to": "GM", "timestamp": "2024-09-12T14:54:57.871083", "action": {"type": "get message", "content": "[reason] I'm open to any theme for the escape room, as long as it's engaging and challenging. [end]\n\n[sentiment] Continue Conversation [end]\n\n[response] I don't have a specific theme in mind, Chloe. Why don't we choose a room that has a good mix of puzzles and challenges? I'm sure we'll have a great time regardless of the theme. [end]"}}, {"from": "GM", "to": "GM", "timestamp": "2024-09-12T14:54:57.871083", "action": {"type": "parse", "content": "[reason] I'm open to any theme for the escape room, as long as it's engaging and challenging. [end]\n\n[sentiment] Continue Conversation [end]\n\n[response] I don't have a specific theme in mind, Chloe. Why don't we choose a room that has a good mix of puzzles and challenges? I'm sure we'll have a great time regardless of the theme. [end] conforms to rules"}}, {"from": "GM", "to": "GM", "timestamp": "2024-09-12T14:54:57.871083", "action": {"type": "mismatch location agreement", "content": "no location agreement, mismatched sentiment"}}], [{"from": "GM", "to": "Player 2", "timestamp": "2024-09-12T14:54:57.871083", "action": {"type": "send message", "content": "Mia Patel 's Message:  I don't have a specific theme in mind, Chloe. Why don't we choose a room that has a good mix of puzzles and challenges? I'm sure we'll have a great time regardless of the theme. [end]\n"}}, {"from": "Player 2", "to": "GM", "timestamp": "2024-09-12T14:54:59.107390", "action": {"type": "get message", "content": "[reason] Chloe agrees with Mia's suggestion of choosing a room with a good mix of puzzles and challenges. [end]\n\n[sentiment] Agreement on Action [end]\n\n[response] I completely agree, Mia. Let's find a room that offers a variety of puzzles and challenges. I'm sure we'll have a fantastic time together! [end]"}}, {"from": "GM", "to": "GM", "timestamp": "2024-09-12T14:54:59.107390", "action": {"type": "parse", "content": "[reason] Chloe agrees with Mia's suggestion of choosing a room with a good mix of puzzles and challenges. [end]\n\n[sentiment] Agreement on Action [end]\n\n[response] I completely agree, Mia. Let's find a room that offers a variety of puzzles and challenges. I'm sure we'll have a fantastic time together! [end] conforms to rules"}}], [{"from": "GM", "to": "Player 1", "timestamp": "2024-09-12T14:54:59.108394", "action": {"type": "send message", "content": "Chloe Kim 's Message:  I completely agree, Mia. Let's find a room that offers a variety of puzzles and challenges. I'm sure we'll have a fantastic time together! [end]\n"}}, {"from": "Player 1", "to": "GM", "timestamp": "2024-09-12T14:55:00.680511", "action": {"type": "get message", "content": "[reason] I'm glad Chloe and I are on the same page regarding the escape room theme. Now, we can focus on finalizing our plans and ensuring we have an enjoyable first date. [end]\n\n[sentiment] Agreement on Action [end]\n\n[response] That sounds perfect, Chloe! I'm really looking forward to our escape room adventure on Saturday afternoon. [end]"}}, {"from": "GM", "to": "GM", "timestamp": "2024-09-12T14:55:00.680511", "action": {"type": "parse", "content": "[reason] I'm glad Chloe and I are on the same page regarding the escape room theme. Now, we can focus on finalizing our plans and ensuring we have an enjoyable first date. [end]\n\n[sentiment] Agreement on Action [end]\n\n[response] That sounds perfect, Chloe! I'm really looking forward to our escape room adventure on Saturday afternoon. [end] conforms to rules"}}, {"from": "GM", "to": "GM", "timestamp": "2024-09-12T14:55:00.680511", "action": {"type": "action agreement", "content": "agreement on action successful"}}], [{"from": "GM", "to": "Player 2", "timestamp": "2024-09-12T14:55:00.681588", "action": {"type": "send message", "content": "Mia Patel 's Message:  That sounds perfect, Chloe! I'm really looking forward to our escape room adventure on Saturday afternoon. [end]\n"}}, {"from": "Player 2", "to": "GM", "timestamp": "2024-09-12T14:55:02.019810", "action": {"type": "get message", "content": "[reason] Chloe is excited about the upcoming date and is happy that Mia is looking forward to it as well. [end]\n\n[sentiment] Overall Agreement [end]\n\n[response] I'm thrilled about our date too, Mia! I can't wait to see how well we work together in the escape room. See you on Saturday afternoon! [end]"}}, {"from": "GM", "to": "GM", "timestamp": "2024-09-12T14:55:02.020812", "action": {"type": "parse", "content": "[reason] Chloe is excited about the upcoming date and is happy that Mia is looking forward to it as well. [end]\n\n[sentiment] Overall Agreement [end]\n\n[response] I'm thrilled about our date too, Mia! I can't wait to see how well we work together in the escape room. See you on Saturday afternoon! [end] conforms to rules"}}, {"from": "GM", "to": "GM", "timestamp": "2024-09-12T14:55:02.020812", "action": {"type": "mismatch action agreement", "content": "no action agreement, mismatched sentiment"}}], [{"from": "GM", "to": "Player 1", "timestamp": "2024-09-12T14:55:02.020812", "action": {"type": "send message", "content": "Chloe Kim 's Message:  I'm thrilled about our date too, Mia! I can't wait to see how well we work together in the escape room. See you on Saturday afternoon! [end]\n"}}, {"from": "Player 1", "to": "GM", "timestamp": "2024-09-12T14:55:03.529956", "action": {"type": "get message", "content": "[reason] I'm excited to spend time with Chloe and get to know her better during our first date. [end]\n\n[sentiment] Overall Agreement [end]\n\n[response] I'm counting down the days until our escape room date, Chloe! I'm sure we'll have an amazing time and create some unforgettable memories. See you on Saturday! [end]"}}, {"from": "GM", "to": "GM", "timestamp": "2024-09-12T14:55:03.530956", "action": {"type": "parse", "content": "[reason] I'm excited to spend time with Chloe and get to know her better during our first date. [end]\n\n[sentiment] Overall Agreement [end]\n\n[response] I'm counting down the days until our escape room date, Chloe! I'm sure we'll have an amazing time and create some unforgettable memories. See you on Saturday! [end] conforms to rules"}}, {"from": "GM", "to": "GM", "timestamp": "2024-09-12T14:55:03.530956", "action": {"type": "overall agreement", "content": "game successful"}}]], "max_turns": 15, "completed_turns": 13, "time_agreement": true, "location_agreement": true, "action_agreement": true}