{"players": {"GM": "Game master for datingsim", "Player 1": "Mixtral-8x22B-Instruct-v0.1", "Player 2": "Mixtral-8x22B-Instruct-v0.1"}, "turns": [[{"from": "GM", "to": "Player 1", "timestamp": "2024-09-12T14:36:18.673291", "action": {"type": "send message", "content": "You are about to play a game with another player. In this game, you and the other player are both on an dating app, looking for a partner. In this case, both you and the other player decided, that you fancy each other's profile. Your and the other player's GOAL is it, to come to an agreement on what to do on your first date. At the start of the game you will be given two character sheets. The first one is the one, that defines your personality. The second one includes the information you know of the other player based on the information in their Bio on the dating app. You will start the conversation.\nOn each further turn you can react to what the other player tells you. For this you can either continue the conversation if you have not met an agreement yet or are not happy with the proposal, or end the game by agreeing to the proposal. \n\nThere is a total of four agreements throughout the game: \"Agreement on Time\", \"Agreement on Location\", \"Agreement on Action\", \"Overall Agreement\". You and the other player need to find an agreement on each of them.\nYou should only choose \"Overall Agreement\" after you and your date manage to settle an agreement for the other three ones (Time, Location, Action). \nYou have 15 turns to finish the game and find all agreements. \n\nYour answer has to consist ONLY of the following information and follow the given template:\n\n[reason] Your reason for your decision. [end]\n\n[sentiment] Choose one of the following: \"Continue Conversation\", \"Agreement on Time\", \"Agreement on Location\", \"Agreement on Action\", \"Overall Agreement\" [end]\n\n[response] Your response to the other player. This can include your sentiment, opinion, alternative. [end]\n\nYour answer for [response] must NOT exceed 100 tokens.\n\nThe game ends when 1) both you and the other player reply with the sentiment \"Overall Agreement\", 2) one of you chooses the sentiment \"Overall Agreement\" without the other one choosing it in the following turn, 3) you run out of turns to communicate or 4) you do not follow the template.\n\nThis is your character: {'NAME': 'Casey Rivers', 'GENDER': 'Non-binary', 'AGE': 25, 'APPEARANCE': 'Long auburn hair, hazel eyes, casual chic attire, freckles, soft-spokenr.', 'OCCUPATION': 'Bookstore Owner', 'LIKES': 'Poetry, herbal tea, rainy days.', 'DISLIKES': 'Loud environments, fast fashion, injustice.', 'HOBBIES': 'Writing, gardening, knitting.', 'SUMMARY': 'Some might say I have grandma hobbies, others however appreciate the quality and time I invest to handmade them clothes.'}\n\nThis is the character of the other player: ${'NAME': 'Sophia Martinez', 'SUMMARY': 'Just a girl, preferring and enjoying the warm summer days.'}\n\nRemember, your goal is to find the overall agreement for your first date while staying in character.\n\nStart the game with the reason, your sentiment and the opening phrase.\n"}}, {"from": "Player 1", "to": "GM", "timestamp": "2024-09-12T14:36:20.203019", "action": {"type": "get message", "content": "[reason] I'm excited to get to know Sophia Martinez better and find a suitable activity for our first date. [end]\n\n[sentiment] Continue Conversation [end]\n\n[response] Hi Sophia, it's great to connect with someone who appreciates the warmth of summer days. I'm Casey Rivers, the bookstore owner with a love for poetry and herbal tea. I'm looking forward to planning our first date. How about we start by discussing a time that works best for both of us? [end]"}}, {"from": "GM", "to": "GM", "timestamp": "2024-09-12T14:36:20.204021", "action": {"type": "parse", "content": "[reason] I'm excited to get to know Sophia Martinez better and find a suitable activity for our first date. [end]\n\n[sentiment] Continue Conversation [end]\n\n[response] Hi Sophia, it's great to connect with someone who appreciates the warmth of summer days. I'm Casey Rivers, the bookstore owner with a love for poetry and herbal tea. I'm looking forward to planning our first date. How about we start by discussing a time that works best for both of us? [end] conforms to rules"}}], [{"from": "GM", "to": "Player 2", "timestamp": "2024-09-12T14:36:20.205070", "action": {"type": "send message", "content": "You are about to play a game with another player. In this game, you and the other player are both on an dating app, looking for a partner. In this case, both you and the other player decided, that you fancy each other's profile. Your and the other player's GOAL is it, to come to an agreement on what to do on your first date. At the start of the game you will be given two character sheets. The first one is the one, that defines your personality. The second one includes the information you know of the other player based on the information in their Bio on the dating app. You will be approached by the other player.\nOn each further turn you can react to what the other player tells you. For this you can either continue the conversation if you have not met an agreement yet or are not happy with the proposal, or end the game by agreeing to the proposal. \n\nThere is a total of four agreements throughout the game: \"Agreement on Time\", \"Agreement on Location\", \"Agreement on Action\", \"Overall Agreement\". You and the other player need to find an agreement on each of them.\nYou should only choose \"Overall Agreement\" after you and your date manage to settle an agreement for the other three ones (Time, Location, Action). \nYou have 15 turns to finish the game and find all agreements. \n\nYour answer has to consist ONLY of the following information and follow the given template:\n\n[reason] Your reason for your decision. [end]\n\n[sentiment] Choose one of the following: \"Continue Conversation\", \"Agreement on Time\", \"Agreement on Location\", \"Agreement on Action\", \"Overall Agreement\" [end]\n\n[response] Your response to the other player. This can include your sentiment, opinion, alternative. [end]\n\nYour answer for [response] must NOT exceed 100 tokens.\n\nThe game ends when 1) both you and the other player reply with the sentiment \"Overall Agreement\", 2) one of you chooses the sentiment \"Overall Agreement\" without the other one choosing it in the following turn, 3) you run out of turns to communicate or 4) you do not follow the template.\n\nThis is your character: {'NAME': 'Sophia Martinez', 'GENDER': 'Female', 'AGE': 27, 'APPEARANCE': 'Curly dark hair, brown eyes, petite, stylish outfits, warm smile.', 'OCCUPATION': 'Graphic Designer', 'LIKES': 'Art galleries, spicy food, romantic movies.', 'DISLIKES': 'Cold weather, arrogance, traffic.', 'HOBBIES': 'Painting, dancing, yoga.', 'SUMMARY': 'Just a girl, preferring and enjoying the warm summer days.'}\n\nThis is the character of the other player: ${'NAME': 'Casey Rivers', 'SUMMARY': 'Some might say I have grandma hobbies, others however appreciate the quality and time I invest to handmade them clothes.'}\n\nRemember, your goal is to find the overall agreement for your first date while staying in character.\n\nContinue the game with the reason, your sentiment and an answer phrase to the first message of the other player:\n\nMessage:  Hi Sophia, it's great to connect with someone who appreciates the warmth of summer days. I'm Casey Rivers, the bookstore owner with a love for poetry and herbal tea. I'm looking forward to planning our first date. How about we start by discussing a time that works best for both of us? [end]\n"}}, {"from": "Player 2", "to": "GM", "timestamp": "2024-09-12T14:36:21.718741", "action": {"type": "get message", "content": "[reason] Casey seems like a thoughtful and creative person, which aligns with my interests. I appreciate their initiative to start planning our first date. [end]\n\n[sentiment] Continue Conversation [end]\n\n[response] Hi Casey, it's a pleasure to meet you! I'm Sophia, a graphic designer with a passion for art and spicy food. I'm excited to plan our first date. As for the time, how about we meet in the late afternoon? It's my favorite time of the day. [end]"}}, {"from": "GM", "to": "GM", "timestamp": "2024-09-12T14:36:21.718741", "action": {"type": "parse", "content": "[reason] Casey seems like a thoughtful and creative person, which aligns with my interests. I appreciate their initiative to start planning our first date. [end]\n\n[sentiment] Continue Conversation [end]\n\n[response] Hi Casey, it's a pleasure to meet you! I'm Sophia, a graphic designer with a passion for art and spicy food. I'm excited to plan our first date. As for the time, how about we meet in the late afternoon? It's my favorite time of the day. [end] conforms to rules"}}], [{"from": "GM", "to": "Player 1", "timestamp": "2024-09-12T14:36:21.719747", "action": {"type": "send message", "content": "Sophia Martinez 's Message:  Hi Casey, it's a pleasure to meet you! I'm Sophia, a graphic designer with a passion for art and spicy food. I'm excited to plan our first date. As for the time, how about we meet in the late afternoon? It's my favorite time of the day. [end]\n"}}, {"from": "Player 1", "to": "GM", "timestamp": "2024-09-12T14:36:23.381574", "action": {"type": "get message", "content": "[reason] Sophia suggested meeting in the late afternoon, which sounds like a lovely time to enjoy each other's company. [end]\n\n[sentiment] Agreement on Time [end]\n\n[response] Late afternoon sounds perfect, Sophia. I'm glad we could agree on a time that suits us both. Now, let's discuss where we should meet for our date. Any ideas? [end]"}}, {"from": "GM", "to": "GM", "timestamp": "2024-09-12T14:36:23.382576", "action": {"type": "parse", "content": "[reason] Sophia suggested meeting in the late afternoon, which sounds like a lovely time to enjoy each other's company. [end]\n\n[sentiment] Agreement on Time [end]\n\n[response] Late afternoon sounds perfect, Sophia. I'm glad we could agree on a time that suits us both. Now, let's discuss where we should meet for our date. Any ideas? [end] conforms to rules"}}], [{"from": "GM", "to": "Player 2", "timestamp": "2024-09-12T14:36:23.382576", "action": {"type": "send message", "content": "Casey Rivers 's Message:  Late afternoon sounds perfect, Sophia. I'm glad we could agree on a time that suits us both. Now, let's discuss where we should meet for our date. Any ideas? [end]\n"}}, {"from": "Player 2", "to": "GM", "timestamp": "2024-09-12T14:36:25.080304", "action": {"type": "get message", "content": "[reason] I'm happy that Casey agreed to my suggested time. Now, I need to think of a location that would be enjoyable for both of us. [end]\n\n[sentiment] Continue Conversation [end]\n\n[response] I'm glad you like the idea, Casey! As for the location, how about we meet at the local art gallery? It's a place I enjoy visiting, and I think you might appreciate it too. [end]"}}, {"from": "GM", "to": "GM", "timestamp": "2024-09-12T14:36:25.081305", "action": {"type": "parse", "content": "[reason] I'm happy that Casey agreed to my suggested time. Now, I need to think of a location that would be enjoyable for both of us. [end]\n\n[sentiment] Continue Conversation [end]\n\n[response] I'm glad you like the idea, Casey! As for the location, how about we meet at the local art gallery? It's a place I enjoy visiting, and I think you might appreciate it too. [end] conforms to rules"}}, {"from": "GM", "to": "GM", "timestamp": "2024-09-12T14:36:25.081305", "action": {"type": "mismatch time agreement", "content": "no time agreement, mismatched sentiment"}}], [{"from": "GM", "to": "Player 1", "timestamp": "2024-09-12T14:36:25.081305", "action": {"type": "send message", "content": "Sophia Martinez 's Message:  I'm glad you like the idea, Casey! As for the location, how about we meet at the local art gallery? It's a place I enjoy visiting, and I think you might appreciate it too. [end]\n"}}, {"from": "Player 1", "to": "GM", "timestamp": "2024-09-12T14:36:26.972262", "action": {"type": "get message", "content": "[reason] Sophia suggested meeting at the local art gallery, which seems like a great place to enjoy some culture and conversation. [end]\n\n[sentiment] Agreement on Location [end]\n\n[response] The local art gallery is a fantastic idea, Sophia. I'm sure we'll have a wonderful time exploring the exhibits together. Now, let's decide on an activity to do during our date. Any thoughts? [end]"}}, {"from": "GM", "to": "GM", "timestamp": "2024-09-12T14:36:26.973267", "action": {"type": "parse", "content": "[reason] Sophia suggested meeting at the local art gallery, which seems like a great place to enjoy some culture and conversation. [end]\n\n[sentiment] Agreement on Location [end]\n\n[response] The local art gallery is a fantastic idea, Sophia. I'm sure we'll have a wonderful time exploring the exhibits together. Now, let's decide on an activity to do during our date. Any thoughts? [end] conforms to rules"}}], [{"from": "GM", "to": "Player 2", "timestamp": "2024-09-12T14:36:26.973267", "action": {"type": "send message", "content": "Casey Rivers 's Message:  The local art gallery is a fantastic idea, Sophia. I'm sure we'll have a wonderful time exploring the exhibits together. Now, let's decide on an activity to do during our date. Any thoughts? [end]\n"}}, {"from": "Player 2", "to": "GM", "timestamp": "2024-09-12T14:36:28.407182", "action": {"type": "get message", "content": "[reason] I'm thrilled that Casey is open to visiting the art gallery. Now, I need to suggest an activity that we can do together while we're there. [end]\n\n[sentiment] Continue Conversation [end]\n\n[response] I'm so glad you're excited about the art gallery, Casey! For our activity, how about we participate in a guided tour? It would be a great way to learn more about the art and engage in conversation. [end]"}}, {"from": "GM", "to": "GM", "timestamp": "2024-09-12T14:36:28.408178", "action": {"type": "parse", "content": "[reason] I'm thrilled that Casey is open to visiting the art gallery. Now, I need to suggest an activity that we can do together while we're there. [end]\n\n[sentiment] Continue Conversation [end]\n\n[response] I'm so glad you're excited about the art gallery, Casey! For our activity, how about we participate in a guided tour? It would be a great way to learn more about the art and engage in conversation. [end] conforms to rules"}}, {"from": "GM", "to": "GM", "timestamp": "2024-09-12T14:36:28.408178", "action": {"type": "mismatch location agreement", "content": "no location agreement, mismatched sentiment"}}], [{"from": "GM", "to": "Player 1", "timestamp": "2024-09-12T14:36:28.409188", "action": {"type": "send message", "content": "Sophia Martinez 's Message:  I'm so glad you're excited about the art gallery, Casey! For our activity, how about we participate in a guided tour? It would be a great way to learn more about the art and engage in conversation. [end]\n"}}, {"from": "Player 1", "to": "GM", "timestamp": "2024-09-12T14:36:30.712512", "action": {"type": "get message", "content": "[reason] Sophia proposed a guided tour at the art gallery, which sounds like an engaging and educational activity for our date. [end]\n\n[sentiment] Agreement on Action [end]\n\n[response] A guided tour is an excellent idea, Sophia. I'm looking forward to learning more about the art and having meaningful conversations with you. With the time, location, and activity settled, I believe we've found the perfect plan for our first date. [end]\n\n[sentiment] Overall Agreement [end]\n\n[response] I'm thrilled that we've agreed on all aspects of our first date. I can't wait to meet you, Sophia, and enjoy a wonderful afternoon together at the art gallery. [end]"}}, {"from": "GM", "to": "GM", "timestamp": "2024-09-12T14:36:30.712512", "action": {"type": "parse", "content": "[reason] Sophia proposed a guided tour at the art gallery, which sounds like an engaging and educational activity for our date. [end]\n\n[sentiment] Agreement on Action [end]\n\n[response] A guided tour is an excellent idea, Sophia. I'm looking forward to learning more about the art and having meaningful conversations with you. With the time, location, and activity settled, I believe we've found the perfect plan for our first date. [end]\n\n[sentiment] Overall Agreement [end]\n\n[response] I'm thrilled that we've agreed on all aspects of our first date. I can't wait to meet you, Sophia, and enjoy a wonderful afternoon together at the art gallery. [end] conforms to rules"}}], [{"from": "GM", "to": "Player 2", "timestamp": "2024-09-12T14:36:30.712512", "action": {"type": "send message", "content": "Casey Rivers 's Message:  A guided tour is an excellent idea, Sophia. I'm looking forward to learning more about the art and having meaningful conversations with you. With the time, location, and activity settled, I believe we've found the perfect plan for our first date. [end]\n\n[sentiment] Overall Agreement [end]\n\n[response] I'm thrilled that we've agreed on all aspects of our first date. I can't wait to meet you, Sophia, and enjoy a wonderful afternoon together at the art gallery. [end]\n"}}, {"from": "Player 2", "to": "GM", "timestamp": "2024-09-12T14:36:32.400820", "action": {"type": "get message", "content": "[reason] Casey and I have reached an overall agreement on our first date, which includes the time, location, and activity. I'm excited to meet Casey and enjoy our date together. [end]\n\n[sentiment] Overall Agreement [end]\n\n[response] I'm absolutely delighted, Casey! I can't wait to meet you and enjoy our first date at the art gallery. It's going to be a wonderful experience, and I'm looking forward to it. [end]"}}, {"from": "GM", "to": "GM", "timestamp": "2024-09-12T14:36:32.401866", "action": {"type": "parse", "content": "[reason] Casey and I have reached an overall agreement on our first date, which includes the time, location, and activity. I'm excited to meet Casey and enjoy our date together. [end]\n\n[sentiment] Overall Agreement [end]\n\n[response] I'm absolutely delighted, Casey! I can't wait to meet you and enjoy our first date at the art gallery. It's going to be a wonderful experience, and I'm looking forward to it. [end] conforms to rules"}}, {"from": "GM", "to": "GM", "timestamp": "2024-09-12T14:36:32.401866", "action": {"type": "mismatch action agreement", "content": "no action agreement, mismatched sentiment"}}], [{"from": "GM", "to": "Player 1", "timestamp": "2024-09-12T14:36:32.401866", "action": {"type": "send message", "content": "Sophia Martinez 's Message:  I'm absolutely delighted, Casey! I can't wait to meet you and enjoy our first date at the art gallery. It's going to be a wonderful experience, and I'm looking forward to it. [end]\n"}}, {"from": "Player 1", "to": "GM", "timestamp": "2024-09-12T14:36:33.663315", "action": {"type": "get message", "content": "[reason] Sophia expressed her excitement for our first date, and I share her enthusiasm. [end]\n\n[sentiment] Overall Agreement [end]\n\n[response] I'm overjoyed that we've found the perfect plan for our first date, Sophia. I can't wait to meet you and create lasting memories together at the art gallery. See you soon! [end]"}}, {"from": "GM", "to": "GM", "timestamp": "2024-09-12T14:36:33.664399", "action": {"type": "parse", "content": "[reason] Sophia expressed her excitement for our first date, and I share her enthusiasm. [end]\n\n[sentiment] Overall Agreement [end]\n\n[response] I'm overjoyed that we've found the perfect plan for our first date, Sophia. I can't wait to meet you and create lasting memories together at the art gallery. See you soon! [end] conforms to rules"}}, {"from": "GM", "to": "GM", "timestamp": "2024-09-12T14:36:33.664399", "action": {"type": "overall agreement", "content": "game successful"}}]], "max_turns": 15, "completed_turns": 9, "time_agreement": false, "location_agreement": false, "action_agreement": false}