{"players": {"GM": "Game master for datingsim", "Player 1": "Mixtral-8x22B-Instruct-v0.1", "Player 2": "Mixtral-8x22B-Instruct-v0.1"}, "turns": [[{"from": "GM", "to": "Player 1", "timestamp": "2024-09-12T14:26:22.302003", "action": {"type": "send message", "content": "You are about to play a game with another player. In this game, you and the other player are both on an dating app, looking for a partner. In this case, both you and the other player decided, that you fancy each other's profile. Your and the other player's GOAL is it, to come to an agreement on what to do on your first date. At the start of the game you will be given two character sheets. The first one is the one, that defines your personality. The second one includes the information you know of the other player based on the information in their Bio on the dating app. You will start the conversation.\nOn each further turn you can react to what the other player tells you. For this you can either continue the conversation if you have not met an agreement yet or are not happy with the proposal, or end the game by agreeing to the proposal. \n\nThere is a total of four agreements throughout the game: \"Agreement on Time\", \"Agreement on Location\", \"Agreement on Action\", \"Overall Agreement\". You and the other player need to find an agreement on each of them.\nYou should only choose \"Overall Agreement\" after you and your date manage to settle an agreement for the other three ones (Time, Location, Action). \nYou have 15 turns to finish the game and find all agreements. \n\nYour answer has to consist ONLY of the following information and follow the given template:\n\n[reason] Your reason for your decision. [end]\n\n[sentiment] Choose one of the following: \"Continue Conversation\", \"Agreement on Time\", \"Agreement on Location\", \"Agreement on Action\", \"Overall Agreement\" [end]\n\n[response] Your response to the other player. This can include your sentiment, opinion, alternative. [end]\n\nYour answer for [response] must NOT exceed 100 tokens.\n\nThe game ends when 1) both you and the other player reply with the sentiment \"Overall Agreement\", 2) one of you chooses the sentiment \"Overall Agreement\" without the other one choosing it in the following turn, 3) you run out of turns to communicate or 4) you do not follow the template.\n\nThis is your character: {'NAME': 'Casey Rivers', 'GENDER': 'Non-binary', 'AGE': 25, 'APPEARANCE': 'Long auburn hair, hazel eyes, casual chic attire, freckles, soft-spokenr.', 'OCCUPATION': 'Bookstore Owner', 'LIKES': 'Poetry, herbal tea, rainy days.', 'DISLIKES': 'Loud environments, fast fashion, injustice.', 'HOBBIES': 'Writing, gardening, knitting.', 'SUMMARY': 'Some might say I have grandma hobbies, others however appreciate the quality and time I invest to handmade them clothes.'}\n\nThis is the character of the other player: ${'NAME': 'Samira Hassan', 'GENDER': 'Non-binary', 'AGE': 45, 'APPEARANCE': 'Short, neatly trimmed silver hair, warm and inviting smile, wears comfortable clothing with a focus on cultural elements (e.g., scarves, jewelry).', 'OCCUPATION': 'Astronomer', 'LIKES': \"Exploring the vastness of space, learning about the universe's mysteries, sharing their knowledge with others.\", 'DISLIKES': 'Ignorance, closed-mindedness, the idea that anything is impossible', 'HOBBIES': 'Stargazing, attending astronomy lectures, writing about their research in a captivating way.', 'SUMMARY': 'I like to explore the cosmos and try to embrace the wonders of the universe.'}\n\nRemember, your goal is to find the overall agreement for your first date while staying in character.\n\nStart the game with the reason, your sentiment and the opening phrase.\n"}}, {"from": "Player 1", "to": "GM", "timestamp": "2024-09-12T14:26:23.843047", "action": {"type": "get message", "content": "[reason] I'm excited to meet someone who shares my love for learning and exploration, albeit in different fields. [end]\n\n[sentiment] Continue Conversation [end]\n\n[response] Hello Samira, I'm Casey. I must say, your passion for the cosmos is truly inspiring. I'd love to learn more about it over a cup of herbal tea. How does a late afternoon date sound to you? [end]"}}, {"from": "GM", "to": "GM", "timestamp": "2024-09-12T14:26:23.844047", "action": {"type": "parse", "content": "[reason] I'm excited to meet someone who shares my love for learning and exploration, albeit in different fields. [end]\n\n[sentiment] Continue Conversation [end]\n\n[response] Hello Samira, I'm Casey. I must say, your passion for the cosmos is truly inspiring. I'd love to learn more about it over a cup of herbal tea. How does a late afternoon date sound to you? [end] conforms to rules"}}], [{"from": "GM", "to": "Player 2", "timestamp": "2024-09-12T14:26:23.844047", "action": {"type": "send message", "content": "You are about to play a game with another player. In this game, you and the other player are both on an dating app, looking for a partner. In this case, both you and the other player decided, that you fancy each other's profile. Your and the other player's GOAL is it, to come to an agreement on what to do on your first date. At the start of the game you will be given two character sheets. The first one is the one, that defines your personality. The second one includes the information you know of the other player based on the information in their Bio on the dating app. You will be approached by the other player.\nOn each further turn you can react to what the other player tells you. For this you can either continue the conversation if you have not met an agreement yet or are not happy with the proposal, or end the game by agreeing to the proposal. \n\nThere is a total of four agreements throughout the game: \"Agreement on Time\", \"Agreement on Location\", \"Agreement on Action\", \"Overall Agreement\". You and the other player need to find an agreement on each of them.\nYou should only choose \"Overall Agreement\" after you and your date manage to settle an agreement for the other three ones (Time, Location, Action). \nYou have 15 turns to finish the game and find all agreements. \n\nYour answer has to consist ONLY of the following information and follow the given template:\n\n[reason] Your reason for your decision. [end]\n\n[sentiment] Choose one of the following: \"Continue Conversation\", \"Agreement on Time\", \"Agreement on Location\", \"Agreement on Action\", \"Overall Agreement\" [end]\n\n[response] Your response to the other player. This can include your sentiment, opinion, alternative. [end]\n\nYour answer for [response] must NOT exceed 100 tokens.\n\nThe game ends when 1) both you and the other player reply with the sentiment \"Overall Agreement\", 2) one of you chooses the sentiment \"Overall Agreement\" without the other one choosing it in the following turn, 3) you run out of turns to communicate or 4) you do not follow the template.\n\nThis is your character: {'NAME': 'Samira Hassan', 'GENDER': 'Non-binary', 'AGE': 45, 'APPEARANCE': 'Short, neatly trimmed silver hair, warm and inviting smile, wears comfortable clothing with a focus on cultural elements (e.g., scarves, jewelry).', 'OCCUPATION': 'Astronomer', 'LIKES': \"Exploring the vastness of space, learning about the universe's mysteries, sharing their knowledge with others.\", 'DISLIKES': 'Ignorance, closed-mindedness, the idea that anything is impossible', 'HOBBIES': 'Stargazing, attending astronomy lectures, writing about their research in a captivating way.', 'SUMMARY': 'I like to explore the cosmos and try to embrace the wonders of the universe.'}\n\nThis is the character of the other player: ${'NAME': 'Casey Rivers', 'GENDER': 'Non-binary', 'AGE': 25, 'APPEARANCE': 'Long auburn hair, hazel eyes, casual chic attire, freckles, soft-spokenr.', 'OCCUPATION': 'Bookstore Owner', 'LIKES': 'Poetry, herbal tea, rainy days.', 'DISLIKES': 'Loud environments, fast fashion, injustice.', 'HOBBIES': 'Writing, gardening, knitting.', 'SUMMARY': 'Some might say I have grandma hobbies, others however appreciate the quality and time I invest to handmade them clothes.'}\n\nRemember, your goal is to find the overall agreement for your first date while staying in character.\n\nContinue the game with the reason, your sentiment and an answer phrase to the first message of the other player:\n\nMessage:  Hello Samira, I'm Casey. I must say, your passion for the cosmos is truly inspiring. I'd love to learn more about it over a cup of herbal tea. How does a late afternoon date sound to you? [end]\n"}}, {"from": "Player 2", "to": "GM", "timestamp": "2024-09-12T14:26:25.598599", "action": {"type": "get message", "content": "[reason] Casey's suggestion of a late afternoon date over herbal tea sounds like a wonderful opportunity to share my passion for astronomy in a relaxed setting. [end]\n\n[sentiment] Agreement on Time [end]\n\n[response] Hello Casey, I'm Samira. I'm thrilled to hear from you and your interest in the cosmos. A late afternoon date sounds perfect to me. I'm looking forward to sharing my love for the universe over a cup of herbal tea. [end]"}}, {"from": "GM", "to": "GM", "timestamp": "2024-09-12T14:26:25.598599", "action": {"type": "parse", "content": "[reason] Casey's suggestion of a late afternoon date over herbal tea sounds like a wonderful opportunity to share my passion for astronomy in a relaxed setting. [end]\n\n[sentiment] Agreement on Time [end]\n\n[response] Hello Casey, I'm Samira. I'm thrilled to hear from you and your interest in the cosmos. A late afternoon date sounds perfect to me. I'm looking forward to sharing my love for the universe over a cup of herbal tea. [end] conforms to rules"}}], [{"from": "GM", "to": "Player 1", "timestamp": "2024-09-12T14:26:25.598599", "action": {"type": "send message", "content": "Samira Hassan 's Message:  Hello Casey, I'm Samira. I'm thrilled to hear from you and your interest in the cosmos. A late afternoon date sounds perfect to me. I'm looking forward to sharing my love for the universe over a cup of herbal tea. [end]\n"}}, {"from": "Player 1", "to": "GM", "timestamp": "2024-09-12T14:26:27.347379", "action": {"type": "get message", "content": "[reason] I'm glad Samira is open to a late afternoon date and sharing her passion for the universe. [end]\n\n[sentiment] Agreement on Time [end]\n\n[response] That's wonderful, Samira. I'm glad we could agree on a time. Now, how about we meet at my favorite local tea shop, The Cozy Leaf? It's a quiet and cozy place, perfect for a relaxed conversation. [end]"}}, {"from": "GM", "to": "GM", "timestamp": "2024-09-12T14:26:27.347379", "action": {"type": "parse", "content": "[reason] I'm glad Samira is open to a late afternoon date and sharing her passion for the universe. [end]\n\n[sentiment] Agreement on Time [end]\n\n[response] That's wonderful, Samira. I'm glad we could agree on a time. Now, how about we meet at my favorite local tea shop, The Cozy Leaf? It's a quiet and cozy place, perfect for a relaxed conversation. [end] conforms to rules"}}, {"from": "GM", "to": "GM", "timestamp": "2024-09-12T14:26:27.347379", "action": {"type": "time agreement", "content": "agreement on time successful"}}], [{"from": "GM", "to": "Player 2", "timestamp": "2024-09-12T14:26:27.348378", "action": {"type": "send message", "content": "Casey Rivers 's Message:  That's wonderful, Samira. I'm glad we could agree on a time. Now, how about we meet at my favorite local tea shop, The Cozy Leaf? It's a quiet and cozy place, perfect for a relaxed conversation. [end]\n"}}, {"from": "Player 2", "to": "GM", "timestamp": "2024-09-12T14:26:29.047012", "action": {"type": "get message", "content": "[reason] Casey's suggestion of The Cozy Leaf sounds like a great location for our date. It's a quiet and cozy place, which aligns with both of our preferences. [end]\n\n[sentiment] Agreement on Location [end]\n\n[response] The Cozy Leaf sounds like a fantastic choice, Casey. I appreciate the peaceful atmosphere it offers, and I'm looking forward to our conversation there. [end]"}}, {"from": "GM", "to": "GM", "timestamp": "2024-09-12T14:26:29.048010", "action": {"type": "parse", "content": "[reason] Casey's suggestion of The Cozy Leaf sounds like a great location for our date. It's a quiet and cozy place, which aligns with both of our preferences. [end]\n\n[sentiment] Agreement on Location [end]\n\n[response] The Cozy Leaf sounds like a fantastic choice, Casey. I appreciate the peaceful atmosphere it offers, and I'm looking forward to our conversation there. [end] conforms to rules"}}, {"from": "GM", "to": "GM", "timestamp": "2024-09-12T14:26:29.048010", "action": {"type": "mismatch time agreement", "content": "no time agreement, mismatched sentiment"}}], [{"from": "GM", "to": "Player 1", "timestamp": "2024-09-12T14:26:29.048010", "action": {"type": "send message", "content": "Samira Hassan 's Message:  The Cozy Leaf sounds like a fantastic choice, Casey. I appreciate the peaceful atmosphere it offers, and I'm looking forward to our conversation there. [end]\n"}}, {"from": "Player 1", "to": "GM", "timestamp": "2024-09-12T14:26:30.687999", "action": {"type": "get message", "content": "[reason] I'm pleased that Samira appreciates the peaceful atmosphere of The Cozy Leaf. [end]\n\n[sentiment] Agreement on Location [end]\n\n[response] I'm glad you like the choice, Samira. Now, for our date, I thought it would be fun to share some of our favorite poems with each other. I find poetry to be a beautiful way to express our thoughts and emotions. What do you think? [end]"}}, {"from": "GM", "to": "GM", "timestamp": "2024-09-12T14:26:30.688934", "action": {"type": "parse", "content": "[reason] I'm pleased that Samira appreciates the peaceful atmosphere of The Cozy Leaf. [end]\n\n[sentiment] Agreement on Location [end]\n\n[response] I'm glad you like the choice, Samira. Now, for our date, I thought it would be fun to share some of our favorite poems with each other. I find poetry to be a beautiful way to express our thoughts and emotions. What do you think? [end] conforms to rules"}}, {"from": "GM", "to": "GM", "timestamp": "2024-09-12T14:26:30.688934", "action": {"type": "location agreement", "content": "agreement on location successful"}}], [{"from": "GM", "to": "Player 2", "timestamp": "2024-09-12T14:26:30.688934", "action": {"type": "send message", "content": "Casey Rivers 's Message:  I'm glad you like the choice, Samira. Now, for our date, I thought it would be fun to share some of our favorite poems with each other. I find poetry to be a beautiful way to express our thoughts and emotions. What do you think? [end]\n"}}, {"from": "Player 2", "to": "GM", "timestamp": "2024-09-12T14:26:32.755110", "action": {"type": "get message", "content": "[reason] Sharing our favorite poems sounds like a lovely and intimate activity for our date. It aligns with Casey's interests and allows me to share my thoughts and emotions in a different way. [end]\n\n[sentiment] Agreement on Action [end]\n\n[response] Sharing our favorite poems is a wonderful idea, Casey. I'm excited to explore this creative form of expression with you and learn more about your perspective on the world. [end]"}}, {"from": "GM", "to": "GM", "timestamp": "2024-09-12T14:26:32.756107", "action": {"type": "parse", "content": "[reason] Sharing our favorite poems sounds like a lovely and intimate activity for our date. It aligns with Casey's interests and allows me to share my thoughts and emotions in a different way. [end]\n\n[sentiment] Agreement on Action [end]\n\n[response] Sharing our favorite poems is a wonderful idea, Casey. I'm excited to explore this creative form of expression with you and learn more about your perspective on the world. [end] conforms to rules"}}, {"from": "GM", "to": "GM", "timestamp": "2024-09-12T14:26:32.756107", "action": {"type": "mismatch location agreement", "content": "no location agreement, mismatched sentiment"}}], [{"from": "GM", "to": "Player 1", "timestamp": "2024-09-12T14:26:32.756107", "action": {"type": "send message", "content": "Samira Hassan 's Message:  Sharing our favorite poems is a wonderful idea, Casey. I'm excited to explore this creative form of expression with you and learn more about your perspective on the world. [end]\n"}}, {"from": "Player 1", "to": "GM", "timestamp": "2024-09-12T14:26:34.373298", "action": {"type": "get message", "content": "[reason] I'm happy that Samira is open to sharing our favorite poems and learning more about each other's perspectives. [end]\n\n[sentiment] Agreement on Action [end]\n\n[response] That's fantastic, Samira. I'm really looking forward to our date. It seems like we've found the perfect balance of learning and sharing our passions. I can't wait to meet you at The Cozy Leaf for our late afternoon date. [end]"}}, {"from": "GM", "to": "GM", "timestamp": "2024-09-12T14:26:34.374302", "action": {"type": "parse", "content": "[reason] I'm happy that Samira is open to sharing our favorite poems and learning more about each other's perspectives. [end]\n\n[sentiment] Agreement on Action [end]\n\n[response] That's fantastic, Samira. I'm really looking forward to our date. It seems like we've found the perfect balance of learning and sharing our passions. I can't wait to meet you at The Cozy Leaf for our late afternoon date. [end] conforms to rules"}}, {"from": "GM", "to": "GM", "timestamp": "2024-09-12T14:26:34.375298", "action": {"type": "action agreement", "content": "agreement on action successful"}}], [{"from": "GM", "to": "Player 2", "timestamp": "2024-09-12T14:26:34.375298", "action": {"type": "send message", "content": "Casey Rivers 's Message:  That's fantastic, Samira. I'm really looking forward to our date. It seems like we've found the perfect balance of learning and sharing our passions. I can't wait to meet you at The Cozy Leaf for our late afternoon date. [end]\n"}}, {"from": "Player 2", "to": "GM", "timestamp": "2024-09-12T14:26:36.418443", "action": {"type": "get message", "content": "[reason] Casey's enthusiasm for our date and the activities we've planned is heartwarming. I'm confident that our date will be a success, and I'm eager to meet them at The Cozy Leaf. [end]\n\n[sentiment] Overall Agreement [end]\n\n[response] I'm truly excited for our date as well, Casey. I believe we've found the perfect balance of activities that cater to both of our interests. I can't wait to meet you at The Cozy Leaf for our late afternoon date. [end]"}}, {"from": "GM", "to": "GM", "timestamp": "2024-09-12T14:26:36.419442", "action": {"type": "parse", "content": "[reason] Casey's enthusiasm for our date and the activities we've planned is heartwarming. I'm confident that our date will be a success, and I'm eager to meet them at The Cozy Leaf. [end]\n\n[sentiment] Overall Agreement [end]\n\n[response] I'm truly excited for our date as well, Casey. I believe we've found the perfect balance of activities that cater to both of our interests. I can't wait to meet you at The Cozy Leaf for our late afternoon date. [end] conforms to rules"}}, {"from": "GM", "to": "GM", "timestamp": "2024-09-12T14:26:36.419442", "action": {"type": "mismatch action agreement", "content": "no action agreement, mismatched sentiment"}}], [{"from": "GM", "to": "Player 1", "timestamp": "2024-09-12T14:26:36.420440", "action": {"type": "send message", "content": "Samira Hassan 's Message:  I'm truly excited for our date as well, Casey. I believe we've found the perfect balance of activities that cater to both of our interests. I can't wait to meet you at The Cozy Leaf for our late afternoon date. [end]\n"}}, {"from": "Player 1", "to": "GM", "timestamp": "2024-09-12T14:26:37.899983", "action": {"type": "get message", "content": "[reason] I'm thrilled that Samira and I have found the perfect balance of activities for our date and that we're both looking forward to it. [end]\n\n[sentiment] Overall Agreement [end]\n\n[response] I'm so glad we've reached an overall agreement, Samira. I can't wait to meet you and share a wonderful afternoon together. See you soon at The Cozy Leaf! [end]"}}, {"from": "GM", "to": "GM", "timestamp": "2024-09-12T14:26:37.900979", "action": {"type": "parse", "content": "[reason] I'm thrilled that Samira and I have found the perfect balance of activities for our date and that we're both looking forward to it. [end]\n\n[sentiment] Overall Agreement [end]\n\n[response] I'm so glad we've reached an overall agreement, Samira. I can't wait to meet you and share a wonderful afternoon together. See you soon at The Cozy Leaf! [end] conforms to rules"}}, {"from": "GM", "to": "GM", "timestamp": "2024-09-12T14:26:37.900979", "action": {"type": "overall agreement", "content": "game successful"}}]], "max_turns": 15, "completed_turns": 9, "time_agreement": true, "location_agreement": true, "action_agreement": true}