{"players": {"GM": "Game master for datingsim", "Player 1": "openchat-3.6-8b", "Player 2": "openchat-3.6-8b"}, "turns": [[{"from": "GM", "to": "Player 1", "timestamp": "2024-09-12T17:46:44.453367", "action": {"type": "send message", "content": "You are about to play a game with another player. In this game, you and the other player are both on an dating app, looking for a partner. In this case, both you and the other player decided, that you fancy each other's profile. Your and the other player's GOAL is it, to come to an agreement on what to do on your first date. At the start of the game you will be given two character sheets. The first one is the one, that defines your personality. The second one includes the information you know of the other player based on the information in their Bio on the dating app. You will start the conversation.\nOn each further turn you can react to what the other player tells you. For this you can either continue the conversation if you have not met an agreement yet or are not happy with the proposal, or end the game by agreeing to the proposal. \n\nThere is a total of four agreements throughout the game: \"Agreement on Time\", \"Agreement on Location\", \"Agreement on Action\", \"Overall Agreement\". You and the other player need to find an agreement on each of them.\nYou should only choose \"Overall Agreement\" after you and your date manage to settle an agreement for the other three ones (Time, Location, Action). \nYou have 15 turns to finish the game and find all agreements. \n\nYour answer has to consist ONLY of the following information and follow the given template:\n\n[reason] Your reason for your decision. [end]\n\n[sentiment] Choose one of the following: \"Continue Conversation\", \"Agreement on Time\", \"Agreement on Location\", \"Agreement on Action\", \"Overall Agreement\" [end]\n\n[response] Your response to the other player. This can include your sentiment, opinion, alternative. [end]\n\nYour answer for [response] must NOT exceed 100 tokens.\n\nThe game ends when 1) both you and the other player reply with the sentiment \"Overall Agreement\", 2) one of you chooses the sentiment \"Overall Agreement\" without the other one choosing it in the following turn, 3) you run out of turns to communicate or 4) you do not follow the template.\n\nThis is your character: {'NAME': 'Jamie Park', 'GENDER': 'Non-binary', 'AGE': 21, 'APPEARANCE': 'Vibrant dyed hair (changes color often), bright and expressive eyes, wears bold and trendy clothing that reflects their artistic personality.', 'OCCUPATION': 'Tattoo Artist', 'LIKES': 'Creating meaningful and personalized tattoos, expressing their artistic vision, connecting with people through their work.', 'DISLIKES': 'Conformity, negativity, limitations on creativity.', 'HOBBIES': 'Painting, attending art festivals, experimenting with different artistic mediums.', 'SUMMARY': 'A passionate tattoo artist is who I am with which I try to tell stories and express individuality.'}\n\nThis is the character of the other player: ${'NAME': 'Kai Nakamura', 'SUMMARY': 'I am a baker with a passion for creating delicious treats. I always find time to pursue my hobbies and give back to the community.'}\n\nRemember, your goal is to find the overall agreement for your first date while staying in character.\n\nStart the game with the reason, your sentiment and the opening phrase.\n"}}, {"from": "Player 1", "to": "GM", "timestamp": "2024-09-12T17:46:49.674943", "action": {"type": "get message", "content": "[reason] As an artist, I love colors and creativity. So, I would prefer a place that allows us to express ourselves freely. [end]\n\n[sentiment] Agreement on Location [end]\n\n[response] That sounds great! How about we go to an art gallery or maybe even paint each other's nails? It'd be fun and creative! [end]"}}, {"from": "GM", "to": "GM", "timestamp": "2024-09-12T17:46:49.675296", "action": {"type": "parse", "content": "[reason] As an artist, I love colors and creativity. So, I would prefer a place that allows us to express ourselves freely. [end]\n\n[sentiment] Agreement on Location [end]\n\n[response] That sounds great! How about we go to an art gallery or maybe even paint each other's nails? It'd be fun and creative! [end] conforms to rules"}}], [{"from": "GM", "to": "Player 2", "timestamp": "2024-09-12T17:46:49.675391", "action": {"type": "send message", "content": "You are about to play a game with another player. In this game, you and the other player are both on an dating app, looking for a partner. In this case, both you and the other player decided, that you fancy each other's profile. Your and the other player's GOAL is it, to come to an agreement on what to do on your first date. At the start of the game you will be given two character sheets. The first one is the one, that defines your personality. The second one includes the information you know of the other player based on the information in their Bio on the dating app. You will be approached by the other player.\nOn each further turn you can react to what the other player tells you. For this you can either continue the conversation if you have not met an agreement yet or are not happy with the proposal, or end the game by agreeing to the proposal. \n\nThere is a total of four agreements throughout the game: \"Agreement on Time\", \"Agreement on Location\", \"Agreement on Action\", \"Overall Agreement\". You and the other player need to find an agreement on each of them.\nYou should only choose \"Overall Agreement\" after you and your date manage to settle an agreement for the other three ones (Time, Location, Action). \nYou have 15 turns to finish the game and find all agreements. \n\nYour answer has to consist ONLY of the following information and follow the given template:\n\n[reason] Your reason for your decision. [end]\n\n[sentiment] Choose one of the following: \"Continue Conversation\", \"Agreement on Time\", \"Agreement on Location\", \"Agreement on Action\", \"Overall Agreement\" [end]\n\n[response] Your response to the other player. This can include your sentiment, opinion, alternative. [end]\n\nYour answer for [response] must NOT exceed 100 tokens.\n\nThe game ends when 1) both you and the other player reply with the sentiment \"Overall Agreement\", 2) one of you chooses the sentiment \"Overall Agreement\" without the other one choosing it in the following turn, 3) you run out of turns to communicate or 4) you do not follow the template.\n\nThis is your character: {'NAME': 'Kai Nakamura', 'GENDER': 'Male', 'AGE': 28, 'APPEARANCE': 'Chiseled jawline, kind eyes, messy black hair, athletic build.', 'OCCUPATION': 'Bakery Owner', 'LIKES': 'Baking, early mornings, seeing people happy with his pastries.', 'DISLIKES': 'Burnt bread, negativity, rushing.', 'HOBBIES': 'Rock climbing, sketching, volunteering at a local animal shelter.', 'SUMMARY': 'I am a baker with a passion for creating delicious treats. I always find time to pursue my hobbies and give back to the community.'}\n\nThis is the character of the other player: ${'NAME': 'Jamie Park', 'SUMMARY': 'A passionate tattoo artist is who I am with which I try to tell stories and express individuality.'}\n\nRemember, your goal is to find the overall agreement for your first date while staying in character.\n\nContinue the game with the reason, your sentiment and an answer phrase to the first message of the other player:\n\nMessage:  That sounds great! How about we go to an art gallery or maybe even paint each other's nails? It'd be fun and creative! [end]\n"}}, {"from": "Player 2", "to": "GM", "timestamp": "2024-09-12T17:46:56.044516", "action": {"type": "get message", "content": "[reason] I think it's a good idea. However, I'm not really into painting nails. Maybe we could do something else that involves creativity? [end]\n\n[sentiment] Agreement on Action [end]\n\n[response] How about rock climbing? It combines our love for art and physical activity. Plus, it's one of my hobbies! [end]"}}, {"from": "GM", "to": "GM", "timestamp": "2024-09-12T17:46:56.044920", "action": {"type": "parse", "content": "[reason] I think it's a good idea. However, I'm not really into painting nails. Maybe we could do something else that involves creativity? [end]\n\n[sentiment] Agreement on Action [end]\n\n[response] How about rock climbing? It combines our love for art and physical activity. Plus, it's one of my hobbies! [end] conforms to rules"}}], [{"from": "GM", "to": "Player 1", "timestamp": "2024-09-12T17:46:56.045033", "action": {"type": "send message", "content": "Kai Nakamura 's Message:  How about rock climbing? It combines our love for art and physical activity. Plus, it's one of my hobbies! [end]\n"}}, {"from": "Player 1", "to": "GM", "timestamp": "2024-09-12T17:47:04.238973", "action": {"type": "get message", "content": "[reason] I'm all for trying new things, but I don't think I've ever climbed before. Can you give me a quick rundown on how it works? [end]\n\n[sentiment] Agreement on Action [end]\n\n[response] Sure thing! Rock climbing is basically about using your body to climb up a wall or rock face. You'll need to use your strength, balance and problem-solving skills. It's a lot of fun once you get the hang of it! [end]"}}, {"from": "GM", "to": "GM", "timestamp": "2024-09-12T17:47:04.239168", "action": {"type": "parse", "content": "[reason] I'm all for trying new things, but I don't think I've ever climbed before. Can you give me a quick rundown on how it works? [end]\n\n[sentiment] Agreement on Action [end]\n\n[response] Sure thing! Rock climbing is basically about using your body to climb up a wall or rock face. You'll need to use your strength, balance and problem-solving skills. It's a lot of fun once you get the hang of it! [end] conforms to rules"}}, {"from": "GM", "to": "GM", "timestamp": "2024-09-12T17:47:04.239195", "action": {"type": "action agreement", "content": "agreement on action successful"}}], [{"from": "GM", "to": "Player 2", "timestamp": "2024-09-12T17:47:04.239238", "action": {"type": "send message", "content": "Jamie Park 's Message:  Sure thing! Rock climbing is basically about using your body to climb up a wall or rock face. You'll need to use your strength, balance and problem-solving skills. It's a lot of fun once you get the hang of it! [end]\n"}}, {"from": "Player 2", "to": "GM", "timestamp": "2024-09-12T17:47:10.650645", "action": {"type": "get message", "content": "[reason] That sounds like an amazing idea! I'm really looking forward to trying it out with you. [end]\n\n[sentiment] Agreement on Action [end]\n\n[response] Great, let's plan our first date then! When would you like to go? [end]"}}, {"from": "GM", "to": "GM", "timestamp": "2024-09-12T17:47:10.650988", "action": {"type": "parse", "content": "[reason] That sounds like an amazing idea! I'm really looking forward to trying it out with you. [end]\n\n[sentiment] Agreement on Action [end]\n\n[response] Great, let's plan our first date then! When would you like to go? [end] conforms to rules"}}, {"from": "GM", "to": "GM", "timestamp": "2024-09-12T17:47:10.651084", "action": {"type": "already agreed", "content": "Agreement on Action was already achieved."}}], [{"from": "GM", "to": "Player 1", "timestamp": "2024-09-12T17:47:10.651236", "action": {"type": "send message", "content": "Kai Nakamura 's Message:  Great, let's plan our first date then! When would you like to go? [end]\n"}}, {"from": "Player 1", "to": "GM", "timestamp": "2024-09-12T17:47:18.479317", "action": {"type": "get message", "content": "[reason] I'm free this weekend, so we could go on Saturday or Sunday. What do you think? [end]\n\n[sentiment] Agreement on Time [end]\n\n[response] That works for me too! How about we meet at my bakery on Saturday afternoon around 2 pm? We can grab a coffee and some pastries before heading to the gallery. [end]"}}, {"from": "GM", "to": "GM", "timestamp": "2024-09-12T17:47:18.479700", "action": {"type": "parse", "content": "[reason] I'm free this weekend, so we could go on Saturday or Sunday. What do you think? [end]\n\n[sentiment] Agreement on Time [end]\n\n[response] That works for me too! How about we meet at my bakery on Saturday afternoon around 2 pm? We can grab a coffee and some pastries before heading to the gallery. [end] conforms to rules"}}, {"from": "GM", "to": "GM", "timestamp": "2024-09-12T17:47:18.479792", "action": {"type": "mismatch action agreement", "content": "no action agreement, mismatched sentiment"}}], [{"from": "GM", "to": "Player 2", "timestamp": "2024-09-12T17:47:18.479935", "action": {"type": "send message", "content": "Jamie Park 's Message:  That works for me too! How about we meet at my bakery on Saturday afternoon around 2 pm? We can grab a coffee and some pastries before heading to the gallery. [end]\n"}}, {"from": "Player 2", "to": "GM", "timestamp": "2024-09-12T17:47:25.840736", "action": {"type": "get message", "content": "[reason] I love that idea! It's perfect timing since I'll be off from work that day. See you there! [end]\n\n[sentiment] Agreement on Time [end]\n\n[response] Awesome, see you at 2 pm on Saturday! What should we do after the gallery? [end]"}}, {"from": "GM", "to": "GM", "timestamp": "2024-09-12T17:47:25.840966", "action": {"type": "parse", "content": "[reason] I love that idea! It's perfect timing since I'll be off from work that day. See you there! [end]\n\n[sentiment] Agreement on Time [end]\n\n[response] Awesome, see you at 2 pm on Saturday! What should we do after the gallery? [end] conforms to rules"}}, {"from": "GM", "to": "GM", "timestamp": "2024-09-12T17:47:25.841035", "action": {"type": "time agreement", "content": "agreement on time successful"}}], [{"from": "GM", "to": "Player 1", "timestamp": "2024-09-12T17:47:25.841147", "action": {"type": "send message", "content": "Kai Nakamura 's Message:  Awesome, see you at 2 pm on Saturday! What should we do after the gallery? [end]\n"}}, {"from": "Player 1", "to": "GM", "timestamp": "2024-09-12T17:47:34.508533", "action": {"type": "get message", "content": "[reason] I think it would be fun to go for a walk in the park afterwards. We could talk more and enjoy each other's company. [end]\n\n[sentiment] Agreement on Action [end]\n\n[response] That sounds perfect! Let's make sure we have our phones charged so we can take some pictures of our art. I'm really looking forward to it! [end]"}}, {"from": "GM", "to": "GM", "timestamp": "2024-09-12T17:47:34.508800", "action": {"type": "parse", "content": "[reason] I think it would be fun to go for a walk in the park afterwards. We could talk more and enjoy each other's company. [end]\n\n[sentiment] Agreement on Action [end]\n\n[response] That sounds perfect! Let's make sure we have our phones charged so we can take some pictures of our art. I'm really looking forward to it! [end] conforms to rules"}}, {"from": "GM", "to": "GM", "timestamp": "2024-09-12T17:47:34.508867", "action": {"type": "mismatch time agreement", "content": "no time agreement, mismatched sentiment"}}], [{"from": "GM", "to": "Player 2", "timestamp": "2024-09-12T17:47:34.508978", "action": {"type": "send message", "content": "Jamie Park 's Message:  That sounds perfect! Let's make sure we have our phones charged so we can take some pictures of our art. I'm really looking forward to it! [end]\n"}}, {"from": "Player 2", "to": "GM", "timestamp": "2024-09-12T17:47:42.770632", "action": {"type": "get message", "content": "[reason] Me too, it's going to be a blast! After the gallery, how about grabbing dinner together? [end]\n\n[sentiment] Agreement on Action [end]\n\n[response] That sounds like a great plan! What kind of food are you in the mood for? [end]"}}, {"from": "GM", "to": "GM", "timestamp": "2024-09-12T17:47:42.771239", "action": {"type": "parse", "content": "[reason] Me too, it's going to be a blast! After the gallery, how about grabbing dinner together? [end]\n\n[sentiment] Agreement on Action [end]\n\n[response] That sounds like a great plan! What kind of food are you in the mood for? [end] conforms to rules"}}, {"from": "GM", "to": "GM", "timestamp": "2024-09-12T17:47:42.771350", "action": {"type": "already agreed", "content": "Agreement on Action was already achieved."}}], [{"from": "GM", "to": "Player 1", "timestamp": "2024-09-12T17:47:42.771519", "action": {"type": "send message", "content": "Kai Nakamura 's Message:  That sounds like a great plan! What kind of food are you in the mood for? [end]\n"}}, {"from": "Player 1", "to": "GM", "timestamp": "2024-09-12T17:47:51.918202", "action": {"type": "get message", "content": "[reason] I've been craving something sweet, so let's grab some ice cream after our walk. It'll be a fun way to end our date! [end]\n\n[sentiment] Agreement on Action [end]\n\n[response] Yum, that sounds delicious! We can find an ice cream shop near the park and enjoy it together. Can't wait for Saturday! [end]"}}, {"from": "GM", "to": "GM", "timestamp": "2024-09-12T17:47:51.918449", "action": {"type": "parse", "content": "[reason] I've been craving something sweet, so let's grab some ice cream after our walk. It'll be a fun way to end our date! [end]\n\n[sentiment] Agreement on Action [end]\n\n[response] Yum, that sounds delicious! We can find an ice cream shop near the park and enjoy it together. Can't wait for Saturday! [end] conforms to rules"}}, {"from": "GM", "to": "GM", "timestamp": "2024-09-12T17:47:51.918516", "action": {"type": "already agreed", "content": "Agreement on Action was already achieved."}}], [{"from": "GM", "to": "Player 2", "timestamp": "2024-09-12T17:47:51.918629", "action": {"type": "send message", "content": "Jamie Park 's Message:  Yum, that sounds delicious! We can find an ice cream shop near the park and enjoy it together. Can't wait for Saturday! [end]\n"}}, {"from": "Player 2", "to": "GM", "timestamp": "2024-09-12T17:48:00.099977", "action": {"type": "get message", "content": "[reason] That's a fantastic idea! I'm really excited to spend time with you on our first date. See you at my bakery on Saturday! [end]\n\n[sentiment] Overall Agreement [end]\n\n[response] I can't wait either! See you soon, Kai! [end]"}}, {"from": "GM", "to": "GM", "timestamp": "2024-09-12T17:48:00.100784", "action": {"type": "parse", "content": "[reason] That's a fantastic idea! I'm really excited to spend time with you on our first date. See you at my bakery on Saturday! [end]\n\n[sentiment] Overall Agreement [end]\n\n[response] I can't wait either! See you soon, Kai! [end] conforms to rules"}}, {"from": "GM", "to": "GM", "timestamp": "2024-09-12T17:48:00.100856", "action": {"type": "mismatch action agreement", "content": "no action agreement, mismatched sentiment"}}], [{"from": "GM", "to": "Player 1", "timestamp": "2024-09-12T17:48:00.100969", "action": {"type": "send message", "content": "Kai Nakamura 's Message:  I can't wait either! See you soon, Kai! [end]\n"}}, {"from": "Player 1", "to": "GM", "timestamp": "2024-09-12T17:48:09.357152", "action": {"type": "get message", "content": "[reason] It's been great talking to you, Kai. Looking forward to our date on Saturday! Take care and see you then. [end]\n\n[sentiment] Overall Agreement [end]\n\n[response] Same here, Jamie! Have a great week and I'll see you on Saturday. Bye for now! [end]"}}, {"from": "GM", "to": "GM", "timestamp": "2024-09-12T17:48:09.357762", "action": {"type": "parse", "content": "[reason] It's been great talking to you, Kai. Looking forward to our date on Saturday! Take care and see you then. [end]\n\n[sentiment] Overall Agreement [end]\n\n[response] Same here, Jamie! Have a great week and I'll see you on Saturday. Bye for now! [end] conforms to rules"}}, {"from": "GM", "to": "GM", "timestamp": "2024-09-12T17:48:09.357845", "action": {"type": "overall agreement", "content": "game successful"}}]], "max_turns": 15, "completed_turns": 11, "time_agreement": true, "location_agreement": false, "action_agreement": true}