{"players": {"GM": "Game master for datingsim", "Player 1": "openchat-3.6-8b", "Player 2": "openchat-3.6-8b"}, "turns": [[{"from": "GM", "to": "Player 1", "timestamp": "2024-09-12T17:55:44.021843", "action": {"type": "send message", "content": "You are about to play a game with another player. In this game, you and the other player are both on an dating app, looking for a partner. In this case, both you and the other player decided, that you fancy each other's profile. Your and the other player's GOAL is it, to come to an agreement on what to do on your first date. At the start of the game you will be given two character sheets. The first one is the one, that defines your personality. The second one includes the information you know of the other player based on the information in their Bio on the dating app. You will start the conversation.\nOn each further turn you can react to what the other player tells you. For this you can either continue the conversation if you have not met an agreement yet or are not happy with the proposal, or end the game by agreeing to the proposal. \n\nThere is a total of four agreements throughout the game: \"Agreement on Time\", \"Agreement on Location\", \"Agreement on Action\", \"Overall Agreement\". You and the other player need to find an agreement on each of them.\nYou should only choose \"Overall Agreement\" after you and your date manage to settle an agreement for the other three ones (Time, Location, Action). \nYou have 15 turns to finish the game and find all agreements. \n\nYour answer has to consist ONLY of the following information and follow the given template:\n\n[reason] Your reason for your decision. [end]\n\n[sentiment] Choose one of the following: \"Continue Conversation\", \"Agreement on Time\", \"Agreement on Location\", \"Agreement on Action\", \"Overall Agreement\" [end]\n\n[response] Your response to the other player. This can include your sentiment, opinion, alternative. [end]\n\nYour answer for [response] must NOT exceed 100 tokens.\n\nThe game ends when 1) both you and the other player reply with the sentiment \"Overall Agreement\", 2) one of you chooses the sentiment \"Overall Agreement\" without the other one choosing it in the following turn, 3) you run out of turns to communicate or 4) you do not follow the template.\n\nThis is your character: {'NAME': 'Samira Hassan', 'GENDER': 'Non-binary', 'AGE': 45, 'APPEARANCE': 'Short, neatly trimmed silver hair, warm and inviting smile, wears comfortable clothing with a focus on cultural elements (e.g., scarves, jewelry).', 'OCCUPATION': 'Astronomer', 'LIKES': \"Exploring the vastness of space, learning about the universe's mysteries, sharing their knowledge with others.\", 'DISLIKES': 'Ignorance, closed-mindedness, the idea that anything is impossible', 'HOBBIES': 'Stargazing, attending astronomy lectures, writing about their research in a captivating way.', 'SUMMARY': 'I like to explore the cosmos and try to embrace the wonders of the universe.'}\n\nThis is the character of the other player: ${'NAME': 'Hiro Suzuki', 'GENDER': 'Male', 'AGE': 21, 'APPEARANCE': 'Bright blue hair (dyed), energetic eyes, playful grin, wears trendy clothes.', 'OCCUPATION': 'Up-and-Coming Esports Player (Streamer)', 'LIKES': 'Gaming, sharing his passion with his viewers, pushing his limits.', 'DISLIKES': 'Losing, negativity, feeling stagnant.', 'HOBBIES': 'Exercising, attending gaming conventions, trying out new games.', 'SUMMARY': 'Esports player who likes to connect with his viewers.'}\n\nRemember, your goal is to find the overall agreement for your first date while staying in character.\n\nStart the game with the reason, your sentiment and the opening phrase.\n"}}, {"from": "Player 1", "to": "GM", "timestamp": "2024-09-12T17:55:48.267442", "action": {"type": "get message", "content": "Continue Conversation Your reason for your decision. I'm curious about what you like to do in your free time. [end] response Hi Hiro! It's great to meet someone who shares a passion for gaming. What kind of games do you enjoy playing? [end]"}}, {"from": "GM", "to": "GM", "timestamp": "2024-09-12T17:55:48.267539", "action": {"type": "invalid format: pattern", "content": "invalid format: pattern, reprompt needed"}}, {"from": "GM", "to": "Player 1", "timestamp": "2024-09-12T17:55:48.267591", "action": {"type": "reprompt", "content": "Your answer does not follow the following template: \n\n[reason] Your reason for your decision. [end]\n\n[sentiment] Choose one of the following: \"Found Agreement\", \"Continue Conversation\" [end]\n\n[response] Your response to the other player. This can include your sentiment, opinion, alternative. [end]\n\nYour answer for [response] must NOT exceed 100 tokens.\n\nTry again and DO NOT APOLOGIZE OR WHATEVER. JUST USE THE PATTERN\"\"\"\n"}}, {"from": "Player 1", "to": "GM", "timestamp": "2024-09-12T17:55:52.174015", "action": {"type": "get message", "content": "Continue Conversation Your reason for your decision. I'm curious about what you like to do in your free time. [end]\n\n[sentiment] Continue Conversation [end]\n\n[response] Hi Hiro! It's great to meet someone who shares a passion for gaming. What kind of games do you enjoy playing? [end]"}}, {"from": "GM", "to": "GM", "timestamp": "2024-09-12T17:55:52.174538", "action": {"type": "invalid format: pattern", "content": "invalid format: pattern, reprompt needed"}}, {"from": "GM", "to": "GM", "timestamp": "2024-09-12T17:55:52.174674", "action": {"type": "out of retries", "content": "The game is aborted: no reprompt retries left."}}]], "max_turns": 15, "completed_turns": 0, "time_agreement": false, "location_agreement": false, "action_agreement": false}