{"players": {"GM": "Game master for datingsim", "Player 1": "Mixtral-8x22B-Instruct-v0.1", "Player 2": "Mixtral-8x22B-Instruct-v0.1"}, "turns": [[{"from": "GM", "to": "Player 1", "timestamp": "2024-09-12T14:29:41.894030", "action": {"type": "send message", "content": "You are about to play a game with another player. In this game, you and the other player are both on an dating app, looking for a partner. In this case, both you and the other player decided, that you fancy each other's profile. Your and the other player's GOAL is it, to come to an agreement on what to do on your first date. At the start of the game you will be given two character sheets. The first one is the one, that defines your personality. The second one includes the information you know of the other player based on the information in their Bio on the dating app. You will start the conversation.\nOn each further turn you can react to what the other player tells you. For this you can either continue the conversation if you have not met an agreement yet or are not happy with the proposal, or end the game by agreeing to the proposal. \n\nThere is a total of four agreements throughout the game: \"Agreement on Time\", \"Agreement on Location\", \"Agreement on Action\", \"Overall Agreement\". You and the other player need to find an agreement on each of them.\nYou should only choose \"Overall Agreement\" after you and your date manage to settle an agreement for the other three ones (Time, Location, Action). \nYou have 15 turns to finish the game and find all agreements. \n\nYour answer has to consist ONLY of the following information and follow the given template:\n\n[reason] Your reason for your decision. [end]\n\n[sentiment] Choose one of the following: \"Continue Conversation\", \"Agreement on Time\", \"Agreement on Location\", \"Agreement on Action\", \"Overall Agreement\" [end]\n\n[response] Your response to the other player. This can include your sentiment, opinion, alternative. [end]\n\nYour answer for [response] must NOT exceed 100 tokens.\n\nThe game ends when 1) both you and the other player reply with the sentiment \"Overall Agreement\", 2) one of you chooses the sentiment \"Overall Agreement\" without the other one choosing it in the following turn, 3) you run out of turns to communicate or 4) you do not follow the template.\n\nThis is your character: {'NAME': 'Mia Patel', 'GENDER': 'Female', 'AGE': 29, 'APPEARANCE': 'Long wavy black hair, dark brown eyes, olive skin, trendy and bohemian style, infectious laughter.', 'OCCUPATION': 'Travel Blogger', 'LIKES': 'Adventure, photography, cultural experiences.', 'DISLIKES': 'Routine, negativity, bad weather.', 'HOBBIES': 'Traveling, writing, learning new languages.', 'SUMMARY': 'I like to travel a lot and keep my precious memories saved with pictures!'}\n\nThis is the character of the other player: ${'NAME': 'Robin Aster', 'GENDER': 'Non-binary', 'AGE': 27, 'APPEARANCE': 'Short, vibrant purple hair, dazzling smile, androgynous features with bright eyes, wears a mix of clothes that express their unique style (masculine, feminine, both).', 'OCCUPATION': 'Florist', 'SUMMARY': 'I like to transform flowers into stunning works of art. I am known to brighten the day of people around me.'}\n\nRemember, your goal is to find the overall agreement for your first date while staying in character.\n\nStart the game with the reason, your sentiment and the opening phrase.\n"}}, {"from": "Player 1", "to": "GM", "timestamp": "2024-09-12T14:29:43.510594", "action": {"type": "get message", "content": "[reason] I'm excited to meet someone who shares my love for creativity and art. [end]\n\n[sentiment] Continue Conversation [end]\n\n[response] Hi Robin, I'm Mia! I love your unique style and the way you bring joy to people with your floral art. I'd love to get to know you better. How about we plan our first date? [end]"}}, {"from": "GM", "to": "GM", "timestamp": "2024-09-12T14:29:43.511597", "action": {"type": "parse", "content": "[reason] I'm excited to meet someone who shares my love for creativity and art. [end]\n\n[sentiment] Continue Conversation [end]\n\n[response] Hi Robin, I'm Mia! I love your unique style and the way you bring joy to people with your floral art. I'd love to get to know you better. How about we plan our first date? [end] conforms to rules"}}], [{"from": "GM", "to": "Player 2", "timestamp": "2024-09-12T14:29:43.512594", "action": {"type": "send message", "content": "You are about to play a game with another player. In this game, you and the other player are both on an dating app, looking for a partner. In this case, both you and the other player decided, that you fancy each other's profile. Your and the other player's GOAL is it, to come to an agreement on what to do on your first date. At the start of the game you will be given two character sheets. The first one is the one, that defines your personality. The second one includes the information you know of the other player based on the information in their Bio on the dating app. You will be approached by the other player.\nOn each further turn you can react to what the other player tells you. For this you can either continue the conversation if you have not met an agreement yet or are not happy with the proposal, or end the game by agreeing to the proposal. \n\nThere is a total of four agreements throughout the game: \"Agreement on Time\", \"Agreement on Location\", \"Agreement on Action\", \"Overall Agreement\". You and the other player need to find an agreement on each of them.\nYou should only choose \"Overall Agreement\" after you and your date manage to settle an agreement for the other three ones (Time, Location, Action). \nYou have 15 turns to finish the game and find all agreements. \n\nYour answer has to consist ONLY of the following information and follow the given template:\n\n[reason] Your reason for your decision. [end]\n\n[sentiment] Choose one of the following: \"Continue Conversation\", \"Agreement on Time\", \"Agreement on Location\", \"Agreement on Action\", \"Overall Agreement\" [end]\n\n[response] Your response to the other player. This can include your sentiment, opinion, alternative. [end]\n\nYour answer for [response] must NOT exceed 100 tokens.\n\nThe game ends when 1) both you and the other player reply with the sentiment \"Overall Agreement\", 2) one of you chooses the sentiment \"Overall Agreement\" without the other one choosing it in the following turn, 3) you run out of turns to communicate or 4) you do not follow the template.\n\nThis is your character: {'NAME': 'Robin Aster', 'GENDER': 'Non-binary', 'AGE': 27, 'APPEARANCE': 'Short, vibrant purple hair, dazzling smile, androgynous features with bright eyes, wears a mix of clothes that express their unique style (masculine, feminine, both).', 'OCCUPATION': 'Florist', 'LIKES': \"Experimenting with floral arrangements, creating beauty with nature's bounty, seeing the joy flowers bring to people.\", 'DISLIKES': 'Monotony, negativity, anything artificial.', 'HOBBIES': 'Hiking, learning about different plant life, volunteering at a community garden.', 'SUMMARY': 'I like to transform flowers into stunning works of art. I am known to brighten the day of people around me.'}\n\nThis is the character of the other player: ${'NAME': 'Mia Patel', 'GENDER': 'Female', 'AGE': 29, 'APPEARANCE': 'Long wavy black hair, dark brown eyes, olive skin, trendy and bohemian style, infectious laughter.', 'OCCUPATION': 'Travel Blogger', 'SUMMARY': 'I like to travel a lot and keep my precious memories saved with pictures!'}\n\nRemember, your goal is to find the overall agreement for your first date while staying in character.\n\nContinue the game with the reason, your sentiment and an answer phrase to the first message of the other player:\n\nMessage:  Hi Robin, I'm Mia! I love your unique style and the way you bring joy to people with your floral art. I'd love to get to know you better. How about we plan our first date? [end]\n"}}, {"from": "Player 2", "to": "GM", "timestamp": "2024-09-12T14:29:44.937814", "action": {"type": "get message", "content": "[reason] Mia's enthusiasm and appreciation for my work is heartwarming. I'm excited to get to know her better. [end]\n\n[sentiment] Continue Conversation [end]\n\n[response] Hi Mia, I'm thrilled to hear from you! I'm equally intrigued by your travel stories and photography skills. Let's start planning our first date. How about we discuss the time first? [end]"}}, {"from": "GM", "to": "GM", "timestamp": "2024-09-12T14:29:44.937814", "action": {"type": "parse", "content": "[reason] Mia's enthusiasm and appreciation for my work is heartwarming. I'm excited to get to know her better. [end]\n\n[sentiment] Continue Conversation [end]\n\n[response] Hi Mia, I'm thrilled to hear from you! I'm equally intrigued by your travel stories and photography skills. Let's start planning our first date. How about we discuss the time first? [end] conforms to rules"}}], [{"from": "GM", "to": "Player 1", "timestamp": "2024-09-12T14:29:44.938814", "action": {"type": "send message", "content": "Robin Aster 's Message:  Hi Mia, I'm thrilled to hear from you! I'm equally intrigued by your travel stories and photography skills. Let's start planning our first date. How about we discuss the time first? [end]\n"}}, {"from": "Player 1", "to": "GM", "timestamp": "2024-09-12T14:29:46.473195", "action": {"type": "get message", "content": "[reason] I'm glad Robin is interested in planning our first date. I think it's a good idea to start with the time. [end]\n\n[sentiment] Continue Conversation [end]\n\n[response] Hi Robin, I'm glad you're excited too! How about we meet in the afternoon, around 3 PM? That way, we can enjoy the day and still have time for a beautiful sunset. [end]"}}, {"from": "GM", "to": "GM", "timestamp": "2024-09-12T14:29:46.474283", "action": {"type": "parse", "content": "[reason] I'm glad Robin is interested in planning our first date. I think it's a good idea to start with the time. [end]\n\n[sentiment] Continue Conversation [end]\n\n[response] Hi Robin, I'm glad you're excited too! How about we meet in the afternoon, around 3 PM? That way, we can enjoy the day and still have time for a beautiful sunset. [end] conforms to rules"}}], [{"from": "GM", "to": "Player 2", "timestamp": "2024-09-12T14:29:46.474283", "action": {"type": "send message", "content": "Mia Patel 's Message:  Hi Robin, I'm glad you're excited too! How about we meet in the afternoon, around 3 PM? That way, we can enjoy the day and still have time for a beautiful sunset. [end]\n"}}, {"from": "Player 2", "to": "GM", "timestamp": "2024-09-12T14:29:48.008700", "action": {"type": "get message", "content": "[reason] An afternoon date sounds perfect, as it allows us to enjoy the day and transition into the evening. [end]\n\n[sentiment] Agreement on Time [end]\n\n[response] I agree, Mia. Meeting at 3 PM is a great idea. Now, let's decide on a location. Any suggestions? [end]"}}, {"from": "GM", "to": "GM", "timestamp": "2024-09-12T14:29:48.008700", "action": {"type": "parse", "content": "[reason] An afternoon date sounds perfect, as it allows us to enjoy the day and transition into the evening. [end]\n\n[sentiment] Agreement on Time [end]\n\n[response] I agree, Mia. Meeting at 3 PM is a great idea. Now, let's decide on a location. Any suggestions? [end] conforms to rules"}}], [{"from": "GM", "to": "Player 1", "timestamp": "2024-09-12T14:29:48.008700", "action": {"type": "send message", "content": "Robin Aster 's Message:  I agree, Mia. Meeting at 3 PM is a great idea. Now, let's decide on a location. Any suggestions? [end]\n"}}, {"from": "Player 1", "to": "GM", "timestamp": "2024-09-12T14:29:49.823873", "action": {"type": "get message", "content": "[reason] I'm happy that Robin agreed to the time. Now, I'd like to suggest a location that suits both our interests. [end]\n\n[sentiment] Continue Conversation [end]\n\n[response] Hi Robin, I'm glad you like the time! How about we meet at the Botanical Gardens? It's a beautiful place with a variety of flowers and plants, which I think you'll appreciate. Plus, it's a great spot for taking photos. [end]"}}, {"from": "GM", "to": "GM", "timestamp": "2024-09-12T14:29:49.824874", "action": {"type": "parse", "content": "[reason] I'm happy that Robin agreed to the time. Now, I'd like to suggest a location that suits both our interests. [end]\n\n[sentiment] Continue Conversation [end]\n\n[response] Hi Robin, I'm glad you like the time! How about we meet at the Botanical Gardens? It's a beautiful place with a variety of flowers and plants, which I think you'll appreciate. Plus, it's a great spot for taking photos. [end] conforms to rules"}}, {"from": "GM", "to": "GM", "timestamp": "2024-09-12T14:29:49.824874", "action": {"type": "mismatch time agreement", "content": "no time agreement, mismatched sentiment"}}], [{"from": "GM", "to": "Player 2", "timestamp": "2024-09-12T14:29:49.825871", "action": {"type": "send message", "content": "Mia Patel 's Message:  Hi Robin, I'm glad you like the time! How about we meet at the Botanical Gardens? It's a beautiful place with a variety of flowers and plants, which I think you'll appreciate. Plus, it's a great spot for taking photos. [end]\n"}}, {"from": "Player 2", "to": "GM", "timestamp": "2024-09-12T14:29:51.189334", "action": {"type": "get message", "content": "[reason] The Botanical Gardens is an excellent choice, as it combines my love for flowers and nature with Mia's passion for photography. [end]\n\n[sentiment] Agreement on Location [end]\n\n[response] I absolutely love the idea of meeting at the Botanical Gardens, Mia. It's a perfect blend of our interests. Now, let's decide on an activity to do there. Any thoughts? [end]"}}, {"from": "GM", "to": "GM", "timestamp": "2024-09-12T14:29:51.190325", "action": {"type": "parse", "content": "[reason] The Botanical Gardens is an excellent choice, as it combines my love for flowers and nature with Mia's passion for photography. [end]\n\n[sentiment] Agreement on Location [end]\n\n[response] I absolutely love the idea of meeting at the Botanical Gardens, Mia. It's a perfect blend of our interests. Now, let's decide on an activity to do there. Any thoughts? [end] conforms to rules"}}], [{"from": "GM", "to": "Player 1", "timestamp": "2024-09-12T14:29:51.190325", "action": {"type": "send message", "content": "Robin Aster 's Message:  I absolutely love the idea of meeting at the Botanical Gardens, Mia. It's a perfect blend of our interests. Now, let's decide on an activity to do there. Any thoughts? [end]\n"}}, {"from": "Player 1", "to": "GM", "timestamp": "2024-09-12T14:29:52.884623", "action": {"type": "get message", "content": "[reason] I'm glad Robin likes the location. I think it's a great opportunity to suggest an activity that combines both our interests. [end]\n\n[sentiment] Continue Conversation [end]\n\n[response] Hi Robin, I'm so glad you like the Botanical Gardens! How about we take a leisurely stroll through the gardens, and I can capture some beautiful moments with my camera? We can also discuss the different flowers and plants we see, and you can share your knowledge about them. [end]"}}, {"from": "GM", "to": "GM", "timestamp": "2024-09-12T14:29:52.885628", "action": {"type": "parse", "content": "[reason] I'm glad Robin likes the location. I think it's a great opportunity to suggest an activity that combines both our interests. [end]\n\n[sentiment] Continue Conversation [end]\n\n[response] Hi Robin, I'm so glad you like the Botanical Gardens! How about we take a leisurely stroll through the gardens, and I can capture some beautiful moments with my camera? We can also discuss the different flowers and plants we see, and you can share your knowledge about them. [end] conforms to rules"}}, {"from": "GM", "to": "GM", "timestamp": "2024-09-12T14:29:52.885628", "action": {"type": "mismatch location agreement", "content": "no location agreement, mismatched sentiment"}}], [{"from": "GM", "to": "Player 2", "timestamp": "2024-09-12T14:29:52.885628", "action": {"type": "send message", "content": "Mia Patel 's Message:  Hi Robin, I'm so glad you like the Botanical Gardens! How about we take a leisurely stroll through the gardens, and I can capture some beautiful moments with my camera? We can also discuss the different flowers and plants we see, and you can share your knowledge about them. [end]\n"}}, {"from": "Player 2", "to": "GM", "timestamp": "2024-09-12T14:29:54.575312", "action": {"type": "get message", "content": "[reason] A leisurely stroll through the gardens, capturing moments, and discussing flowers sounds like a wonderful way to spend our first date. [end]\n\n[sentiment] Agreement on Action [end]\n\n[response] Mia, I think that's a fantastic idea! I'm looking forward to our date at the Botanical Gardens, where we can enjoy a leisurely stroll, take beautiful photos, and share our knowledge about flowers. [end]\n\n[sentiment] Overall Agreement [end]"}}, {"from": "GM", "to": "GM", "timestamp": "2024-09-12T14:29:54.576311", "action": {"type": "parse", "content": "[reason] A leisurely stroll through the gardens, capturing moments, and discussing flowers sounds like a wonderful way to spend our first date. [end]\n\n[sentiment] Agreement on Action [end]\n\n[response] Mia, I think that's a fantastic idea! I'm looking forward to our date at the Botanical Gardens, where we can enjoy a leisurely stroll, take beautiful photos, and share our knowledge about flowers. [end]\n\n[sentiment] Overall Agreement [end] conforms to rules"}}], [{"from": "GM", "to": "Player 1", "timestamp": "2024-09-12T14:29:54.576311", "action": {"type": "send message", "content": "Robin Aster 's Message:  Mia, I think that's a fantastic idea! I'm looking forward to our date at the Botanical Gardens, where we can enjoy a leisurely stroll, take beautiful photos, and share our knowledge about flowers. [end]\n\n[sentiment] Overall Agreement [end]\n"}}, {"from": "Player 1", "to": "GM", "timestamp": "2024-09-12T14:29:56.405199", "action": {"type": "get message", "content": "[reason] I'm thrilled that Robin and I have reached an overall agreement for our first date. I'm looking forward to meeting them and having a wonderful time together. [end]\n\n[sentiment] Overall Agreement [end]\n\n[response] Hi Robin, I'm so excited for our date at the Botanical Gardens! I can't wait to spend time with you, taking photos, and learning more about flowers. See you soon! [end]"}}, {"from": "GM", "to": "GM", "timestamp": "2024-09-12T14:29:56.406218", "action": {"type": "parse", "content": "[reason] I'm thrilled that Robin and I have reached an overall agreement for our first date. I'm looking forward to meeting them and having a wonderful time together. [end]\n\n[sentiment] Overall Agreement [end]\n\n[response] Hi Robin, I'm so excited for our date at the Botanical Gardens! I can't wait to spend time with you, taking photos, and learning more about flowers. See you soon! [end] conforms to rules"}}, {"from": "GM", "to": "GM", "timestamp": "2024-09-12T14:29:56.406218", "action": {"type": "mismatch action agreement", "content": "no action agreement, mismatched sentiment"}}], [{"from": "GM", "to": "Player 2", "timestamp": "2024-09-12T14:29:56.407196", "action": {"type": "send message", "content": "Mia Patel 's Message:  Hi Robin, I'm so excited for our date at the Botanical Gardens! I can't wait to spend time with you, taking photos, and learning more about flowers. See you soon! [end]\n"}}, {"from": "Player 2", "to": "GM", "timestamp": "2024-09-12T14:29:57.847418", "action": {"type": "get message", "content": "[reason] Mia's enthusiasm and excitement for our date make me even more eager to meet her. [end]\n\n[sentiment] Overall Agreement [end]\n\n[response] I'm equally excited for our date, Mia! I can't wait to spend time with you, taking photos, and sharing our love for flowers. See you soon at the Botanical Gardens! [end]"}}, {"from": "GM", "to": "GM", "timestamp": "2024-09-12T14:29:57.848536", "action": {"type": "parse", "content": "[reason] Mia's enthusiasm and excitement for our date make me even more eager to meet her. [end]\n\n[sentiment] Overall Agreement [end]\n\n[response] I'm equally excited for our date, Mia! I can't wait to spend time with you, taking photos, and sharing our love for flowers. See you soon at the Botanical Gardens! [end] conforms to rules"}}, {"from": "GM", "to": "GM", "timestamp": "2024-09-12T14:29:57.848536", "action": {"type": "overall agreement", "content": "game successful"}}]], "max_turns": 15, "completed_turns": 10, "time_agreement": false, "location_agreement": false, "action_agreement": false}