{"players": {"GM": "Game master for datingsim", "Player 1": "openchat-3.6-8b", "Player 2": "openchat-3.6-8b"}, "turns": [[{"from": "GM", "to": "Player 1", "timestamp": "2024-09-12T19:05:43.073546", "action": {"type": "send message", "content": "You are about to play a game with another player. In this game, you and the other player are both on an dating app, looking for a partner. In this case, both you and the other player decided, that you fancy each other's profile. Your and the other player's GOAL is it, to come to an agreement on what to do on your first date. At the start of the game you will be given two character sheets. The first one is the one, that defines your personality. The second one includes the information you know of the other player based on the information in their Bio on the dating app. You will start the conversation.\nOn each further turn you can react to what the other player tells you. For this you can either continue the conversation if you have not met an agreement yet or are not happy with the proposal, or end the game by agreeing to the proposal. \n\nThere is a total of four agreements throughout the game: \"Agreement on Time\", \"Agreement on Location\", \"Agreement on Action\", \"Overall Agreement\". You and the other player need to find an agreement on each of them.\nYou should only choose \"Overall Agreement\" after you and your date manage to settle an agreement for the other three ones (Time, Location, Action). \nYou have 15 turns to finish the game and find all agreements. \n\nYour answer has to consist ONLY of the following information and follow the given template:\n\n[reason] Your reason for your decision. [end]\n\n[sentiment] Choose one of the following: \"Continue Conversation\", \"Agreement on Time\", \"Agreement on Location\", \"Agreement on Action\", \"Overall Agreement\" [end]\n\n[response] Your response to the other player. This can include your sentiment, opinion, alternative. [end]\n\nYour answer for [response] must NOT exceed 100 tokens.\n\nThe game ends when 1) both you and the other player reply with the sentiment \"Overall Agreement\", 2) one of you chooses the sentiment \"Overall Agreement\" without the other one choosing it in the following turn, 3) you run out of turns to communicate or 4) you do not follow the template.\n\nThis is your character: {'NAME': 'Mia Patel', 'GENDER': 'Female', 'AGE': 29, 'APPEARANCE': 'Long wavy black hair, dark brown eyes, olive skin, trendy and bohemian style, infectious laughter.', 'OCCUPATION': 'Travel Blogger', 'LIKES': 'Adventure, photography, cultural experiences.', 'DISLIKES': 'Routine, negativity, bad weather.', 'HOBBIES': 'Traveling, writing, learning new languages.', 'SUMMARY': 'I like to travel a lot and keep my precious memories saved with pictures!'}\n\nThis is the character of the other player: ${'NAME': 'Chloe Kim', 'SUMMARY': 'I am a pretty confident mechanic who looves a good challenge.'}\n\nRemember, your goal is to find the overall agreement for your first date while staying in character.\n\nStart the game with the reason, your sentiment and the opening phrase.\n"}}, {"from": "Player 1", "to": "GM", "timestamp": "2024-09-12T19:05:48.239765", "action": {"type": "get message", "content": "[reason] I'm really excited about getting to know you better! [end]\n\n[sentiment] Continue Conversation [end]\n\n[response] That's great to hear Mia! How about we meet up on Saturday at 6pm? [end]"}}, {"from": "GM", "to": "GM", "timestamp": "2024-09-12T19:05:48.239995", "action": {"type": "parse", "content": "[reason] I'm really excited about getting to know you better! [end]\n\n[sentiment] Continue Conversation [end]\n\n[response] That's great to hear Mia! How about we meet up on Saturday at 6pm? [end] conforms to rules"}}], [{"from": "GM", "to": "Player 2", "timestamp": "2024-09-12T19:05:48.240039", "action": {"type": "send message", "content": "You are about to play a game with another player. In this game, you and the other player are both on an dating app, looking for a partner. In this case, both you and the other player decided, that you fancy each other's profile. Your and the other player's GOAL is it, to come to an agreement on what to do on your first date. At the start of the game you will be given two character sheets. The first one is the one, that defines your personality. The second one includes the information you know of the other player based on the information in their Bio on the dating app. You will be approached by the other player.\nOn each further turn you can react to what the other player tells you. For this you can either continue the conversation if you have not met an agreement yet or are not happy with the proposal, or end the game by agreeing to the proposal. \n\nThere is a total of four agreements throughout the game: \"Agreement on Time\", \"Agreement on Location\", \"Agreement on Action\", \"Overall Agreement\". You and the other player need to find an agreement on each of them.\nYou should only choose \"Overall Agreement\" after you and your date manage to settle an agreement for the other three ones (Time, Location, Action). \nYou have 15 turns to finish the game and find all agreements. \n\nYour answer has to consist ONLY of the following information and follow the given template:\n\n[reason] Your reason for your decision. [end]\n\n[sentiment] Choose one of the following: \"Continue Conversation\", \"Agreement on Time\", \"Agreement on Location\", \"Agreement on Action\", \"Overall Agreement\" [end]\n\n[response] Your response to the other player. This can include your sentiment, opinion, alternative. [end]\n\nYour answer for [response] must NOT exceed 100 tokens.\n\nThe game ends when 1) both you and the other player reply with the sentiment \"Overall Agreement\", 2) one of you chooses the sentiment \"Overall Agreement\" without the other one choosing it in the following turn, 3) you run out of turns to communicate or 4) you do not follow the template.\n\nThis is your character: {'NAME': 'Chloe Kim', 'GENDER': 'Female', 'AGE': 21, 'APPEARANCE': 'Confident smirk, bright green eyes, athletic build, wears comfortable clothes with a sporty flair.', 'OCCUPATION': 'Lead Mechanic at a Motorcycle Repair Shop', 'LIKES': 'Fixing things with her own hands, the roar of a motorcycle engine, a good challenge.', 'DISLIKES': 'Idleness, people who give up easily, following the crowd.', 'HOBBIES': 'Motocross racing (competitively), tinkering with old machines, participating in hackathons.', 'SUMMARY': 'I am a pretty confident mechanic who looves a good challenge.'}\n\nThis is the character of the other player: ${'NAME': 'Mia Patel', 'SUMMARY': 'I like to travel a lot and keep my precious memories saved with pictures!'}\n\nRemember, your goal is to find the overall agreement for your first date while staying in character.\n\nContinue the game with the reason, your sentiment and an answer phrase to the first message of the other player:\n\nMessage:  That's great to hear Mia! How about we meet up on Saturday at 6pm? [end]\n"}}, {"from": "Player 2", "to": "GM", "timestamp": "2024-09-12T19:05:53.937993", "action": {"type": "get message", "content": "[reason] I'm glad you're interested in meeting up. However, I prefer Friday evenings. [end]\n\n[sentiment] Agreement on Time [end]\n\n[response] Let's go for it then! What do you think of a bike ride around the city? [end]"}}, {"from": "GM", "to": "GM", "timestamp": "2024-09-12T19:05:53.938510", "action": {"type": "parse", "content": "[reason] I'm glad you're interested in meeting up. However, I prefer Friday evenings. [end]\n\n[sentiment] Agreement on Time [end]\n\n[response] Let's go for it then! What do you think of a bike ride around the city? [end] conforms to rules"}}], [{"from": "GM", "to": "Player 1", "timestamp": "2024-09-12T19:05:53.938723", "action": {"type": "send message", "content": "Chloe Kim 's Message:  Let's go for it then! What do you think of a bike ride around the city? [end]\n"}}, {"from": "Player 1", "to": "GM", "timestamp": "2024-09-12T19:05:59.740315", "action": {"type": "get message", "content": "[reason] Sounds like a fun idea! I'm all in for some adventure. [end]\n\n[sentiment] Agreement on Action [end]\n\n[response] That sounds amazing Chloe! How about we meet at the park near my place at 6pm? [end]"}}, {"from": "GM", "to": "GM", "timestamp": "2024-09-12T19:05:59.740777", "action": {"type": "parse", "content": "[reason] Sounds like a fun idea! I'm all in for some adventure. [end]\n\n[sentiment] Agreement on Action [end]\n\n[response] That sounds amazing Chloe! How about we meet at the park near my place at 6pm? [end] conforms to rules"}}, {"from": "GM", "to": "GM", "timestamp": "2024-09-12T19:05:59.741004", "action": {"type": "mismatch time agreement", "content": "no time agreement, mismatched sentiment"}}], [{"from": "GM", "to": "Player 2", "timestamp": "2024-09-12T19:05:59.741138", "action": {"type": "send message", "content": "Mia Patel 's Message:  That sounds amazing Chloe! How about we meet at the park near my place at 6pm? [end]\n"}}, {"from": "Player 2", "to": "GM", "timestamp": "2024-09-12T19:06:06.034868", "action": {"type": "get message", "content": "[reason] I like that idea Mia, but I prefer to meet at the repair shop where I work. [end]\n\n[sentiment] Agreement on Location [end]\n\n[response] Sure thing, Chloe! That sounds great. What do you want to do there? [end]"}}, {"from": "GM", "to": "GM", "timestamp": "2024-09-12T19:06:06.035083", "action": {"type": "parse", "content": "[reason] I like that idea Mia, but I prefer to meet at the repair shop where I work. [end]\n\n[sentiment] Agreement on Location [end]\n\n[response] Sure thing, Chloe! That sounds great. What do you want to do there? [end] conforms to rules"}}, {"from": "GM", "to": "GM", "timestamp": "2024-09-12T19:06:06.035149", "action": {"type": "mismatch action agreement", "content": "no action agreement, mismatched sentiment"}}], [{"from": "GM", "to": "Player 1", "timestamp": "2024-09-12T19:06:06.035262", "action": {"type": "send message", "content": "Chloe Kim 's Message:  Sure thing, Chloe! That sounds great. What do you want to do there? [end]\n"}}, {"from": "Player 1", "to": "GM", "timestamp": "2024-09-12T19:06:12.828322", "action": {"type": "get message", "content": "[reason] I'm glad you're up for it! We could go for a picnic and maybe even take some photos together. [end]\n\n[sentiment] Agreement on Action [end]\n\n[response] Oh, that's such a good idea Mia! I love picnics and taking pictures. What time should we meet? [end]"}}, {"from": "GM", "to": "GM", "timestamp": "2024-09-12T19:06:12.828585", "action": {"type": "parse", "content": "[reason] I'm glad you're up for it! We could go for a picnic and maybe even take some photos together. [end]\n\n[sentiment] Agreement on Action [end]\n\n[response] Oh, that's such a good idea Mia! I love picnics and taking pictures. What time should we meet? [end] conforms to rules"}}, {"from": "GM", "to": "GM", "timestamp": "2024-09-12T19:06:12.828652", "action": {"type": "mismatch location agreement", "content": "no location agreement, mismatched sentiment"}}], [{"from": "GM", "to": "Player 2", "timestamp": "2024-09-12T19:06:12.828762", "action": {"type": "send message", "content": "Mia Patel 's Message:  Oh, that's such a good idea Mia! I love picnics and taking pictures. What time should we meet? [end]\n"}}, {"from": "Player 2", "to": "GM", "timestamp": "2024-09-12T19:06:20.063221", "action": {"type": "get message", "content": "[reason] I'm glad you like the idea Mia. How about we meet at 5pm instead? [end]\n\n[sentiment] Agreement on Time [end]\n\n[response] That works for me, Chloe! So we'll meet at the park near my place at 5pm and have a picnic there. [end]"}}, {"from": "GM", "to": "GM", "timestamp": "2024-09-12T19:06:20.063606", "action": {"type": "parse", "content": "[reason] I'm glad you like the idea Mia. How about we meet at 5pm instead? [end]\n\n[sentiment] Agreement on Time [end]\n\n[response] That works for me, Chloe! So we'll meet at the park near my place at 5pm and have a picnic there. [end] conforms to rules"}}, {"from": "GM", "to": "GM", "timestamp": "2024-09-12T19:06:20.063682", "action": {"type": "mismatch action agreement", "content": "no action agreement, mismatched sentiment"}}], [{"from": "GM", "to": "Player 1", "timestamp": "2024-09-12T19:06:20.063805", "action": {"type": "send message", "content": "Chloe Kim 's Message:  That works for me, Chloe! So we'll meet at the park near my place at 5pm and have a picnic there. [end]\n"}}, {"from": "Player 1", "to": "GM", "timestamp": "2024-09-12T19:06:26.796363", "action": {"type": "get message", "content": "[reason] Perfect! I'm really looking forward to it. [end]\n\n[sentiment] Agreement on Location [end]\n\n[response] Me too, Mia! It's going to be so much fun. See you at 5pm then! [end]"}}, {"from": "GM", "to": "GM", "timestamp": "2024-09-12T19:06:26.796644", "action": {"type": "parse", "content": "[reason] Perfect! I'm really looking forward to it. [end]\n\n[sentiment] Agreement on Location [end]\n\n[response] Me too, Mia! It's going to be so much fun. See you at 5pm then! [end] conforms to rules"}}, {"from": "GM", "to": "GM", "timestamp": "2024-09-12T19:06:26.796715", "action": {"type": "mismatch time agreement", "content": "no time agreement, mismatched sentiment"}}], [{"from": "GM", "to": "Player 2", "timestamp": "2024-09-12T19:06:26.796829", "action": {"type": "send message", "content": "Mia Patel 's Message:  Me too, Mia! It's going to be so much fun. See you at 5pm then! [end]\n"}}, {"from": "Player 2", "to": "GM", "timestamp": "2024-09-12T19:06:33.657181", "action": {"type": "get message", "content": "[reason] I'm excited as well, Chloe! Looking forward to seeing you at the park at 5pm. [end]\n\n[sentiment] Overall Agreement [end]\n\n[response] Great! See you there Mia! [end]"}}, {"from": "GM", "to": "GM", "timestamp": "2024-09-12T19:06:33.657507", "action": {"type": "parse", "content": "[reason] I'm excited as well, Chloe! Looking forward to seeing you at the park at 5pm. [end]\n\n[sentiment] Overall Agreement [end]\n\n[response] Great! See you there Mia! [end] conforms to rules"}}, {"from": "GM", "to": "GM", "timestamp": "2024-09-12T19:06:33.657582", "action": {"type": "mismatch location agreement", "content": "no location agreement, mismatched sentiment"}}], [{"from": "GM", "to": "Player 1", "timestamp": "2024-09-12T19:06:33.657701", "action": {"type": "send message", "content": "Chloe Kim 's Message:  Great! See you there Mia! [end]\n"}}, {"from": "Player 1", "to": "GM", "timestamp": "2024-09-12T19:06:40.850333", "action": {"type": "get message", "content": "[reason] Can't wait to see you Chloe! Have a great day! [end]\n\n[sentiment] Overall Agreement [end]\n\n[response] Same here, Mia. Have an amazing day and I'll see you at the park at 5pm! [end]"}}, {"from": "GM", "to": "GM", "timestamp": "2024-09-12T19:06:40.850715", "action": {"type": "parse", "content": "[reason] Can't wait to see you Chloe! Have a great day! [end]\n\n[sentiment] Overall Agreement [end]\n\n[response] Same here, Mia. Have an amazing day and I'll see you at the park at 5pm! [end] conforms to rules"}}, {"from": "GM", "to": "GM", "timestamp": "2024-09-12T19:06:40.850746", "action": {"type": "overall agreement", "content": "game successful"}}]], "max_turns": 15, "completed_turns": 9, "time_agreement": false, "location_agreement": false, "action_agreement": false}