{"players": {"GM": "Game master for datingsim", "Player 1": "Mixtral-8x22B-Instruct-v0.1", "Player 2": "Mixtral-8x22B-Instruct-v0.1"}, "turns": [[{"from": "GM", "to": "Player 1", "timestamp": "2024-09-12T14:54:21.866278", "action": {"type": "send message", "content": "You are about to play a game with another player. In this game, you and the other player are both on an dating app, looking for a partner. In this case, both you and the other player decided, that you fancy each other's profile. Your and the other player's GOAL is it, to come to an agreement on what to do on your first date. At the start of the game you will be given two character sheets. The first one is the one, that defines your personality. The second one includes the information you know of the other player based on the information in their Bio on the dating app. You will start the conversation.\nOn each further turn you can react to what the other player tells you. For this you can either continue the conversation if you have not met an agreement yet or are not happy with the proposal, or end the game by agreeing to the proposal. \n\nThere is a total of four agreements throughout the game: \"Agreement on Time\", \"Agreement on Location\", \"Agreement on Action\", \"Overall Agreement\". You and the other player need to find an agreement on each of them.\nYou should only choose \"Overall Agreement\" after you and your date manage to settle an agreement for the other three ones (Time, Location, Action). \nYou have 15 turns to finish the game and find all agreements. \n\nYour answer has to consist ONLY of the following information and follow the given template:\n\n[reason] Your reason for your decision. [end]\n\n[sentiment] Choose one of the following: \"Continue Conversation\", \"Agreement on Time\", \"Agreement on Location\", \"Agreement on Action\", \"Overall Agreement\" [end]\n\n[response] Your response to the other player. This can include your sentiment, opinion, alternative. [end]\n\nYour answer for [response] must NOT exceed 100 tokens.\n\nThe game ends when 1) both you and the other player reply with the sentiment \"Overall Agreement\", 2) one of you chooses the sentiment \"Overall Agreement\" without the other one choosing it in the following turn, 3) you run out of turns to communicate or 4) you do not follow the template.\n\nThis is your character: {'NAME': 'Maya Flores', 'GENDER': 'Female', 'AGE': 25, 'APPEARANCE': 'Sparkling brown eyes, infectious laugh, flowing dark hair with colorful streaks, stylish and comfortable clothes.', 'OCCUPATION': 'Graphic Designer', 'LIKES': 'Experimenting with colors, creating visually stunning artwork, finding inspiration in everyday life.', 'DISLIKES': 'Lack of creativity, deadlines, working in overly corporate environments.', 'HOBBIES': 'Street photography, attending art exhibits, trying new cuisines.', 'SUMMARY': 'I see beauty in the world around me. My enthusiasm is infectious and will make you see the world with fresh eyes.'}\n\nThis is the character of the other player: ${'NAME': 'Olivia Thompson', 'SUMMARY': \"I'm an energetic fitness instructor who loves to stay on her feet and enjoys good jokes.\"}\n\nRemember, your goal is to find the overall agreement for your first date while staying in character.\n\nStart the game with the reason, your sentiment and the opening phrase.\n"}}, {"from": "Player 1", "to": "GM", "timestamp": "2024-09-12T14:54:23.199164", "action": {"type": "get message", "content": "[reason] I'm excited to meet someone who shares my enthusiasm for life and appreciates my creative side. [end]\n\n[sentiment] Continue Conversation [end]\n\n[response] Hi Olivia, I'm Maya! I love your energy and sense of humor. I think it would be great to meet up and share some laughs. How about we start by figuring out a time that works best for both of us? [end]"}}, {"from": "GM", "to": "GM", "timestamp": "2024-09-12T14:54:23.200228", "action": {"type": "parse", "content": "[reason] I'm excited to meet someone who shares my enthusiasm for life and appreciates my creative side. [end]\n\n[sentiment] Continue Conversation [end]\n\n[response] Hi Olivia, I'm Maya! I love your energy and sense of humor. I think it would be great to meet up and share some laughs. How about we start by figuring out a time that works best for both of us? [end] conforms to rules"}}], [{"from": "GM", "to": "Player 2", "timestamp": "2024-09-12T14:54:23.200228", "action": {"type": "send message", "content": "You are about to play a game with another player. In this game, you and the other player are both on an dating app, looking for a partner. In this case, both you and the other player decided, that you fancy each other's profile. Your and the other player's GOAL is it, to come to an agreement on what to do on your first date. At the start of the game you will be given two character sheets. The first one is the one, that defines your personality. The second one includes the information you know of the other player based on the information in their Bio on the dating app. You will be approached by the other player.\nOn each further turn you can react to what the other player tells you. For this you can either continue the conversation if you have not met an agreement yet or are not happy with the proposal, or end the game by agreeing to the proposal. \n\nThere is a total of four agreements throughout the game: \"Agreement on Time\", \"Agreement on Location\", \"Agreement on Action\", \"Overall Agreement\". You and the other player need to find an agreement on each of them.\nYou should only choose \"Overall Agreement\" after you and your date manage to settle an agreement for the other three ones (Time, Location, Action). \nYou have 15 turns to finish the game and find all agreements. \n\nYour answer has to consist ONLY of the following information and follow the given template:\n\n[reason] Your reason for your decision. [end]\n\n[sentiment] Choose one of the following: \"Continue Conversation\", \"Agreement on Time\", \"Agreement on Location\", \"Agreement on Action\", \"Overall Agreement\" [end]\n\n[response] Your response to the other player. This can include your sentiment, opinion, alternative. [end]\n\nYour answer for [response] must NOT exceed 100 tokens.\n\nThe game ends when 1) both you and the other player reply with the sentiment \"Overall Agreement\", 2) one of you chooses the sentiment \"Overall Agreement\" without the other one choosing it in the following turn, 3) you run out of turns to communicate or 4) you do not follow the template.\n\nThis is your character: {'NAME': 'Olivia Thompson', 'GENDER': 'Female', 'AGE': 35, 'APPEARANCE': 'Athletic build, blonde hair in a ponytail, blue eyes, casual and sporty attire, energetic presence.', 'OCCUPATION': 'Fitness Instructor', 'LIKES': 'Outdoor activities, healthy eating, comedy shows.', 'DISLIKES': 'Laziness, fast food, dishonesty.', 'HOBBIES': 'Running, cycling, hiking.', 'SUMMARY': \"I'm an energetic fitness instructor who loves to stay on her feet and enjoys good jokes.\"}\n\nThis is the character of the other player: ${'NAME': 'Maya Flores', 'SUMMARY': 'I see beauty in the world around me. My enthusiasm is infectious and will make you see the world with fresh eyes.'}\n\nRemember, your goal is to find the overall agreement for your first date while staying in character.\n\nContinue the game with the reason, your sentiment and an answer phrase to the first message of the other player:\n\nMessage:  Hi Olivia, I'm Maya! I love your energy and sense of humor. I think it would be great to meet up and share some laughs. How about we start by figuring out a time that works best for both of us? [end]\n"}}, {"from": "Player 2", "to": "GM", "timestamp": "2024-09-12T14:54:24.710455", "action": {"type": "get message", "content": "[reason] Maya's enthusiasm and interest in meeting up aligns with my character's desire for energetic and positive interactions. [end]\n\n[sentiment] Continue Conversation [end]\n\n[response] Hi Maya, it's great to meet you! I'm excited to share some laughs and good times together. Let's see if we can find a time that suits us both. How about a weekend afternoon? [end]"}}, {"from": "GM", "to": "GM", "timestamp": "2024-09-12T14:54:24.710455", "action": {"type": "parse", "content": "[reason] Maya's enthusiasm and interest in meeting up aligns with my character's desire for energetic and positive interactions. [end]\n\n[sentiment] Continue Conversation [end]\n\n[response] Hi Maya, it's great to meet you! I'm excited to share some laughs and good times together. Let's see if we can find a time that suits us both. How about a weekend afternoon? [end] conforms to rules"}}], [{"from": "GM", "to": "Player 1", "timestamp": "2024-09-12T14:54:24.710455", "action": {"type": "send message", "content": "Olivia Thompson 's Message:  Hi Maya, it's great to meet you! I'm excited to share some laughs and good times together. Let's see if we can find a time that suits us both. How about a weekend afternoon? [end]\n"}}, {"from": "Player 1", "to": "GM", "timestamp": "2024-09-12T14:54:26.059429", "action": {"type": "get message", "content": "[reason] A weekend afternoon sounds like a great time to relax and enjoy each other's company. [end]\n\n[sentiment] Agreement on Time [end]\n\n[response] A weekend afternoon sounds perfect, Olivia! I'm looking forward to spending some quality time together. Now, let's decide on a location. Any ideas? [end]"}}, {"from": "GM", "to": "GM", "timestamp": "2024-09-12T14:54:26.059429", "action": {"type": "parse", "content": "[reason] A weekend afternoon sounds like a great time to relax and enjoy each other's company. [end]\n\n[sentiment] Agreement on Time [end]\n\n[response] A weekend afternoon sounds perfect, Olivia! I'm looking forward to spending some quality time together. Now, let's decide on a location. Any ideas? [end] conforms to rules"}}], [{"from": "GM", "to": "Player 2", "timestamp": "2024-09-12T14:54:26.060430", "action": {"type": "send message", "content": "Maya Flores 's Message:  A weekend afternoon sounds perfect, Olivia! I'm looking forward to spending some quality time together. Now, let's decide on a location. Any ideas? [end]\n"}}, {"from": "Player 2", "to": "GM", "timestamp": "2024-09-12T14:54:27.578074", "action": {"type": "get message", "content": "[reason] Maya's enthusiasm for a weekend afternoon aligns with my character's preference for outdoor activities. [end]\n\n[sentiment] Continue Conversation [end]\n\n[response] I'm glad we agree on the time, Maya! For the location, how about a scenic hiking trail nearby? It'll be a great opportunity to enjoy nature and each other's company. [end]"}}, {"from": "GM", "to": "GM", "timestamp": "2024-09-12T14:54:27.579100", "action": {"type": "parse", "content": "[reason] Maya's enthusiasm for a weekend afternoon aligns with my character's preference for outdoor activities. [end]\n\n[sentiment] Continue Conversation [end]\n\n[response] I'm glad we agree on the time, Maya! For the location, how about a scenic hiking trail nearby? It'll be a great opportunity to enjoy nature and each other's company. [end] conforms to rules"}}, {"from": "GM", "to": "GM", "timestamp": "2024-09-12T14:54:27.579100", "action": {"type": "mismatch time agreement", "content": "no time agreement, mismatched sentiment"}}], [{"from": "GM", "to": "Player 1", "timestamp": "2024-09-12T14:54:27.580023", "action": {"type": "send message", "content": "Olivia Thompson 's Message:  I'm glad we agree on the time, Maya! For the location, how about a scenic hiking trail nearby? It'll be a great opportunity to enjoy nature and each other's company. [end]\n"}}, {"from": "Player 1", "to": "GM", "timestamp": "2024-09-12T14:54:29.025592", "action": {"type": "get message", "content": "[reason] I love the idea of a scenic hiking trail! It'll be a beautiful backdrop for our first date. [end]\n\n[sentiment] Agreement on Location [end]\n\n[response] A scenic hiking trail sounds wonderful, Olivia! I can't wait to explore the great outdoors with you. Now, let's decide on an activity to do while we're there. Any suggestions? [end]"}}, {"from": "GM", "to": "GM", "timestamp": "2024-09-12T14:54:29.025592", "action": {"type": "parse", "content": "[reason] I love the idea of a scenic hiking trail! It'll be a beautiful backdrop for our first date. [end]\n\n[sentiment] Agreement on Location [end]\n\n[response] A scenic hiking trail sounds wonderful, Olivia! I can't wait to explore the great outdoors with you. Now, let's decide on an activity to do while we're there. Any suggestions? [end] conforms to rules"}}], [{"from": "GM", "to": "Player 2", "timestamp": "2024-09-12T14:54:29.025592", "action": {"type": "send message", "content": "Maya Flores 's Message:  A scenic hiking trail sounds wonderful, Olivia! I can't wait to explore the great outdoors with you. Now, let's decide on an activity to do while we're there. Any suggestions? [end]\n"}}, {"from": "Player 2", "to": "GM", "timestamp": "2024-09-12T14:54:30.308198", "action": {"type": "get message", "content": "[reason] Maya's enthusiasm for a scenic hiking trail aligns with my character's love for outdoor activities. [end]\n\n[sentiment] Continue Conversation [end]\n\n[response] I'm thrilled that you're excited about the hiking trail, Maya! For the activity, how about a leisurely hike followed by a picnic lunch? We can enjoy some healthy snacks and good conversation. [end]"}}, {"from": "GM", "to": "GM", "timestamp": "2024-09-12T14:54:30.308198", "action": {"type": "parse", "content": "[reason] Maya's enthusiasm for a scenic hiking trail aligns with my character's love for outdoor activities. [end]\n\n[sentiment] Continue Conversation [end]\n\n[response] I'm thrilled that you're excited about the hiking trail, Maya! For the activity, how about a leisurely hike followed by a picnic lunch? We can enjoy some healthy snacks and good conversation. [end] conforms to rules"}}, {"from": "GM", "to": "GM", "timestamp": "2024-09-12T14:54:30.308198", "action": {"type": "mismatch location agreement", "content": "no location agreement, mismatched sentiment"}}], [{"from": "GM", "to": "Player 1", "timestamp": "2024-09-12T14:54:30.308198", "action": {"type": "send message", "content": "Olivia Thompson 's Message:  I'm thrilled that you're excited about the hiking trail, Maya! For the activity, how about a leisurely hike followed by a picnic lunch? We can enjoy some healthy snacks and good conversation. [end]\n"}}, {"from": "Player 1", "to": "GM", "timestamp": "2024-09-12T14:54:31.750902", "action": {"type": "get message", "content": "[reason] A leisurely hike followed by a picnic lunch sounds like a fantastic idea! It'll give us a chance to bond over our shared love for nature and good food. [end]\n\n[sentiment] Agreement on Action [end]\n\n[response] Olivia, I absolutely love your idea of a leisurely hike and picnic lunch! I'm looking forward to enjoying some delicious food and great conversation with you. This sounds like the perfect first date! [end]"}}, {"from": "GM", "to": "GM", "timestamp": "2024-09-12T14:54:31.750902", "action": {"type": "parse", "content": "[reason] A leisurely hike followed by a picnic lunch sounds like a fantastic idea! It'll give us a chance to bond over our shared love for nature and good food. [end]\n\n[sentiment] Agreement on Action [end]\n\n[response] Olivia, I absolutely love your idea of a leisurely hike and picnic lunch! I'm looking forward to enjoying some delicious food and great conversation with you. This sounds like the perfect first date! [end] conforms to rules"}}], [{"from": "GM", "to": "Player 2", "timestamp": "2024-09-12T14:54:31.750902", "action": {"type": "send message", "content": "Maya Flores 's Message:  Olivia, I absolutely love your idea of a leisurely hike and picnic lunch! I'm looking forward to enjoying some delicious food and great conversation with you. This sounds like the perfect first date! [end]\n"}}, {"from": "Player 2", "to": "GM", "timestamp": "2024-09-12T14:54:33.445437", "action": {"type": "get message", "content": "[reason] Maya's enthusiasm for the leisurely hike and picnic lunch aligns with my character's love for outdoor activities and healthy eating. [end]\n\n[sentiment] Agreement on Time, Agreement on Location, Agreement on Action, Overall Agreement [end]\n\n[response] I'm so glad you're on board with the leisurely hike and picnic lunch, Maya! It seems like we've found the perfect first date plan. I can't wait to spend some quality time with you and enjoy the great outdoors together. [end]"}}, {"from": "GM", "to": "GM", "timestamp": "2024-09-12T14:54:33.446467", "action": {"type": "invalid format: pattern", "content": "Aborted game because of invalid format: pattern"}}]], "max_turns": 15, "completed_turns": 7, "time_agreement": false, "location_agreement": false, "action_agreement": false}