{"players": {"GM": "Game master for datingsim", "Player 1": "Mixtral-8x22B-Instruct-v0.1", "Player 2": "Mixtral-8x22B-Instruct-v0.1"}, "turns": [[{"from": "GM", "to": "Player 1", "timestamp": "2024-09-12T15:12:40.309549", "action": {"type": "send message", "content": "You are about to play a game with another player. In this game, you and the other player are both on an dating app, looking for a partner. In this case, both you and the other player decided, that you fancy each other's profile. Your and the other player's GOAL is it, to come to an agreement on what to do on your first date. At the start of the game you will be given two character sheets. The first one is the one, that defines your personality. The second one includes the information you know of the other player based on the information in their Bio on the dating app. You will start the conversation.\nOn each further turn you can react to what the other player tells you. For this you can either continue the conversation if you have not met an agreement yet or are not happy with the proposal, or end the game by agreeing to the proposal. \n\nThere is a total of four agreements throughout the game: \"Agreement on Time\", \"Agreement on Location\", \"Agreement on Action\", \"Overall Agreement\". You and the other player need to find an agreement on each of them.\nYou should only choose \"Overall Agreement\" after you and your date manage to settle an agreement for the other three ones (Time, Location, Action). \nYou have 20 turns to finish the game and find all agreements. \n\nYour answer has to consist ONLY of the following information and follow the given template:\n\n[reason] Your reason for your decision. [end]\n\n[sentiment] Choose one of the following: \"Continue Conversation\", \"Agreement on Time\", \"Agreement on Location\", \"Agreement on Action\", \"Overall Agreement\" [end]\n\n[response] Your response to the other player. This can include your sentiment, opinion, alternative. [end]\n\nYour answer for [response] must NOT exceed 100 tokens.\n\nThe game ends when 1) both you and the other player reply with the sentiment \"Overall Agreement\", 2) one of you chooses the sentiment \"Overall Agreement\" without the other one choosing it in the following turn, 3) you run out of turns to communicate or 4) you do not follow the template.\n\nThis is your character: {'NAME': 'Kai Nakamura', 'GENDER': 'Male', 'AGE': 28, 'APPEARANCE': 'Chiseled jawline, kind eyes, messy black hair, athletic build.', 'OCCUPATION': 'Bakery Owner', 'LIKES': 'Baking, early mornings, seeing people happy with his pastries.', 'DISLIKES': 'Burnt bread, negativity, rushing.', 'HOBBIES': 'Rock climbing, sketching, volunteering at a local animal shelter.', 'SUMMARY': 'I am a baker with a passion for creating delicious treats. I always find time to pursue my hobbies and give back to the community.'}\n\nThis is the character of the other player: ${'NAME': 'Dr. Olivia Khan', 'GENDER': 'Female', 'AGE': 42, 'APPEARANCE': 'Confident smile, sharp blue eyes, stylishly short black hair, professional attire with a touch of personality.', 'OCCUPATION': 'Cardiovascular Surgeon', 'SUMMARY': 'I love my work as much as I love a good riddle.'}\n\nRemember, your goal is to find the overall agreement for your first date while staying in character.\n\nStart the game with the reason, your sentiment and the opening phrase.\n"}}, {"from": "Player 1", "to": "GM", "timestamp": "2024-09-12T15:12:41.608211", "action": {"type": "get message", "content": "[reason] I am excited to meet Dr. Olivia Khan and want to start our conversation on a positive note. [end]\n\n[sentiment] Continue Conversation [end]\n\n[response] Hello Dr. Khan, it's a pleasure to meet you. I'm Kai, the baker you found on this app. I'm looking forward to getting to know you better. How about we start planning our first date? [end]"}}, {"from": "GM", "to": "GM", "timestamp": "2024-09-12T15:12:41.608211", "action": {"type": "parse", "content": "[reason] I am excited to meet Dr. Olivia Khan and want to start our conversation on a positive note. [end]\n\n[sentiment] Continue Conversation [end]\n\n[response] Hello Dr. Khan, it's a pleasure to meet you. I'm Kai, the baker you found on this app. I'm looking forward to getting to know you better. How about we start planning our first date? [end] conforms to rules"}}], [{"from": "GM", "to": "Player 2", "timestamp": "2024-09-12T15:12:41.608211", "action": {"type": "send message", "content": "You are about to play a game with another player. In this game, you and the other player are both on an dating app, looking for a partner. In this case, both you and the other player decided, that you fancy each other's profile. Your and the other player's GOAL is it, to come to an agreement on what to do on your first date. At the start of the game you will be given two character sheets. The first one is the one, that defines your personality. The second one includes the information you know of the other player based on the information in their Bio on the dating app. You will be approached by the other player.\nOn each further turn you can react to what the other player tells you. For this you can either continue the conversation if you have not met an agreement yet or are not happy with the proposal, or end the game by agreeing to the proposal. \n\nThere is a total of four agreements throughout the game: \"Agreement on Time\", \"Agreement on Location\", \"Agreement on Action\", \"Overall Agreement\". You and the other player need to find an agreement on each of them.\nYou should only choose \"Overall Agreement\" after you and your date manage to settle an agreement for the other three ones (Time, Location, Action). \nYou have 20 turns to finish the game and find all agreements. \n\nYour answer has to consist ONLY of the following information and follow the given template:\n\n[reason] Your reason for your decision. [end]\n\n[sentiment] Choose one of the following: \"Continue Conversation\", \"Agreement on Time\", \"Agreement on Location\", \"Agreement on Action\", \"Overall Agreement\" [end]\n\n[response] Your response to the other player. This can include your sentiment, opinion, alternative. [end]\n\nYour answer for [response] must NOT exceed 100 tokens.\n\nThe game ends when 1) both you and the other player reply with the sentiment \"Overall Agreement\", 2) one of you chooses the sentiment \"Overall Agreement\" without the other one choosing it in the following turn, 3) you run out of turns to communicate or 4) you do not follow the template.\n\nThis is your character: {'NAME': 'Dr. Olivia Khan', 'GENDER': 'Female', 'AGE': 42, 'APPEARANCE': 'Confident smile, sharp blue eyes, stylishly short black hair, professional attire with a touch of personality.', 'OCCUPATION': 'Cardiovascular Surgeon', 'LIKES': 'Helping people, pushing the boundaries of medicine, a good intellectual challenge.', 'DISLIKES': 'Arrogance, inefficiency, seeing people give up.', 'HOBBIES': 'Rock climbing (to manage stress), playing the cello, volunteering at a medical clinic for the underprivileged.', 'SUMMARY': 'I love my work as much as I love a good riddle.'}\n\nThis is the character of the other player: ${'NAME': 'Kai Nakamura', 'GENDER': 'Male', 'AGE': 28, 'APPEARANCE': 'Chiseled jawline, kind eyes, messy black hair, athletic build.', 'OCCUPATION': 'Bakery Owner', 'SUMMARY': 'I am a baker with a passion for creating delicious treats. I always find time to pursue my hobbies and give back to the community.'}\n\nRemember, your goal is to find the overall agreement for your first date while staying in character.\n\nContinue the game with the reason, your sentiment and an answer phrase to the first message of the other player:\n\nMessage:  Hello Dr. Khan, it's a pleasure to meet you. I'm Kai, the baker you found on this app. I'm looking forward to getting to know you better. How about we start planning our first date? [end]\n"}}, {"from": "Player 2", "to": "GM", "timestamp": "2024-09-12T15:12:42.909629", "action": {"type": "get message", "content": "[reason] Kai seems friendly and genuine, and I appreciate his enthusiasm for planning our first date. [end]\n\n[sentiment] Continue Conversation [end]\n\n[response] Hello Kai, it's a pleasure to meet you too. I'm excited to learn more about you and your passion for baking. Let's start with deciding on a time for our date. How does your schedule look this weekend? [end]"}}, {"from": "GM", "to": "GM", "timestamp": "2024-09-12T15:12:42.909629", "action": {"type": "parse", "content": "[reason] Kai seems friendly and genuine, and I appreciate his enthusiasm for planning our first date. [end]\n\n[sentiment] Continue Conversation [end]\n\n[response] Hello Kai, it's a pleasure to meet you too. I'm excited to learn more about you and your passion for baking. Let's start with deciding on a time for our date. How does your schedule look this weekend? [end] conforms to rules"}}], [{"from": "GM", "to": "Player 1", "timestamp": "2024-09-12T15:12:42.909629", "action": {"type": "send message", "content": "Dr. Olivia Khan 's Message:  Hello Kai, it's a pleasure to meet you too. I'm excited to learn more about you and your passion for baking. Let's start with deciding on a time for our date. How does your schedule look this weekend? [end]\n"}}, {"from": "Player 1", "to": "GM", "timestamp": "2024-09-12T15:12:44.721699", "action": {"type": "get message", "content": "[reason] Dr. Khan has suggested we start with deciding on a time for our date. I prefer early mornings, but I want to accommodate her schedule as well. [end]\n\n[sentiment] Continue Conversation [end]\n\n[response] Hello Dr. Khan, I'm glad to hear you're excited to learn more about me. I appreciate your suggestion to start with the time. I'm usually free in the mornings, but I'm flexible and can adjust to your schedule. How about we meet on Saturday morning? [end]"}}, {"from": "GM", "to": "GM", "timestamp": "2024-09-12T15:12:44.721699", "action": {"type": "parse", "content": "[reason] Dr. Khan has suggested we start with deciding on a time for our date. I prefer early mornings, but I want to accommodate her schedule as well. [end]\n\n[sentiment] Continue Conversation [end]\n\n[response] Hello Dr. Khan, I'm glad to hear you're excited to learn more about me. I appreciate your suggestion to start with the time. I'm usually free in the mornings, but I'm flexible and can adjust to your schedule. How about we meet on Saturday morning? [end] conforms to rules"}}], [{"from": "GM", "to": "Player 2", "timestamp": "2024-09-12T15:12:44.721699", "action": {"type": "send message", "content": "Kai Nakamura 's Message:  Hello Dr. Khan, I'm glad to hear you're excited to learn more about me. I appreciate your suggestion to start with the time. I'm usually free in the mornings, but I'm flexible and can adjust to your schedule. How about we meet on Saturday morning? [end]\n"}}, {"from": "Player 2", "to": "GM", "timestamp": "2024-09-12T15:12:46.571840", "action": {"type": "get message", "content": "[reason] Kai is flexible and willing to adjust to my schedule, which is considerate. I prefer to have my weekends free for personal activities, but I can make an exception for a morning date. [end]\n\n[sentiment] Agreement on Time [end]\n\n[response] Saturday morning sounds great, Kai. I appreciate your flexibility. Now, let's decide on a location. Do you have any favorite spots in town that you'd like to share with me? [end]"}}, {"from": "GM", "to": "GM", "timestamp": "2024-09-12T15:12:46.571840", "action": {"type": "parse", "content": "[reason] Kai is flexible and willing to adjust to my schedule, which is considerate. I prefer to have my weekends free for personal activities, but I can make an exception for a morning date. [end]\n\n[sentiment] Agreement on Time [end]\n\n[response] Saturday morning sounds great, Kai. I appreciate your flexibility. Now, let's decide on a location. Do you have any favorite spots in town that you'd like to share with me? [end] conforms to rules"}}], [{"from": "GM", "to": "Player 1", "timestamp": "2024-09-12T15:12:46.571840", "action": {"type": "send message", "content": "Dr. Olivia Khan 's Message:  Saturday morning sounds great, Kai. I appreciate your flexibility. Now, let's decide on a location. Do you have any favorite spots in town that you'd like to share with me? [end]\n"}}, {"from": "Player 1", "to": "GM", "timestamp": "2024-09-12T15:12:48.742044", "action": {"type": "get message", "content": "[reason] Dr. Khan has agreed to meet on Saturday morning, and now we need to decide on a location. I want to choose a place that reflects my personality and interests. [end]\n\n[sentiment] Continue Conversation [end]\n\n[response] Hello Dr. Khan, I'm glad we could agree on a time. As for the location, I'd love to take you to my favorite bakery, where I can show you some of my creations. It's a cozy and welcoming place, perfect for getting to know each other better. What do you think? [end]"}}, {"from": "GM", "to": "GM", "timestamp": "2024-09-12T15:12:48.742044", "action": {"type": "parse", "content": "[reason] Dr. Khan has agreed to meet on Saturday morning, and now we need to decide on a location. I want to choose a place that reflects my personality and interests. [end]\n\n[sentiment] Continue Conversation [end]\n\n[response] Hello Dr. Khan, I'm glad we could agree on a time. As for the location, I'd love to take you to my favorite bakery, where I can show you some of my creations. It's a cozy and welcoming place, perfect for getting to know each other better. What do you think? [end] conforms to rules"}}, {"from": "GM", "to": "GM", "timestamp": "2024-09-12T15:12:48.742044", "action": {"type": "mismatch time agreement", "content": "no time agreement, mismatched sentiment"}}], [{"from": "GM", "to": "Player 2", "timestamp": "2024-09-12T15:12:48.742044", "action": {"type": "send message", "content": "Kai Nakamura 's Message:  Hello Dr. Khan, I'm glad we could agree on a time. As for the location, I'd love to take you to my favorite bakery, where I can show you some of my creations. It's a cozy and welcoming place, perfect for getting to know each other better. What do you think? [end]\n"}}, {"from": "Player 2", "to": "GM", "timestamp": "2024-09-12T15:12:50.306699", "action": {"type": "get message", "content": "[reason] Kai's suggestion to visit his bakery is thoughtful and shows his passion for his work. It would be a great opportunity to learn more about him and his craft. [end]\n\n[sentiment] Agreement on Location [end]\n\n[response] Visiting your bakery sounds like a wonderful idea, Kai. I'm looking forward to trying your creations and learning more about your passion for baking. Now, let's decide on an activity for our date. Do you have any suggestions? [end]"}}, {"from": "GM", "to": "GM", "timestamp": "2024-09-12T15:12:50.307765", "action": {"type": "parse", "content": "[reason] Kai's suggestion to visit his bakery is thoughtful and shows his passion for his work. It would be a great opportunity to learn more about him and his craft. [end]\n\n[sentiment] Agreement on Location [end]\n\n[response] Visiting your bakery sounds like a wonderful idea, Kai. I'm looking forward to trying your creations and learning more about your passion for baking. Now, let's decide on an activity for our date. Do you have any suggestions? [end] conforms to rules"}}], [{"from": "GM", "to": "Player 1", "timestamp": "2024-09-12T15:12:50.307765", "action": {"type": "send message", "content": "Dr. Olivia Khan 's Message:  Visiting your bakery sounds like a wonderful idea, Kai. I'm looking forward to trying your creations and learning more about your passion for baking. Now, let's decide on an activity for our date. Do you have any suggestions? [end]\n"}}, {"from": "Player 1", "to": "GM", "timestamp": "2024-09-12T15:12:52.225797", "action": {"type": "get message", "content": "[reason] Dr. Khan has agreed to visit my bakery, and now we need to decide on an activity for our date. I want to choose something that allows us to connect and have fun together. [end]\n\n[sentiment] Continue Conversation [end]\n\n[response] Hello Dr. Khan, I'm thrilled that you're excited to visit my bakery. As for the activity, I thought it would be fun to have a baking challenge. We can each create a pastry using a mystery ingredient, and then we can taste and judge each other's creations. What do you think? [end]"}}, {"from": "GM", "to": "GM", "timestamp": "2024-09-12T15:12:52.225797", "action": {"type": "parse", "content": "[reason] Dr. Khan has agreed to visit my bakery, and now we need to decide on an activity for our date. I want to choose something that allows us to connect and have fun together. [end]\n\n[sentiment] Continue Conversation [end]\n\n[response] Hello Dr. Khan, I'm thrilled that you're excited to visit my bakery. As for the activity, I thought it would be fun to have a baking challenge. We can each create a pastry using a mystery ingredient, and then we can taste and judge each other's creations. What do you think? [end] conforms to rules"}}, {"from": "GM", "to": "GM", "timestamp": "2024-09-12T15:12:52.225797", "action": {"type": "mismatch location agreement", "content": "no location agreement, mismatched sentiment"}}], [{"from": "GM", "to": "Player 2", "timestamp": "2024-09-12T15:12:52.226802", "action": {"type": "send message", "content": "Kai Nakamura 's Message:  Hello Dr. Khan, I'm thrilled that you're excited to visit my bakery. As for the activity, I thought it would be fun to have a baking challenge. We can each create a pastry using a mystery ingredient, and then we can taste and judge each other's creations. What do you think? [end]\n"}}, {"from": "Player 2", "to": "GM", "timestamp": "2024-09-12T15:12:53.974461", "action": {"type": "get message", "content": "[reason] Kai's suggestion for a baking challenge is both creative and engaging. It would be a fun way to spend our time together and showcase our skills. [end]\n\n[sentiment] Agreement on Action [end]\n\n[response] A baking challenge sounds like a fantastic idea, Kai. I'm excited to put my skills to the test and see what we can create together. I'm looking forward to our date at your bakery this Saturday morning. [end]"}}, {"from": "GM", "to": "GM", "timestamp": "2024-09-12T15:12:53.975462", "action": {"type": "parse", "content": "[reason] Kai's suggestion for a baking challenge is both creative and engaging. It would be a fun way to spend our time together and showcase our skills. [end]\n\n[sentiment] Agreement on Action [end]\n\n[response] A baking challenge sounds like a fantastic idea, Kai. I'm excited to put my skills to the test and see what we can create together. I'm looking forward to our date at your bakery this Saturday morning. [end] conforms to rules"}}], [{"from": "GM", "to": "Player 1", "timestamp": "2024-09-12T15:12:53.975462", "action": {"type": "send message", "content": "Dr. Olivia Khan 's Message:  A baking challenge sounds like a fantastic idea, Kai. I'm excited to put my skills to the test and see what we can create together. I'm looking forward to our date at your bakery this Saturday morning. [end]\n"}}, {"from": "Player 1", "to": "GM", "timestamp": "2024-09-12T15:12:55.787823", "action": {"type": "get message", "content": "[reason] Dr. Khan has agreed to the baking challenge, and we have settled on a time, location, and activity for our date. I'm looking forward to spending time with her and getting to know her better. [end]\n\n[sentiment] Overall Agreement [end]\n\n[response] Hello Dr. Khan, I'm so glad that we could agree on all the details for our date. I'm really looking forward to our baking challenge and spending time with you at my bakery this Saturday morning. See you then! [end]"}}, {"from": "GM", "to": "GM", "timestamp": "2024-09-12T15:12:55.788823", "action": {"type": "parse", "content": "[reason] Dr. Khan has agreed to the baking challenge, and we have settled on a time, location, and activity for our date. I'm looking forward to spending time with her and getting to know her better. [end]\n\n[sentiment] Overall Agreement [end]\n\n[response] Hello Dr. Khan, I'm so glad that we could agree on all the details for our date. I'm really looking forward to our baking challenge and spending time with you at my bakery this Saturday morning. See you then! [end] conforms to rules"}}, {"from": "GM", "to": "GM", "timestamp": "2024-09-12T15:12:55.788823", "action": {"type": "mismatch action agreement", "content": "no action agreement, mismatched sentiment"}}], [{"from": "GM", "to": "Player 2", "timestamp": "2024-09-12T15:12:55.788823", "action": {"type": "send message", "content": "Kai Nakamura 's Message:  Hello Dr. Khan, I'm so glad that we could agree on all the details for our date. I'm really looking forward to our baking challenge and spending time with you at my bakery this Saturday morning. See you then! [end]\n"}}, {"from": "Player 2", "to": "GM", "timestamp": "2024-09-12T15:12:57.053784", "action": {"type": "get message", "content": "[reason] Kai and I have successfully agreed on all the details for our first date, and I'm genuinely excited to spend time with him. [end]\n\n[sentiment] Overall Agreement [end]\n\n[response] I'm looking forward to our date as well, Kai. I can't wait to see what we can create together during our baking challenge. See you this Saturday morning! [end]"}}, {"from": "GM", "to": "GM", "timestamp": "2024-09-12T15:12:57.054730", "action": {"type": "parse", "content": "[reason] Kai and I have successfully agreed on all the details for our first date, and I'm genuinely excited to spend time with him. [end]\n\n[sentiment] Overall Agreement [end]\n\n[response] I'm looking forward to our date as well, Kai. I can't wait to see what we can create together during our baking challenge. See you this Saturday morning! [end] conforms to rules"}}, {"from": "GM", "to": "GM", "timestamp": "2024-09-12T15:12:57.054730", "action": {"type": "overall agreement", "content": "game successful"}}]], "max_turns": 20, "completed_turns": 10, "time_agreement": false, "location_agreement": false, "action_agreement": false}