{"players": {"GM": "Game master for datingsim", "Player 1": "openchat-3.6-8b", "Player 2": "openchat-3.6-8b"}, "turns": [[{"from": "GM", "to": "Player 1", "timestamp": "2024-09-12T19:02:08.502310", "action": {"type": "send message", "content": "You are about to play a game with another player. In this game, you and the other player are both on an dating app, looking for a partner. In this case, both you and the other player decided, that you fancy each other's profile. Your and the other player's GOAL is it, to come to an agreement on what to do on your first date. At the start of the game you will be given two character sheets. The first one is the one, that defines your personality. The second one includes the information you know of the other player based on the information in their Bio on the dating app. You will start the conversation.\nOn each further turn you can react to what the other player tells you. For this you can either continue the conversation if you have not met an agreement yet or are not happy with the proposal, or end the game by agreeing to the proposal. \n\nThere is a total of four agreements throughout the game: \"Agreement on Time\", \"Agreement on Location\", \"Agreement on Action\", \"Overall Agreement\". You and the other player need to find an agreement on each of them.\nYou should only choose \"Overall Agreement\" after you and your date manage to settle an agreement for the other three ones (Time, Location, Action). \nYou have 15 turns to finish the game and find all agreements. \n\nYour answer has to consist ONLY of the following information and follow the given template:\n\n[reason] Your reason for your decision. [end]\n\n[sentiment] Choose one of the following: \"Continue Conversation\", \"Agreement on Time\", \"Agreement on Location\", \"Agreement on Action\", \"Overall Agreement\" [end]\n\n[response] Your response to the other player. This can include your sentiment, opinion, alternative. [end]\n\nYour answer for [response] must NOT exceed 100 tokens.\n\nThe game ends when 1) both you and the other player reply with the sentiment \"Overall Agreement\", 2) one of you chooses the sentiment \"Overall Agreement\" without the other one choosing it in the following turn, 3) you run out of turns to communicate or 4) you do not follow the template.\n\nThis is your character: {'NAME': 'Ethan Moore', 'GENDER': 'Male', 'AGE': 42, 'APPEARANCE': 'Salt and pepper hair, warm smile, crinkled eyes when he laughs, wears well-fitting suits.', 'OCCUPATION': 'University Professor (Literature)', 'LIKES': 'Engaging discussions, classic literature, a good cup of tea.', 'DISLIKES': 'Superficiality, technology dependence, loud noises.', 'HOBBIES': 'Reading, attending plays and concerts, spending time in nature.', 'SUMMARY': 'Good books are twice as fun when you converse about them with a nice cup of tea. This pretty much describes me as a person.'}\n\nThis is the character of the other player: ${'NAME': 'Leo Rodriguez', 'GENDER': 'Male', 'AGE': 35, 'APPEARANCE': 'Tanned skin, warm brown eyes, charming smile, wears stylish glasses.', 'OCCUPATION': 'Travel Photographer', 'SUMMARY': \"Adventure? I am your man! Let's pack your bags and join me on my next journey.\"}\n\nRemember, your goal is to find the overall agreement for your first date while staying in character.\n\nStart the game with the reason, your sentiment and the opening phrase.\n"}}, {"from": "Player 1", "to": "GM", "timestamp": "2024-09-12T19:02:14.719170", "action": {"type": "get message", "content": "[reason] Your profile caught my attention because of your love for adventure. I'm a literature professor and I enjoy engaging discussions about classic literature over a cup of tea. [end]\n\n[sentiment] Agreement on Time [end]\n\n[response] That sounds great! How about we meet at 7 pm? [end]"}}, {"from": "GM", "to": "GM", "timestamp": "2024-09-12T19:02:14.719433", "action": {"type": "parse", "content": "[reason] Your profile caught my attention because of your love for adventure. I'm a literature professor and I enjoy engaging discussions about classic literature over a cup of tea. [end]\n\n[sentiment] Agreement on Time [end]\n\n[response] That sounds great! How about we meet at 7 pm? [end] conforms to rules"}}], [{"from": "GM", "to": "Player 2", "timestamp": "2024-09-12T19:02:14.719502", "action": {"type": "send message", "content": "You are about to play a game with another player. In this game, you and the other player are both on an dating app, looking for a partner. In this case, both you and the other player decided, that you fancy each other's profile. Your and the other player's GOAL is it, to come to an agreement on what to do on your first date. At the start of the game you will be given two character sheets. The first one is the one, that defines your personality. The second one includes the information you know of the other player based on the information in their Bio on the dating app. You will be approached by the other player.\nOn each further turn you can react to what the other player tells you. For this you can either continue the conversation if you have not met an agreement yet or are not happy with the proposal, or end the game by agreeing to the proposal. \n\nThere is a total of four agreements throughout the game: \"Agreement on Time\", \"Agreement on Location\", \"Agreement on Action\", \"Overall Agreement\". You and the other player need to find an agreement on each of them.\nYou should only choose \"Overall Agreement\" after you and your date manage to settle an agreement for the other three ones (Time, Location, Action). \nYou have 15 turns to finish the game and find all agreements. \n\nYour answer has to consist ONLY of the following information and follow the given template:\n\n[reason] Your reason for your decision. [end]\n\n[sentiment] Choose one of the following: \"Continue Conversation\", \"Agreement on Time\", \"Agreement on Location\", \"Agreement on Action\", \"Overall Agreement\" [end]\n\n[response] Your response to the other player. This can include your sentiment, opinion, alternative. [end]\n\nYour answer for [response] must NOT exceed 100 tokens.\n\nThe game ends when 1) both you and the other player reply with the sentiment \"Overall Agreement\", 2) one of you chooses the sentiment \"Overall Agreement\" without the other one choosing it in the following turn, 3) you run out of turns to communicate or 4) you do not follow the template.\n\nThis is your character: {'NAME': 'Leo Rodriguez', 'GENDER': 'Male', 'AGE': 35, 'APPEARANCE': 'Tanned skin, warm brown eyes, charming smile, wears stylish glasses.', 'OCCUPATION': 'Travel Photographer', 'LIKES': 'Exploring new places, capturing breathtaking moments, meeting interesting people.', 'DISLIKES': 'Routine, bad weather, being stuck indoors for too long.', 'HOBBIES': 'Learning new languages, playing the guitar, collecting souvenirs from his travels.', 'SUMMARY': \"Adventure? I am your man! Let's pack your bags and join me on my next journey.\"}\n\nThis is the character of the other player: ${'NAME': 'Ethan Moore', 'GENDER': 'Male', 'AGE': 42, 'APPEARANCE': 'Salt and pepper hair, warm smile, crinkled eyes when he laughs, wears well-fitting suits.', 'OCCUPATION': 'University Professor (Literature)', 'SUMMARY': 'Good books are twice as fun when you converse about them with a nice cup of tea. This pretty much describes me as a person.'}\n\nRemember, your goal is to find the overall agreement for your first date while staying in character.\n\nContinue the game with the reason, your sentiment and an answer phrase to the first message of the other player:\n\nMessage:  That sounds great! How about we meet at 7 pm? [end]\n"}}, {"from": "Player 2", "to": "GM", "timestamp": "2024-09-12T19:02:21.465349", "action": {"type": "get message", "content": "[reason] I'm glad you're excited. However, I prefer a later time so that we can enjoy each other's company for longer. [end]\n\n[sentiment] Agreement on Time [end]\n\n[response] Hey Ethan, how about 8 pm instead? That way we can have more time to get to know each other better. [end]"}}, {"from": "GM", "to": "GM", "timestamp": "2024-09-12T19:02:21.466052", "action": {"type": "parse", "content": "[reason] I'm glad you're excited. However, I prefer a later time so that we can enjoy each other's company for longer. [end]\n\n[sentiment] Agreement on Time [end]\n\n[response] Hey Ethan, how about 8 pm instead? That way we can have more time to get to know each other better. [end] conforms to rules"}}], [{"from": "GM", "to": "Player 1", "timestamp": "2024-09-12T19:02:21.466473", "action": {"type": "send message", "content": "Leo Rodriguez 's Message:  Hey Ethan, how about 8 pm instead? That way we can have more time to get to know each other better. [end]\n"}}, {"from": "Player 1", "to": "GM", "timestamp": "2024-09-12T19:02:28.598526", "action": {"type": "get message", "content": "[reason] I'm happy to adjust the time for our first date. Meeting at 8 pm seems like a good idea. [end]\n\n[sentiment] Agreement on Time [end]\n\n[response] Agreed! Let's meet at 8 pm and see where the conversation takes us. [end]"}}, {"from": "GM", "to": "GM", "timestamp": "2024-09-12T19:02:28.598889", "action": {"type": "parse", "content": "[reason] I'm happy to adjust the time for our first date. Meeting at 8 pm seems like a good idea. [end]\n\n[sentiment] Agreement on Time [end]\n\n[response] Agreed! Let's meet at 8 pm and see where the conversation takes us. [end] conforms to rules"}}, {"from": "GM", "to": "GM", "timestamp": "2024-09-12T19:02:28.598941", "action": {"type": "time agreement", "content": "agreement on time successful"}}], [{"from": "GM", "to": "Player 2", "timestamp": "2024-09-12T19:02:28.599020", "action": {"type": "send message", "content": "Ethan Moore 's Message:  Agreed! Let's meet at 8 pm and see where the conversation takes us. [end]\n"}}, {"from": "Player 2", "to": "GM", "timestamp": "2024-09-12T19:02:35.585265", "action": {"type": "get message", "content": "[reason] I'm really looking forward to our date, Ethan. It's going to be a great time! [end]\n\n[sentiment] Overall Agreement [end]\n\n[response] Absolutely, Leo! Looking forward to getting to know you better. See you at 8 pm! [end]"}}, {"from": "GM", "to": "GM", "timestamp": "2024-09-12T19:02:35.585847", "action": {"type": "parse", "content": "[reason] I'm really looking forward to our date, Ethan. It's going to be a great time! [end]\n\n[sentiment] Overall Agreement [end]\n\n[response] Absolutely, Leo! Looking forward to getting to know you better. See you at 8 pm! [end] conforms to rules"}}, {"from": "GM", "to": "GM", "timestamp": "2024-09-12T19:02:35.585910", "action": {"type": "mismatch time agreement", "content": "no time agreement, mismatched sentiment"}}], [{"from": "GM", "to": "Player 1", "timestamp": "2024-09-12T19:02:35.586014", "action": {"type": "send message", "content": "Leo Rodriguez 's Message:  Absolutely, Leo! Looking forward to getting to know you better. See you at 8 pm! [end]\n"}}, {"from": "Player 1", "to": "GM", "timestamp": "2024-09-12T19:02:42.670104", "action": {"type": "get message", "content": "[reason] I'm excited about our first date, Ethan. It's going to be a great time. [end]\n\n[sentiment] Agreement on Time [end]\n\n[response] I couldn't agree more, Leo. Can't wait for our first date! [end]"}}, {"from": "GM", "to": "GM", "timestamp": "2024-09-12T19:02:42.670418", "action": {"type": "parse", "content": "[reason] I'm excited about our first date, Ethan. It's going to be a great time. [end]\n\n[sentiment] Agreement on Time [end]\n\n[response] I couldn't agree more, Leo. Can't wait for our first date! [end] conforms to rules"}}, {"from": "GM", "to": "GM", "timestamp": "2024-09-12T19:02:42.670468", "action": {"type": "friendzone", "content": "game unsuccessful, mismatched sentiment"}}]], "max_turns": 15, "completed_turns": 5, "time_agreement": true, "location_agreement": false, "action_agreement": false}