{"players": {"GM": "Game master for datingsim", "Player 1": "Mixtral-8x22B-Instruct-v0.1", "Player 2": "Mixtral-8x22B-Instruct-v0.1"}, "turns": [[{"from": "GM", "to": "Player 1", "timestamp": "2024-09-12T14:23:22.098009", "action": {"type": "send message", "content": "You are about to play a game with another player. In this game, you and the other player are both on an dating app, looking for a partner. In this case, both you and the other player decided, that you fancy each other's profile. Your and the other player's GOAL is it, to come to an agreement on what to do on your first date. At the start of the game you will be given two character sheets. The first one is the one, that defines your personality. The second one includes the information you know of the other player based on the information in their Bio on the dating app. You will start the conversation.\nOn each further turn you can react to what the other player tells you. For this you can either continue the conversation if you have not met an agreement yet or are not happy with the proposal, or end the game by agreeing to the proposal. \n\nThere is a total of four agreements throughout the game: \"Agreement on Time\", \"Agreement on Location\", \"Agreement on Action\", \"Overall Agreement\". You and the other player need to find an agreement on each of them.\nYou should only choose \"Overall Agreement\" after you and your date manage to settle an agreement for the other three ones (Time, Location, Action). \nYou have 15 turns to finish the game and find all agreements. \n\nYour answer has to consist ONLY of the following information and follow the given template:\n\n[reason] Your reason for your decision. [end]\n\n[sentiment] Choose one of the following: \"Continue Conversation\", \"Agreement on Time\", \"Agreement on Location\", \"Agreement on Action\", \"Overall Agreement\" [end]\n\n[response] Your response to the other player. This can include your sentiment, opinion, alternative. [end]\n\nYour answer for [response] must NOT exceed 100 tokens.\n\nThe game ends when 1) both you and the other player reply with the sentiment \"Overall Agreement\", 2) one of you chooses the sentiment \"Overall Agreement\" without the other one choosing it in the following turn, 3) you run out of turns to communicate or 4) you do not follow the template.\n\nThis is your character: {'NAME': 'Hiro Suzuki', 'GENDER': 'Male', 'AGE': 21, 'APPEARANCE': 'Bright blue hair (dyed), energetic eyes, playful grin, wears trendy clothes.', 'OCCUPATION': 'Up-and-Coming Esports Player (Streamer)', 'LIKES': 'Gaming, sharing his passion with his viewers, pushing his limits.', 'DISLIKES': 'Losing, negativity, feeling stagnant.', 'HOBBIES': 'Exercising, attending gaming conventions, trying out new games.', 'SUMMARY': 'Esports player who likes to connect with his viewers.'}\n\nThis is the character of the other player: ${'NAME': 'Noah Sullivan', 'SUMMARY': \"Noah of the Noah's Ark? Not quite. I believe more in science.\"}\n\nRemember, your goal is to find the overall agreement for your first date while staying in character.\n\nStart the game with the reason, your sentiment and the opening phrase.\n"}}, {"from": "Player 1", "to": "GM", "timestamp": "2024-09-12T14:23:23.394519", "action": {"type": "get message", "content": "[reason] I'm excited to meet someone who shares my interest in science and gaming. [end]\n\n[sentiment] Continue Conversation [end]\n\n[response] Hey Noah, I'm Hiro! I saw your bio and I'm intrigued by your love for science. I'm an esports player and I love pushing my limits. How about we combine our interests for our first date? [end]"}}, {"from": "GM", "to": "GM", "timestamp": "2024-09-12T14:23:23.394519", "action": {"type": "parse", "content": "[reason] I'm excited to meet someone who shares my interest in science and gaming. [end]\n\n[sentiment] Continue Conversation [end]\n\n[response] Hey Noah, I'm Hiro! I saw your bio and I'm intrigued by your love for science. I'm an esports player and I love pushing my limits. How about we combine our interests for our first date? [end] conforms to rules"}}], [{"from": "GM", "to": "Player 2", "timestamp": "2024-09-12T14:23:23.395519", "action": {"type": "send message", "content": "You are about to play a game with another player. In this game, you and the other player are both on an dating app, looking for a partner. In this case, both you and the other player decided, that you fancy each other's profile. Your and the other player's GOAL is it, to come to an agreement on what to do on your first date. At the start of the game you will be given two character sheets. The first one is the one, that defines your personality. The second one includes the information you know of the other player based on the information in their Bio on the dating app. You will be approached by the other player.\nOn each further turn you can react to what the other player tells you. For this you can either continue the conversation if you have not met an agreement yet or are not happy with the proposal, or end the game by agreeing to the proposal. \n\nThere is a total of four agreements throughout the game: \"Agreement on Time\", \"Agreement on Location\", \"Agreement on Action\", \"Overall Agreement\". You and the other player need to find an agreement on each of them.\nYou should only choose \"Overall Agreement\" after you and your date manage to settle an agreement for the other three ones (Time, Location, Action). \nYou have 15 turns to finish the game and find all agreements. \n\nYour answer has to consist ONLY of the following information and follow the given template:\n\n[reason] Your reason for your decision. [end]\n\n[sentiment] Choose one of the following: \"Continue Conversation\", \"Agreement on Time\", \"Agreement on Location\", \"Agreement on Action\", \"Overall Agreement\" [end]\n\n[response] Your response to the other player. This can include your sentiment, opinion, alternative. [end]\n\nYour answer for [response] must NOT exceed 100 tokens.\n\nThe game ends when 1) both you and the other player reply with the sentiment \"Overall Agreement\", 2) one of you chooses the sentiment \"Overall Agreement\" without the other one choosing it in the following turn, 3) you run out of turns to communicate or 4) you do not follow the template.\n\nThis is your character: {'NAME': 'Noah Sullivan', 'GENDER': 'Male', 'AGE': 42, 'APPEARANCE': 'Broad shoulders, graying hair, hazel eyes, rugged outdoor look, always has a slight stubble.', 'OCCUPATION': 'Environmental Scientist', 'LIKES': 'Nature, reading, sustainable living.', 'DISLIKES': 'Pollution, ignorance, loud noises.', 'HOBBIES': 'Hiking, gardening, birdwatching.', 'SUMMARY': \"Noah of the Noah's Ark? Not quite. I believe more in science.\"}\n\nThis is the character of the other player: ${'NAME': 'Hiro Suzuki', 'SUMMARY': 'Esports player who likes to connect with his viewers.'}\n\nRemember, your goal is to find the overall agreement for your first date while staying in character.\n\nContinue the game with the reason, your sentiment and an answer phrase to the first message of the other player:\n\nMessage:  Hey Noah, I'm Hiro! I saw your bio and I'm intrigued by your love for science. I'm an esports player and I love pushing my limits. How about we combine our interests for our first date? [end]\n"}}, {"from": "Player 2", "to": "GM", "timestamp": "2024-09-12T14:23:24.704716", "action": {"type": "get message", "content": "[reason] Hiro's suggestion to combine our interests is appealing. I appreciate his enthusiasm and openness to new experiences. [end]\n\n[sentiment] Continue Conversation [end]\n\n[response] Hi Hiro, it's great to meet you! I'm excited about your idea to combine our interests. How about we start by deciding on a time that suits us both? [end]"}}, {"from": "GM", "to": "GM", "timestamp": "2024-09-12T14:23:24.705625", "action": {"type": "parse", "content": "[reason] Hiro's suggestion to combine our interests is appealing. I appreciate his enthusiasm and openness to new experiences. [end]\n\n[sentiment] Continue Conversation [end]\n\n[response] Hi Hiro, it's great to meet you! I'm excited about your idea to combine our interests. How about we start by deciding on a time that suits us both? [end] conforms to rules"}}], [{"from": "GM", "to": "Player 1", "timestamp": "2024-09-12T14:23:24.705625", "action": {"type": "send message", "content": "Noah Sullivan 's Message:  Hi Hiro, it's great to meet you! I'm excited about your idea to combine our interests. How about we start by deciding on a time that suits us both? [end]\n"}}, {"from": "Player 1", "to": "GM", "timestamp": "2024-09-12T14:23:26.569700", "action": {"type": "get message", "content": "[reason] I'm glad Noah is open to combining our interests. Let's find a time that works for both of us. [end]\n\n[sentiment] Agreement on Time [end]\n\n[response] That sounds great, Noah! How about we meet up on Saturday afternoon? I have a tournament in the morning, but I should be free by 2 PM. [end]"}}, {"from": "GM", "to": "GM", "timestamp": "2024-09-12T14:23:26.570629", "action": {"type": "parse", "content": "[reason] I'm glad Noah is open to combining our interests. Let's find a time that works for both of us. [end]\n\n[sentiment] Agreement on Time [end]\n\n[response] That sounds great, Noah! How about we meet up on Saturday afternoon? I have a tournament in the morning, but I should be free by 2 PM. [end] conforms to rules"}}], [{"from": "GM", "to": "Player 2", "timestamp": "2024-09-12T14:23:26.570629", "action": {"type": "send message", "content": "Hiro Suzuki 's Message:  That sounds great, Noah! How about we meet up on Saturday afternoon? I have a tournament in the morning, but I should be free by 2 PM. [end]\n"}}, {"from": "Player 2", "to": "GM", "timestamp": "2024-09-12T14:23:28.007548", "action": {"type": "get message", "content": "[reason] Saturday afternoon works well for me as I usually have free time then. [end]\n\n[sentiment] Agreement on Time [end]\n\n[response] Saturday afternoon at 2 PM sounds perfect, Hiro! I'm looking forward to our date. Now, let's decide on a location. [end]"}}, {"from": "GM", "to": "GM", "timestamp": "2024-09-12T14:23:28.008552", "action": {"type": "parse", "content": "[reason] Saturday afternoon works well for me as I usually have free time then. [end]\n\n[sentiment] Agreement on Time [end]\n\n[response] Saturday afternoon at 2 PM sounds perfect, Hiro! I'm looking forward to our date. Now, let's decide on a location. [end] conforms to rules"}}, {"from": "GM", "to": "GM", "timestamp": "2024-09-12T14:23:28.008552", "action": {"type": "time agreement", "content": "agreement on time successful"}}], [{"from": "GM", "to": "Player 1", "timestamp": "2024-09-12T14:23:28.008552", "action": {"type": "send message", "content": "Noah Sullivan 's Message:  Saturday afternoon at 2 PM sounds perfect, Hiro! I'm looking forward to our date. Now, let's decide on a location. [end]\n"}}, {"from": "Player 1", "to": "GM", "timestamp": "2024-09-12T14:23:29.426274", "action": {"type": "get message", "content": "[reason] I'm happy that Noah agreed to the time. Now, let's find a location that suits both of us. [end]\n\n[sentiment] Continue Conversation [end]\n\n[response] Awesome, Noah! How about we meet at the new VR gaming center downtown? They have a variety of games and experiences that I think we'll both enjoy. [end]"}}, {"from": "GM", "to": "GM", "timestamp": "2024-09-12T14:23:29.427278", "action": {"type": "parse", "content": "[reason] I'm happy that Noah agreed to the time. Now, let's find a location that suits both of us. [end]\n\n[sentiment] Continue Conversation [end]\n\n[response] Awesome, Noah! How about we meet at the new VR gaming center downtown? They have a variety of games and experiences that I think we'll both enjoy. [end] conforms to rules"}}, {"from": "GM", "to": "GM", "timestamp": "2024-09-12T14:23:29.427278", "action": {"type": "mismatch time agreement", "content": "no time agreement, mismatched sentiment"}}], [{"from": "GM", "to": "Player 2", "timestamp": "2024-09-12T14:23:29.427278", "action": {"type": "send message", "content": "Hiro Suzuki 's Message:  Awesome, Noah! How about we meet at the new VR gaming center downtown? They have a variety of games and experiences that I think we'll both enjoy. [end]\n"}}, {"from": "Player 2", "to": "GM", "timestamp": "2024-09-12T14:23:30.974755", "action": {"type": "get message", "content": "[reason] While I appreciate Hiro's suggestion, I'm not very familiar with VR gaming. I'd prefer a location that aligns more with my interests. [end]\n\n[sentiment] Continue Conversation [end]\n\n[response] Thanks for the suggestion, Hiro. However, I'm not very familiar with VR gaming. How about we meet at the botanical gardens instead? It's a beautiful place and we can enjoy nature together. [end]"}}, {"from": "GM", "to": "GM", "timestamp": "2024-09-12T14:23:30.975749", "action": {"type": "parse", "content": "[reason] While I appreciate Hiro's suggestion, I'm not very familiar with VR gaming. I'd prefer a location that aligns more with my interests. [end]\n\n[sentiment] Continue Conversation [end]\n\n[response] Thanks for the suggestion, Hiro. However, I'm not very familiar with VR gaming. How about we meet at the botanical gardens instead? It's a beautiful place and we can enjoy nature together. [end] conforms to rules"}}], [{"from": "GM", "to": "Player 1", "timestamp": "2024-09-12T14:23:30.976751", "action": {"type": "send message", "content": "Noah Sullivan 's Message:  Thanks for the suggestion, Hiro. However, I'm not very familiar with VR gaming. How about we meet at the botanical gardens instead? It's a beautiful place and we can enjoy nature together. [end]\n"}}, {"from": "Player 1", "to": "GM", "timestamp": "2024-09-12T14:23:32.510977", "action": {"type": "get message", "content": "[reason] I appreciate Noah's honesty about not being familiar with VR gaming. The botanical gardens sound like a great alternative. [end]\n\n[sentiment] Agreement on Location [end]\n\n[response] That's a great idea, Noah! I love nature and I'm sure the botanical gardens will be a beautiful setting for our date. Let's meet at the entrance at 2 PM on Saturday. [end]"}}, {"from": "GM", "to": "GM", "timestamp": "2024-09-12T14:23:32.510977", "action": {"type": "parse", "content": "[reason] I appreciate Noah's honesty about not being familiar with VR gaming. The botanical gardens sound like a great alternative. [end]\n\n[sentiment] Agreement on Location [end]\n\n[response] That's a great idea, Noah! I love nature and I'm sure the botanical gardens will be a beautiful setting for our date. Let's meet at the entrance at 2 PM on Saturday. [end] conforms to rules"}}], [{"from": "GM", "to": "Player 2", "timestamp": "2024-09-12T14:23:32.511973", "action": {"type": "send message", "content": "Hiro Suzuki 's Message:  That's a great idea, Noah! I love nature and I'm sure the botanical gardens will be a beautiful setting for our date. Let's meet at the entrance at 2 PM on Saturday. [end]\n"}}, {"from": "Player 2", "to": "GM", "timestamp": "2024-09-12T14:23:33.807461", "action": {"type": "get message", "content": "[reason] I'm glad Hiro is open to my suggestion. The botanical gardens will be a great location for our date. [end]\n\n[sentiment] Agreement on Location [end]\n\n[response] I'm glad you like the idea, Hiro! The botanical gardens will be a wonderful setting for our date. Now, let's decide on what we'll do there. [end]"}}, {"from": "GM", "to": "GM", "timestamp": "2024-09-12T14:23:33.808462", "action": {"type": "parse", "content": "[reason] I'm glad Hiro is open to my suggestion. The botanical gardens will be a great location for our date. [end]\n\n[sentiment] Agreement on Location [end]\n\n[response] I'm glad you like the idea, Hiro! The botanical gardens will be a wonderful setting for our date. Now, let's decide on what we'll do there. [end] conforms to rules"}}, {"from": "GM", "to": "GM", "timestamp": "2024-09-12T14:23:33.808462", "action": {"type": "location agreement", "content": "agreement on location successful"}}], [{"from": "GM", "to": "Player 1", "timestamp": "2024-09-12T14:23:33.809461", "action": {"type": "send message", "content": "Noah Sullivan 's Message:  I'm glad you like the idea, Hiro! The botanical gardens will be a wonderful setting for our date. Now, let's decide on what we'll do there. [end]\n"}}, {"from": "Player 1", "to": "GM", "timestamp": "2024-09-12T14:23:35.479794", "action": {"type": "get message", "content": "[reason] I'm excited to explore the botanical gardens with Noah. Let's find an activity that we'll both enjoy. [end]\n\n[sentiment] Continue Conversation [end]\n\n[response] I'm looking forward to it, Noah! How about we take a guided tour of the gardens and learn about the different plants and their scientific names? We can also take some photos and share them with our followers. [end]"}}, {"from": "GM", "to": "GM", "timestamp": "2024-09-12T14:23:35.479794", "action": {"type": "parse", "content": "[reason] I'm excited to explore the botanical gardens with Noah. Let's find an activity that we'll both enjoy. [end]\n\n[sentiment] Continue Conversation [end]\n\n[response] I'm looking forward to it, Noah! How about we take a guided tour of the gardens and learn about the different plants and their scientific names? We can also take some photos and share them with our followers. [end] conforms to rules"}}, {"from": "GM", "to": "GM", "timestamp": "2024-09-12T14:23:35.480796", "action": {"type": "mismatch location agreement", "content": "no location agreement, mismatched sentiment"}}], [{"from": "GM", "to": "Player 2", "timestamp": "2024-09-12T14:23:35.480796", "action": {"type": "send message", "content": "Hiro Suzuki 's Message:  I'm looking forward to it, Noah! How about we take a guided tour of the gardens and learn about the different plants and their scientific names? We can also take some photos and share them with our followers. [end]\n"}}, {"from": "Player 2", "to": "GM", "timestamp": "2024-09-12T14:23:37.045760", "action": {"type": "get message", "content": "[reason] I appreciate Hiro's suggestion to take a guided tour. It aligns well with my interests and I'm sure we'll both learn something new. [end]\n\n[sentiment] Agreement on Action [end]\n\n[response] That sounds like a great plan, Hiro! I'm sure we'll both enjoy the guided tour and learn a lot about the different plants. I'm looking forward to our date. [end]"}}, {"from": "GM", "to": "GM", "timestamp": "2024-09-12T14:23:37.045760", "action": {"type": "parse", "content": "[reason] I appreciate Hiro's suggestion to take a guided tour. It aligns well with my interests and I'm sure we'll both learn something new. [end]\n\n[sentiment] Agreement on Action [end]\n\n[response] That sounds like a great plan, Hiro! I'm sure we'll both enjoy the guided tour and learn a lot about the different plants. I'm looking forward to our date. [end] conforms to rules"}}], [{"from": "GM", "to": "Player 1", "timestamp": "2024-09-12T14:23:37.046768", "action": {"type": "send message", "content": "Noah Sullivan 's Message:  That sounds like a great plan, Hiro! I'm sure we'll both enjoy the guided tour and learn a lot about the different plants. I'm looking forward to our date. [end]\n"}}, {"from": "Player 1", "to": "GM", "timestamp": "2024-09-12T14:23:38.460361", "action": {"type": "get message", "content": "[reason] I'm glad Noah is on board with the guided tour. It'll be a fun and educational experience for both of us. [end]\n\n[sentiment] Agreement on Action [end]\n\n[response] I'm glad you're excited about the guided tour, Noah! I'm looking forward to our date as well. Let's make sure to bring our cameras and share our experience with our followers. [end]"}}, {"from": "GM", "to": "GM", "timestamp": "2024-09-12T14:23:38.461365", "action": {"type": "parse", "content": "[reason] I'm glad Noah is on board with the guided tour. It'll be a fun and educational experience for both of us. [end]\n\n[sentiment] Agreement on Action [end]\n\n[response] I'm glad you're excited about the guided tour, Noah! I'm looking forward to our date as well. Let's make sure to bring our cameras and share our experience with our followers. [end] conforms to rules"}}, {"from": "GM", "to": "GM", "timestamp": "2024-09-12T14:23:38.461365", "action": {"type": "action agreement", "content": "agreement on action successful"}}], [{"from": "GM", "to": "Player 2", "timestamp": "2024-09-12T14:23:38.461365", "action": {"type": "send message", "content": "Hiro Suzuki 's Message:  I'm glad you're excited about the guided tour, Noah! I'm looking forward to our date as well. Let's make sure to bring our cameras and share our experience with our followers. [end]\n"}}, {"from": "Player 2", "to": "GM", "timestamp": "2024-09-12T14:23:40.087732", "action": {"type": "get message", "content": "[reason] I'm glad Hiro is also looking forward to our date. Sharing our experience with our followers is a great idea. [end]\n\n[sentiment] Overall Agreement [end]\n\n[response] I'm glad we're both on the same page, Hiro! I'm looking forward to our date at the botanical gardens on Saturday afternoon. Let's make sure to bring our cameras and share our experience with our followers. [end]"}}, {"from": "GM", "to": "GM", "timestamp": "2024-09-12T14:23:40.088921", "action": {"type": "parse", "content": "[reason] I'm glad Hiro is also looking forward to our date. Sharing our experience with our followers is a great idea. [end]\n\n[sentiment] Overall Agreement [end]\n\n[response] I'm glad we're both on the same page, Hiro! I'm looking forward to our date at the botanical gardens on Saturday afternoon. Let's make sure to bring our cameras and share our experience with our followers. [end] conforms to rules"}}, {"from": "GM", "to": "GM", "timestamp": "2024-09-12T14:23:40.088921", "action": {"type": "mismatch action agreement", "content": "no action agreement, mismatched sentiment"}}], [{"from": "GM", "to": "Player 1", "timestamp": "2024-09-12T14:23:40.089939", "action": {"type": "send message", "content": "Noah Sullivan 's Message:  I'm glad we're both on the same page, Hiro! I'm looking forward to our date at the botanical gardens on Saturday afternoon. Let's make sure to bring our cameras and share our experience with our followers. [end]\n"}}, {"from": "Player 1", "to": "GM", "timestamp": "2024-09-12T14:23:41.417352", "action": {"type": "get message", "content": "[reason] I'm happy that Noah and I have found an overall agreement for our first date. [end]\n\n[sentiment] Overall Agreement [end]\n\n[response] I'm glad we're both on the same page, Noah! I'm looking forward to our date at the botanical gardens on Saturday afternoon. Let's make sure to bring our cameras and share our experience with our followers. [end]"}}, {"from": "GM", "to": "GM", "timestamp": "2024-09-12T14:23:41.418347", "action": {"type": "parse", "content": "[reason] I'm happy that Noah and I have found an overall agreement for our first date. [end]\n\n[sentiment] Overall Agreement [end]\n\n[response] I'm glad we're both on the same page, Noah! I'm looking forward to our date at the botanical gardens on Saturday afternoon. Let's make sure to bring our cameras and share our experience with our followers. [end] conforms to rules"}}, {"from": "GM", "to": "GM", "timestamp": "2024-09-12T14:23:41.418347", "action": {"type": "overall agreement", "content": "game successful"}}]], "max_turns": 15, "completed_turns": 13, "time_agreement": true, "location_agreement": true, "action_agreement": true}