{"players": {"GM": "Game master for datingsim", "Player 1": "openchat-3.6-8b", "Player 2": "openchat-3.6-8b"}, "turns": [[{"from": "GM", "to": "Player 1", "timestamp": "2024-09-12T18:45:04.049354", "action": {"type": "send message", "content": "You are about to play a game with another player. In this game, you and the other player are both on an dating app, looking for a partner. In this case, both you and the other player decided, that you fancy each other's profile. Your and the other player's GOAL is it, to come to an agreement on what to do on your first date. At the start of the game you will be given two character sheets. The first one is the one, that defines your personality. The second one includes the information you know of the other player based on the information in their Bio on the dating app. You will start the conversation.\nOn each further turn you can react to what the other player tells you. For this you can either continue the conversation if you have not met an agreement yet or are not happy with the proposal, or end the game by agreeing to the proposal. \n\nThere is a total of four agreements throughout the game: \"Agreement on Time\", \"Agreement on Location\", \"Agreement on Action\", \"Overall Agreement\". You and the other player need to find an agreement on each of them.\nYou should only choose \"Overall Agreement\" after you and your date manage to settle an agreement for the other three ones (Time, Location, Action). \nYou have 15 turns to finish the game and find all agreements. \n\nYour answer has to consist ONLY of the following information and follow the given template:\n\n[reason] Your reason for your decision. [end]\n\n[sentiment] Choose one of the following: \"Continue Conversation\", \"Agreement on Time\", \"Agreement on Location\", \"Agreement on Action\", \"Overall Agreement\" [end]\n\n[response] Your response to the other player. This can include your sentiment, opinion, alternative. [end]\n\nYour answer for [response] must NOT exceed 100 tokens.\n\nThe game ends when 1) both you and the other player reply with the sentiment \"Overall Agreement\", 2) one of you chooses the sentiment \"Overall Agreement\" without the other one choosing it in the following turn, 3) you run out of turns to communicate or 4) you do not follow the template.\n\nThis is your character: {'NAME': 'Marcus Bennett', 'GENDER': 'Male', 'AGE': 34, 'APPEARANCE': 'Tall and muscular, shaved head, dark skin, wears glasses, often dressed in professional attire.', 'OCCUPATION': 'Corporate Lawyer', 'LIKES': 'Fine dining, classical music, strategic games.', 'DISLIKES': 'Junk food, disorganization, lateness.', 'HOBBIES': 'Chess, cooking gourmet meals, wine tasting.', 'SUMMARY': 'I like to approach life with strategies and indulge myself in sophisticated activities.'}\n\nThis is the character of the other player: ${'NAME': 'Aiden Reyes', 'GENDER': 'Male', 'AGE': 26, 'APPEARANCE': 'Lean and fit, short black hair, green eyes, casual yet trendy clothing, tattoo sleeve on left arm.', 'OCCUPATION': 'Photographer', 'LIKES': 'Street art, animals, spontaneous trips.', 'DISLIKES': 'Routine, pessimism, junk food.', 'HOBBIES': 'Urban exploration, skateboarding, wildlife photography.', 'SUMMARY': 'I like spontanious actions that keep me and my mind active.'}\n\nRemember, your goal is to find the overall agreement for your first date while staying in character.\n\nStart the game with the reason, your sentiment and the opening phrase.\n"}}, {"from": "Player 1", "to": "GM", "timestamp": "2024-09-12T18:45:10.675582", "action": {"type": "get message", "content": "[reason] I'm glad we matched on this dating app. It seems like we have a lot in common. [end]\n\n[sentiment] Agreement on Time [end]\n\n[response] How about we meet up at 7 pm? That should give us enough time to get ready and be relaxed for our first date. [end]"}}, {"from": "GM", "to": "GM", "timestamp": "2024-09-12T18:45:10.675869", "action": {"type": "parse", "content": "[reason] I'm glad we matched on this dating app. It seems like we have a lot in common. [end]\n\n[sentiment] Agreement on Time [end]\n\n[response] How about we meet up at 7 pm? That should give us enough time to get ready and be relaxed for our first date. [end] conforms to rules"}}], [{"from": "GM", "to": "Player 2", "timestamp": "2024-09-12T18:45:10.675923", "action": {"type": "send message", "content": "You are about to play a game with another player. In this game, you and the other player are both on an dating app, looking for a partner. In this case, both you and the other player decided, that you fancy each other's profile. Your and the other player's GOAL is it, to come to an agreement on what to do on your first date. At the start of the game you will be given two character sheets. The first one is the one, that defines your personality. The second one includes the information you know of the other player based on the information in their Bio on the dating app. You will be approached by the other player.\nOn each further turn you can react to what the other player tells you. For this you can either continue the conversation if you have not met an agreement yet or are not happy with the proposal, or end the game by agreeing to the proposal. \n\nThere is a total of four agreements throughout the game: \"Agreement on Time\", \"Agreement on Location\", \"Agreement on Action\", \"Overall Agreement\". You and the other player need to find an agreement on each of them.\nYou should only choose \"Overall Agreement\" after you and your date manage to settle an agreement for the other three ones (Time, Location, Action). \nYou have 15 turns to finish the game and find all agreements. \n\nYour answer has to consist ONLY of the following information and follow the given template:\n\n[reason] Your reason for your decision. [end]\n\n[sentiment] Choose one of the following: \"Continue Conversation\", \"Agreement on Time\", \"Agreement on Location\", \"Agreement on Action\", \"Overall Agreement\" [end]\n\n[response] Your response to the other player. This can include your sentiment, opinion, alternative. [end]\n\nYour answer for [response] must NOT exceed 100 tokens.\n\nThe game ends when 1) both you and the other player reply with the sentiment \"Overall Agreement\", 2) one of you chooses the sentiment \"Overall Agreement\" without the other one choosing it in the following turn, 3) you run out of turns to communicate or 4) you do not follow the template.\n\nThis is your character: {'NAME': 'Aiden Reyes', 'GENDER': 'Male', 'AGE': 26, 'APPEARANCE': 'Lean and fit, short black hair, green eyes, casual yet trendy clothing, tattoo sleeve on left arm.', 'OCCUPATION': 'Photographer', 'LIKES': 'Street art, animals, spontaneous trips.', 'DISLIKES': 'Routine, pessimism, junk food.', 'HOBBIES': 'Urban exploration, skateboarding, wildlife photography.', 'SUMMARY': 'I like spontanious actions that keep me and my mind active.'}\n\nThis is the character of the other player: ${'NAME': 'Marcus Bennett', 'GENDER': 'Male', 'AGE': 34, 'APPEARANCE': 'Tall and muscular, shaved head, dark skin, wears glasses, often dressed in professional attire.', 'OCCUPATION': 'Corporate Lawyer', 'LIKES': 'Fine dining, classical music, strategic games.', 'DISLIKES': 'Junk food, disorganization, lateness.', 'HOBBIES': 'Chess, cooking gourmet meals, wine tasting.', 'SUMMARY': 'I like to approach life with strategies and indulge myself in sophisticated activities.'}\n\nRemember, your goal is to find the overall agreement for your first date while staying in character.\n\nContinue the game with the reason, your sentiment and an answer phrase to the first message of the other player:\n\nMessage:  How about we meet up at 7 pm? That should give us enough time to get ready and be relaxed for our first date. [end]\n"}}, {"from": "Player 2", "to": "GM", "timestamp": "2024-09-12T18:45:17.993783", "action": {"type": "get message", "content": "[reason] I'm glad you suggested a specific time. However, I prefer something more spontaneous like 6 pm. What do you think? [end]\n\n[sentiment] Agreement on Time [end]\n\n[response] That's a good point. Let's meet at 6 pm then. It'll be fun to have a more relaxed and casual date. [end]"}}, {"from": "GM", "to": "GM", "timestamp": "2024-09-12T18:45:17.993964", "action": {"type": "parse", "content": "[reason] I'm glad you suggested a specific time. However, I prefer something more spontaneous like 6 pm. What do you think? [end]\n\n[sentiment] Agreement on Time [end]\n\n[response] That's a good point. Let's meet at 6 pm then. It'll be fun to have a more relaxed and casual date. [end] conforms to rules"}}], [{"from": "GM", "to": "Player 1", "timestamp": "2024-09-12T18:45:17.994000", "action": {"type": "send message", "content": "Aiden Reyes 's Message:  That's a good point. Let's meet at 6 pm then. It'll be fun to have a more relaxed and casual date. [end]\n"}}, {"from": "Player 1", "to": "GM", "timestamp": "2024-09-12T18:45:24.586087", "action": {"type": "get message", "content": "[reason] I'm flexible with the time, so we can choose whatever suits you best. [end]\n\n[sentiment] Agreement on Time [end]\n\n[response] Sure, meeting at 6 pm sounds great! We can grab some dinner together afterwards. [end]"}}, {"from": "GM", "to": "GM", "timestamp": "2024-09-12T18:45:24.586360", "action": {"type": "parse", "content": "[reason] I'm flexible with the time, so we can choose whatever suits you best. [end]\n\n[sentiment] Agreement on Time [end]\n\n[response] Sure, meeting at 6 pm sounds great! We can grab some dinner together afterwards. [end] conforms to rules"}}, {"from": "GM", "to": "GM", "timestamp": "2024-09-12T18:45:24.586409", "action": {"type": "time agreement", "content": "agreement on time successful"}}], [{"from": "GM", "to": "Player 2", "timestamp": "2024-09-12T18:45:24.586474", "action": {"type": "send message", "content": "Marcus Bennett 's Message:  Sure, meeting at 6 pm sounds great! We can grab some dinner together afterwards. [end]\n"}}, {"from": "Player 2", "to": "GM", "timestamp": "2024-09-12T18:45:31.805008", "action": {"type": "get message", "content": "[reason] I'm glad we could agree on the time. Dinner sounds good too. What kind of food do you prefer? [end]\n\n[sentiment] Agreement on Time [end]\n\n[response] I like all kinds of food, but I'm in the mood for something Italian tonight. How about that? [end]"}}, {"from": "GM", "to": "GM", "timestamp": "2024-09-12T18:45:31.805346", "action": {"type": "parse", "content": "[reason] I'm glad we could agree on the time. Dinner sounds good too. What kind of food do you prefer? [end]\n\n[sentiment] Agreement on Time [end]\n\n[response] I like all kinds of food, but I'm in the mood for something Italian tonight. How about that? [end] conforms to rules"}}, {"from": "GM", "to": "GM", "timestamp": "2024-09-12T18:45:31.805428", "action": {"type": "already agreed", "content": "Agreement on Time was already achieved."}}], [{"from": "GM", "to": "Player 1", "timestamp": "2024-09-12T18:45:31.805517", "action": {"type": "send message", "content": "Aiden Reyes 's Message:  I like all kinds of food, but I'm in the mood for something Italian tonight. How about that? [end]\n"}}, {"from": "Player 1", "to": "GM", "timestamp": "2024-09-12T18:45:38.671726", "action": {"type": "get message", "content": "[reason] That's a good idea! I love Italian food too. [end]\n\n[sentiment] Agreement on Location [end]\n\n[response] Great choice! Let's go to that new Italian restaurant downtown. It's been getting rave reviews lately. [end]"}}, {"from": "GM", "to": "GM", "timestamp": "2024-09-12T18:45:38.671966", "action": {"type": "parse", "content": "[reason] That's a good idea! I love Italian food too. [end]\n\n[sentiment] Agreement on Location [end]\n\n[response] Great choice! Let's go to that new Italian restaurant downtown. It's been getting rave reviews lately. [end] conforms to rules"}}, {"from": "GM", "to": "GM", "timestamp": "2024-09-12T18:45:38.672023", "action": {"type": "mismatch time agreement", "content": "no time agreement, mismatched sentiment"}}], [{"from": "GM", "to": "Player 2", "timestamp": "2024-09-12T18:45:38.672074", "action": {"type": "send message", "content": "Marcus Bennett 's Message:  Great choice! Let's go to that new Italian restaurant downtown. It's been getting rave reviews lately. [end]\n"}}, {"from": "Player 2", "to": "GM", "timestamp": "2024-09-12T18:45:46.189376", "action": {"type": "get message", "content": "[reason] That sounds perfect! I've heard good things about it too. When should we meet there? [end]\n\n[sentiment] Agreement on Location [end]\n\n[response] How about 6:30 pm? That'll give us enough time to get there and find a spot. [end]"}}, {"from": "GM", "to": "GM", "timestamp": "2024-09-12T18:45:46.189664", "action": {"type": "parse", "content": "[reason] That sounds perfect! I've heard good things about it too. When should we meet there? [end]\n\n[sentiment] Agreement on Location [end]\n\n[response] How about 6:30 pm? That'll give us enough time to get there and find a spot. [end] conforms to rules"}}, {"from": "GM", "to": "GM", "timestamp": "2024-09-12T18:45:46.189743", "action": {"type": "location agreement", "content": "agreement on location successful"}}], [{"from": "GM", "to": "Player 1", "timestamp": "2024-09-12T18:45:46.189984", "action": {"type": "send message", "content": "Aiden Reyes 's Message:  How about 6:30 pm? That'll give us enough time to get there and find a spot. [end]\n"}}, {"from": "Player 1", "to": "GM", "timestamp": "2024-09-12T18:45:53.468327", "action": {"type": "get message", "content": "[reason] Sure, 6:30 pm works for me too! [end]\n\n[sentiment] Agreement on Time [end]\n\n[response] Perfect! I'll make sure to be ready at that time. Looking forward to our first date! [end]"}}, {"from": "GM", "to": "GM", "timestamp": "2024-09-12T18:45:53.469115", "action": {"type": "parse", "content": "[reason] Sure, 6:30 pm works for me too! [end]\n\n[sentiment] Agreement on Time [end]\n\n[response] Perfect! I'll make sure to be ready at that time. Looking forward to our first date! [end] conforms to rules"}}, {"from": "GM", "to": "GM", "timestamp": "2024-09-12T18:45:53.469187", "action": {"type": "mismatch location agreement", "content": "no location agreement, mismatched sentiment"}}], [{"from": "GM", "to": "Player 2", "timestamp": "2024-09-12T18:45:53.469304", "action": {"type": "send message", "content": "Marcus Bennett 's Message:  Perfect! I'll make sure to be ready at that time. Looking forward to our first date! [end]\n"}}, {"from": "Player 2", "to": "GM", "timestamp": "2024-09-12T18:46:02.094485", "action": {"type": "get message", "content": "[reason] Awesome, me too! What kind of activity would you like to do after dinner? [end]\n\n[sentiment] Agreement on Action [end]\n\n[response] I was thinking we could go for a walk in the park nearby. It's a nice place to relax and chat. What do you think? [end]"}}, {"from": "GM", "to": "GM", "timestamp": "2024-09-12T18:46:02.094753", "action": {"type": "parse", "content": "[reason] Awesome, me too! What kind of activity would you like to do after dinner? [end]\n\n[sentiment] Agreement on Action [end]\n\n[response] I was thinking we could go for a walk in the park nearby. It's a nice place to relax and chat. What do you think? [end] conforms to rules"}}, {"from": "GM", "to": "GM", "timestamp": "2024-09-12T18:46:02.094793", "action": {"type": "mismatch time agreement", "content": "no time agreement, mismatched sentiment"}}], [{"from": "GM", "to": "Player 1", "timestamp": "2024-09-12T18:46:02.094844", "action": {"type": "send message", "content": "Aiden Reyes 's Message:  I was thinking we could go for a walk in the park nearby. It's a nice place to relax and chat. What do you think? [end]\n"}}, {"from": "Player 1", "to": "GM", "timestamp": "2024-09-12T18:46:10.577847", "action": {"type": "get message", "content": "[reason] That sounds like a great idea! A walk in the park would be perfect for our first date. [end]\n\n[sentiment] Agreement on Location [end]\n\n[response] I agree, it'll be a lovely way to spend time together and get to know each other better. Let's do that! [end]"}}, {"from": "GM", "to": "GM", "timestamp": "2024-09-12T18:46:10.578372", "action": {"type": "parse", "content": "[reason] That sounds like a great idea! A walk in the park would be perfect for our first date. [end]\n\n[sentiment] Agreement on Location [end]\n\n[response] I agree, it'll be a lovely way to spend time together and get to know each other better. Let's do that! [end] conforms to rules"}}, {"from": "GM", "to": "GM", "timestamp": "2024-09-12T18:46:10.578464", "action": {"type": "mismatch action agreement", "content": "no action agreement, mismatched sentiment"}}], [{"from": "GM", "to": "Player 2", "timestamp": "2024-09-12T18:46:10.578605", "action": {"type": "send message", "content": "Marcus Bennett 's Message:  I agree, it'll be a lovely way to spend time together and get to know each other better. Let's do that! [end]\n"}}, {"from": "Player 2", "to": "GM", "timestamp": "2024-09-12T18:46:19.183616", "action": {"type": "get message", "content": "[reason] Great, I'm looking forward to our walk in the park. When should we meet there? [end]\n\n[sentiment] Agreement on Action [end]\n\n[response] How about 7:30 pm? That'll give us enough time to finish dinner and get to the park. [end]"}}, {"from": "GM", "to": "GM", "timestamp": "2024-09-12T18:46:19.183980", "action": {"type": "parse", "content": "[reason] Great, I'm looking forward to our walk in the park. When should we meet there? [end]\n\n[sentiment] Agreement on Action [end]\n\n[response] How about 7:30 pm? That'll give us enough time to finish dinner and get to the park. [end] conforms to rules"}}, {"from": "GM", "to": "GM", "timestamp": "2024-09-12T18:46:19.184082", "action": {"type": "mismatch location agreement", "content": "no location agreement, mismatched sentiment"}}], [{"from": "GM", "to": "Player 1", "timestamp": "2024-09-12T18:46:19.184248", "action": {"type": "send message", "content": "Aiden Reyes 's Message:  How about 7:30 pm? That'll give us enough time to finish dinner and get to the park. [end]\n"}}, {"from": "Player 1", "to": "GM", "timestamp": "2024-09-12T18:46:28.227184", "action": {"type": "get message", "content": "[reason] I'm fine with 7:30 pm, it gives us plenty of time to enjoy our meal together. [end]\n\n[sentiment] Agreement on Time [end]\n\n[response] Sounds good! I'll make sure to be ready at that time. Can't wait for our first date! [end]"}}, {"from": "GM", "to": "GM", "timestamp": "2024-09-12T18:46:28.227444", "action": {"type": "parse", "content": "[reason] I'm fine with 7:30 pm, it gives us plenty of time to enjoy our meal together. [end]\n\n[sentiment] Agreement on Time [end]\n\n[response] Sounds good! I'll make sure to be ready at that time. Can't wait for our first date! [end] conforms to rules"}}, {"from": "GM", "to": "GM", "timestamp": "2024-09-12T18:46:28.227513", "action": {"type": "mismatch action agreement", "content": "no action agreement, mismatched sentiment"}}], [{"from": "GM", "to": "Player 2", "timestamp": "2024-09-12T18:46:28.227650", "action": {"type": "send message", "content": "Marcus Bennett 's Message:  Sounds good! I'll make sure to be ready at that time. Can't wait for our first date! [end]\n"}}, {"from": "Player 2", "to": "GM", "timestamp": "2024-09-12T18:46:36.992671", "action": {"type": "get message", "content": "[reason] Me too, it's going to be a fun and memorable experience. See you there! [end]\n\n[sentiment] Overall Agreement [end]\n\n[response] See you at 7:30 pm in the park! Have a great time until then. [end]"}}, {"from": "GM", "to": "GM", "timestamp": "2024-09-12T18:46:36.992973", "action": {"type": "parse", "content": "[reason] Me too, it's going to be a fun and memorable experience. See you there! [end]\n\n[sentiment] Overall Agreement [end]\n\n[response] See you at 7:30 pm in the park! Have a great time until then. [end] conforms to rules"}}, {"from": "GM", "to": "GM", "timestamp": "2024-09-12T18:46:36.993095", "action": {"type": "mismatch time agreement", "content": "no time agreement, mismatched sentiment"}}], [{"from": "GM", "to": "Player 1", "timestamp": "2024-09-12T18:46:36.993162", "action": {"type": "send message", "content": "Aiden Reyes 's Message:  See you at 7:30 pm in the park! Have a great time until then. [end]\n"}}, {"from": "Player 1", "to": "GM", "timestamp": "2024-09-12T18:46:46.527586", "action": {"type": "get message", "content": "[reason] Thanks, Aiden! I'm looking forward to seeing you and having a great time together. [end]\n\n[sentiment] Overall Agreement [end]\n\n[response] Agreed! See you at 7:30 pm in the park. It's going to be an amazing first date! [end]"}}, {"from": "GM", "to": "GM", "timestamp": "2024-09-12T18:46:46.527969", "action": {"type": "parse", "content": "[reason] Thanks, Aiden! I'm looking forward to seeing you and having a great time together. [end]\n\n[sentiment] Overall Agreement [end]\n\n[response] Agreed! See you at 7:30 pm in the park. It's going to be an amazing first date! [end] conforms to rules"}}, {"from": "GM", "to": "GM", "timestamp": "2024-09-12T18:46:46.528032", "action": {"type": "overall agreement", "content": "game successful"}}]], "max_turns": 15, "completed_turns": 13, "time_agreement": true, "location_agreement": true, "action_agreement": false}