{"players": {"GM": "Game master for datingsim", "Player 1": "Mixtral-8x22B-Instruct-v0.1", "Player 2": "Mixtral-8x22B-Instruct-v0.1"}, "turns": [[{"from": "GM", "to": "Player 1", "timestamp": "2024-09-12T14:55:46.234688", "action": {"type": "send message", "content": "You are about to play a game with another player. In this game, you and the other player are both on an dating app, looking for a partner. In this case, both you and the other player decided, that you fancy each other's profile. Your and the other player's GOAL is it, to come to an agreement on what to do on your first date. At the start of the game you will be given two character sheets. The first one is the one, that defines your personality. The second one includes the information you know of the other player based on the information in their Bio on the dating app. You will start the conversation.\nOn each further turn you can react to what the other player tells you. For this you can either continue the conversation if you have not met an agreement yet or are not happy with the proposal, or end the game by agreeing to the proposal. \n\nThere is a total of four agreements throughout the game: \"Agreement on Time\", \"Agreement on Location\", \"Agreement on Action\", \"Overall Agreement\". You and the other player need to find an agreement on each of them.\nYou should only choose \"Overall Agreement\" after you and your date manage to settle an agreement for the other three ones (Time, Location, Action). \nYou have 15 turns to finish the game and find all agreements. \n\nYour answer has to consist ONLY of the following information and follow the given template:\n\n[reason] Your reason for your decision. [end]\n\n[sentiment] Choose one of the following: \"Continue Conversation\", \"Agreement on Time\", \"Agreement on Location\", \"Agreement on Action\", \"Overall Agreement\" [end]\n\n[response] Your response to the other player. This can include your sentiment, opinion, alternative. [end]\n\nYour answer for [response] must NOT exceed 100 tokens.\n\nThe game ends when 1) both you and the other player reply with the sentiment \"Overall Agreement\", 2) one of you chooses the sentiment \"Overall Agreement\" without the other one choosing it in the following turn, 3) you run out of turns to communicate or 4) you do not follow the template.\n\nThis is your character: {'NAME': 'Olivia Thompson', 'GENDER': 'Female', 'AGE': 35, 'APPEARANCE': 'Athletic build, blonde hair in a ponytail, blue eyes, casual and sporty attire, energetic presence.', 'OCCUPATION': 'Fitness Instructor', 'LIKES': 'Outdoor activities, healthy eating, comedy shows.', 'DISLIKES': 'Laziness, fast food, dishonesty.', 'HOBBIES': 'Running, cycling, hiking.', 'SUMMARY': \"I'm an energetic fitness instructor who loves to stay on her feet and enjoys good jokes.\"}\n\nThis is the character of the other player: ${'NAME': 'Sakura Nakamura', 'SUMMARY': \"Hi, I'm Sakura, a tea ceremony master who cherishes tranquility, mindfulness, and the beauty of tradition.\"}\n\nRemember, your goal is to find the overall agreement for your first date while staying in character.\n\nStart the game with the reason, your sentiment and the opening phrase.\n"}}, {"from": "Player 1", "to": "GM", "timestamp": "2024-09-12T14:55:47.693202", "action": {"type": "get message", "content": "[reason] I'm looking to find common ground for our first date, considering both our interests and preferences. [end]\n\n[sentiment] Continue Conversation [end]\n\n[response] Hi Sakura, it's great to connect with you! I'm Olivia, a fitness instructor who loves outdoor activities and a good laugh. Given our different interests, I'm excited to find a date idea that suits both of us. How about we start by discussing a time that works best for us? [end]"}}, {"from": "GM", "to": "GM", "timestamp": "2024-09-12T14:55:47.694113", "action": {"type": "parse", "content": "[reason] I'm looking to find common ground for our first date, considering both our interests and preferences. [end]\n\n[sentiment] Continue Conversation [end]\n\n[response] Hi Sakura, it's great to connect with you! I'm Olivia, a fitness instructor who loves outdoor activities and a good laugh. Given our different interests, I'm excited to find a date idea that suits both of us. How about we start by discussing a time that works best for us? [end] conforms to rules"}}], [{"from": "GM", "to": "Player 2", "timestamp": "2024-09-12T14:55:47.694113", "action": {"type": "send message", "content": "You are about to play a game with another player. In this game, you and the other player are both on an dating app, looking for a partner. In this case, both you and the other player decided, that you fancy each other's profile. Your and the other player's GOAL is it, to come to an agreement on what to do on your first date. At the start of the game you will be given two character sheets. The first one is the one, that defines your personality. The second one includes the information you know of the other player based on the information in their Bio on the dating app. You will be approached by the other player.\nOn each further turn you can react to what the other player tells you. For this you can either continue the conversation if you have not met an agreement yet or are not happy with the proposal, or end the game by agreeing to the proposal. \n\nThere is a total of four agreements throughout the game: \"Agreement on Time\", \"Agreement on Location\", \"Agreement on Action\", \"Overall Agreement\". You and the other player need to find an agreement on each of them.\nYou should only choose \"Overall Agreement\" after you and your date manage to settle an agreement for the other three ones (Time, Location, Action). \nYou have 15 turns to finish the game and find all agreements. \n\nYour answer has to consist ONLY of the following information and follow the given template:\n\n[reason] Your reason for your decision. [end]\n\n[sentiment] Choose one of the following: \"Continue Conversation\", \"Agreement on Time\", \"Agreement on Location\", \"Agreement on Action\", \"Overall Agreement\" [end]\n\n[response] Your response to the other player. This can include your sentiment, opinion, alternative. [end]\n\nYour answer for [response] must NOT exceed 100 tokens.\n\nThe game ends when 1) both you and the other player reply with the sentiment \"Overall Agreement\", 2) one of you chooses the sentiment \"Overall Agreement\" without the other one choosing it in the following turn, 3) you run out of turns to communicate or 4) you do not follow the template.\n\nThis is your character: {'NAME': 'Sakura Nakamura', 'GENDER': 'Female', 'AGE': 32, 'APPEARANCE': 'Calm and gentle demeanor, kind eyes, long silky black hair, wears flowy dresses with traditional Japanese touches.', 'OCCUPATION': 'Tea Ceremony Master', 'LIKES': 'Maintaining traditions, fostering inner peace, creating a beautiful and harmonious atmosphere.', 'DISLIKES': 'Disharmony, disrespect, rushing through life.', 'HOBBIES': 'Calligraphy, flower arranging (Ikebana), practicing mindfulness meditation.', 'SUMMARY': \"Hi, I'm Sakura, a tea ceremony master who cherishes tranquility, mindfulness, and the beauty of tradition.\"}\n\nThis is the character of the other player: ${'NAME': 'Olivia Thompson', 'SUMMARY': \"I'm an energetic fitness instructor who loves to stay on her feet and enjoys good jokes.\"}\n\nRemember, your goal is to find the overall agreement for your first date while staying in character.\n\nContinue the game with the reason, your sentiment and an answer phrase to the first message of the other player:\n\nMessage:  Hi Sakura, it's great to connect with you! I'm Olivia, a fitness instructor who loves outdoor activities and a good laugh. Given our different interests, I'm excited to find a date idea that suits both of us. How about we start by discussing a time that works best for us? [end]\n"}}, {"from": "Player 2", "to": "GM", "timestamp": "2024-09-12T14:55:49.371664", "action": {"type": "get message", "content": "[reason] Olivia's enthusiasm and openness to finding a date idea that suits both of us is appreciated. I believe starting with a discussion on the time is a great idea. [end]\n\n[sentiment] Continue Conversation [end]\n\n[response] Hello Olivia, it's a pleasure to meet you! I appreciate your enthusiasm and willingness to find a date idea that suits both our interests. Let's indeed start by discussing a time that works best for us. How about a late afternoon, around 4 PM? I find that time to be peaceful and harmonious. [end]"}}, {"from": "GM", "to": "GM", "timestamp": "2024-09-12T14:55:49.372677", "action": {"type": "parse", "content": "[reason] Olivia's enthusiasm and openness to finding a date idea that suits both of us is appreciated. I believe starting with a discussion on the time is a great idea. [end]\n\n[sentiment] Continue Conversation [end]\n\n[response] Hello Olivia, it's a pleasure to meet you! I appreciate your enthusiasm and willingness to find a date idea that suits both our interests. Let's indeed start by discussing a time that works best for us. How about a late afternoon, around 4 PM? I find that time to be peaceful and harmonious. [end] conforms to rules"}}], [{"from": "GM", "to": "Player 1", "timestamp": "2024-09-12T14:55:49.372677", "action": {"type": "send message", "content": "Sakura Nakamura 's Message:  Hello Olivia, it's a pleasure to meet you! I appreciate your enthusiasm and willingness to find a date idea that suits both our interests. Let's indeed start by discussing a time that works best for us. How about a late afternoon, around 4 PM? I find that time to be peaceful and harmonious. [end]\n"}}, {"from": "Player 1", "to": "GM", "timestamp": "2024-09-12T14:55:50.707693", "action": {"type": "get message", "content": "[reason] I appreciate Sakura's suggestion for a late afternoon date, which seems to align with her preference for tranquility. [end]\n\n[sentiment] Agreement on Time [end]\n\n[response] I think a late afternoon date sounds wonderful, Sakura. Let's agree on 4 PM. Now, let's discuss a location that could cater to both our interests. [end]"}}, {"from": "GM", "to": "GM", "timestamp": "2024-09-12T14:55:50.708691", "action": {"type": "parse", "content": "[reason] I appreciate Sakura's suggestion for a late afternoon date, which seems to align with her preference for tranquility. [end]\n\n[sentiment] Agreement on Time [end]\n\n[response] I think a late afternoon date sounds wonderful, Sakura. Let's agree on 4 PM. Now, let's discuss a location that could cater to both our interests. [end] conforms to rules"}}], [{"from": "GM", "to": "Player 2", "timestamp": "2024-09-12T14:55:50.708691", "action": {"type": "send message", "content": "Olivia Thompson 's Message:  I think a late afternoon date sounds wonderful, Sakura. Let's agree on 4 PM. Now, let's discuss a location that could cater to both our interests. [end]\n"}}, {"from": "Player 2", "to": "GM", "timestamp": "2024-09-12T14:55:52.347518", "action": {"type": "get message", "content": "[reason] I'm glad Olivia agrees to the suggested time. Now, we need to find a location that can cater to both our interests. [end]\n\n[sentiment] Continue Conversation [end]\n\n[response] I'm glad you agree to the suggested time, Olivia. As for the location, I propose a beautiful Japanese garden nearby. It's a serene place where we can enjoy the beauty of nature and engage in a mindful conversation. [end]"}}, {"from": "GM", "to": "GM", "timestamp": "2024-09-12T14:55:52.347518", "action": {"type": "parse", "content": "[reason] I'm glad Olivia agrees to the suggested time. Now, we need to find a location that can cater to both our interests. [end]\n\n[sentiment] Continue Conversation [end]\n\n[response] I'm glad you agree to the suggested time, Olivia. As for the location, I propose a beautiful Japanese garden nearby. It's a serene place where we can enjoy the beauty of nature and engage in a mindful conversation. [end] conforms to rules"}}, {"from": "GM", "to": "GM", "timestamp": "2024-09-12T14:55:52.347518", "action": {"type": "mismatch time agreement", "content": "no time agreement, mismatched sentiment"}}], [{"from": "GM", "to": "Player 1", "timestamp": "2024-09-12T14:55:52.348434", "action": {"type": "send message", "content": "Sakura Nakamura 's Message:  I'm glad you agree to the suggested time, Olivia. As for the location, I propose a beautiful Japanese garden nearby. It's a serene place where we can enjoy the beauty of nature and engage in a mindful conversation. [end]\n"}}, {"from": "Player 1", "to": "GM", "timestamp": "2024-09-12T14:55:53.804715", "action": {"type": "get message", "content": "[reason] Sakura's suggestion of a Japanese garden seems to be a peaceful and beautiful location that could cater to both our interests. [end]\n\n[sentiment] Agreement on Location [end]\n\n[response] A Japanese garden sounds like a lovely and tranquil location for our date, Sakura. I'm looking forward to enjoying the beauty of nature and engaging in a mindful conversation with you. Now, let's discuss an activity that we can do together. [end]"}}, {"from": "GM", "to": "GM", "timestamp": "2024-09-12T14:55:53.804715", "action": {"type": "parse", "content": "[reason] Sakura's suggestion of a Japanese garden seems to be a peaceful and beautiful location that could cater to both our interests. [end]\n\n[sentiment] Agreement on Location [end]\n\n[response] A Japanese garden sounds like a lovely and tranquil location for our date, Sakura. I'm looking forward to enjoying the beauty of nature and engaging in a mindful conversation with you. Now, let's discuss an activity that we can do together. [end] conforms to rules"}}], [{"from": "GM", "to": "Player 2", "timestamp": "2024-09-12T14:55:53.804715", "action": {"type": "send message", "content": "Olivia Thompson 's Message:  A Japanese garden sounds like a lovely and tranquil location for our date, Sakura. I'm looking forward to enjoying the beauty of nature and engaging in a mindful conversation with you. Now, let's discuss an activity that we can do together. [end]\n"}}, {"from": "Player 2", "to": "GM", "timestamp": "2024-09-12T14:55:55.300090", "action": {"type": "get message", "content": "[reason] I'm pleased that Olivia appreciates the suggested location. Now, we need to find an activity that we can both enjoy. [end]\n\n[sentiment] Continue Conversation [end]\n\n[response] I'm glad you like the suggested location, Olivia. As for the activity, I propose a mindful walk around the garden, followed by a traditional tea ceremony. This way, we can both enjoy the beauty of nature and experience a calming tradition. [end]"}}, {"from": "GM", "to": "GM", "timestamp": "2024-09-12T14:55:55.301089", "action": {"type": "parse", "content": "[reason] I'm pleased that Olivia appreciates the suggested location. Now, we need to find an activity that we can both enjoy. [end]\n\n[sentiment] Continue Conversation [end]\n\n[response] I'm glad you like the suggested location, Olivia. As for the activity, I propose a mindful walk around the garden, followed by a traditional tea ceremony. This way, we can both enjoy the beauty of nature and experience a calming tradition. [end] conforms to rules"}}, {"from": "GM", "to": "GM", "timestamp": "2024-09-12T14:55:55.301089", "action": {"type": "mismatch location agreement", "content": "no location agreement, mismatched sentiment"}}], [{"from": "GM", "to": "Player 1", "timestamp": "2024-09-12T14:55:55.301089", "action": {"type": "send message", "content": "Sakura Nakamura 's Message:  I'm glad you like the suggested location, Olivia. As for the activity, I propose a mindful walk around the garden, followed by a traditional tea ceremony. This way, we can both enjoy the beauty of nature and experience a calming tradition. [end]\n"}}, {"from": "Player 1", "to": "GM", "timestamp": "2024-09-12T14:55:56.714809", "action": {"type": "get message", "content": "[reason] Sakura's suggestion of a mindful walk and a traditional tea ceremony seems to be a thoughtful and engaging activity that could cater to both our interests. [end]\n\n[sentiment] Agreement on Action [end]\n\n[response] A mindful walk around the garden and a traditional tea ceremony sound like a perfect combination of activities for our date, Sakura. I'm excited to experience the calming tradition with you. [end]"}}, {"from": "GM", "to": "GM", "timestamp": "2024-09-12T14:55:56.714809", "action": {"type": "parse", "content": "[reason] Sakura's suggestion of a mindful walk and a traditional tea ceremony seems to be a thoughtful and engaging activity that could cater to both our interests. [end]\n\n[sentiment] Agreement on Action [end]\n\n[response] A mindful walk around the garden and a traditional tea ceremony sound like a perfect combination of activities for our date, Sakura. I'm excited to experience the calming tradition with you. [end] conforms to rules"}}], [{"from": "GM", "to": "Player 2", "timestamp": "2024-09-12T14:55:56.714809", "action": {"type": "send message", "content": "Olivia Thompson 's Message:  A mindful walk around the garden and a traditional tea ceremony sound like a perfect combination of activities for our date, Sakura. I'm excited to experience the calming tradition with you. [end]\n"}}, {"from": "Player 2", "to": "GM", "timestamp": "2024-09-12T14:55:58.314181", "action": {"type": "get message", "content": "[reason] I'm delighted that Olivia is excited about the proposed activities. Now, we need to confirm our overall agreement for the first date. [end]\n\n[sentiment] Overall Agreement [end]\n\n[response] I'm thrilled that you're excited about the proposed activities, Olivia. It seems we have found an overall agreement for our first date. Let's meet at the Japanese garden at 4 PM for a mindful walk and a traditional tea ceremony. I'm looking forward to it. [end]"}}, {"from": "GM", "to": "GM", "timestamp": "2024-09-12T14:55:58.315195", "action": {"type": "parse", "content": "[reason] I'm delighted that Olivia is excited about the proposed activities. Now, we need to confirm our overall agreement for the first date. [end]\n\n[sentiment] Overall Agreement [end]\n\n[response] I'm thrilled that you're excited about the proposed activities, Olivia. It seems we have found an overall agreement for our first date. Let's meet at the Japanese garden at 4 PM for a mindful walk and a traditional tea ceremony. I'm looking forward to it. [end] conforms to rules"}}, {"from": "GM", "to": "GM", "timestamp": "2024-09-12T14:55:58.315195", "action": {"type": "mismatch action agreement", "content": "no action agreement, mismatched sentiment"}}], [{"from": "GM", "to": "Player 1", "timestamp": "2024-09-12T14:55:58.315195", "action": {"type": "send message", "content": "Sakura Nakamura 's Message:  I'm thrilled that you're excited about the proposed activities, Olivia. It seems we have found an overall agreement for our first date. Let's meet at the Japanese garden at 4 PM for a mindful walk and a traditional tea ceremony. I'm looking forward to it. [end]\n"}}, {"from": "Player 1", "to": "GM", "timestamp": "2024-09-12T14:56:00.033770", "action": {"type": "get message", "content": "[reason] Sakura and I have found an overall agreement for our first date, which includes a late afternoon meeting at a Japanese garden for a mindful walk and a traditional tea ceremony. [end]\n\n[sentiment] Overall Agreement [end]\n\n[response] I'm delighted that we have found an overall agreement for our first date, Sakura. I'm looking forward to meeting you at the Japanese garden at 4 PM for a mindful walk and a traditional tea ceremony. See you then! [end]"}}, {"from": "GM", "to": "GM", "timestamp": "2024-09-12T14:56:00.034769", "action": {"type": "parse", "content": "[reason] Sakura and I have found an overall agreement for our first date, which includes a late afternoon meeting at a Japanese garden for a mindful walk and a traditional tea ceremony. [end]\n\n[sentiment] Overall Agreement [end]\n\n[response] I'm delighted that we have found an overall agreement for our first date, Sakura. I'm looking forward to meeting you at the Japanese garden at 4 PM for a mindful walk and a traditional tea ceremony. See you then! [end] conforms to rules"}}, {"from": "GM", "to": "GM", "timestamp": "2024-09-12T14:56:00.034769", "action": {"type": "overall agreement", "content": "game successful"}}]], "max_turns": 15, "completed_turns": 9, "time_agreement": false, "location_agreement": false, "action_agreement": false}