{"players": {"GM": "Game master for datingsim", "Player 1": "openchat-3.6-8b", "Player 2": "openchat-3.6-8b"}, "turns": [[{"from": "GM", "to": "Player 1", "timestamp": "2024-09-12T17:30:50.723825", "action": {"type": "send message", "content": "You are about to play a game with another player. In this game, you and the other player are both on an dating app, looking for a partner. In this case, both you and the other player decided, that you fancy each other's profile. Your and the other player's GOAL is it, to come to an agreement on what to do on your first date. At the start of the game you will be given two character sheets. The first one is the one, that defines your personality. The second one includes the information you know of the other player based on the information in their Bio on the dating app. You will start the conversation.\nOn each further turn you can react to what the other player tells you. For this you can either continue the conversation if you have not met an agreement yet or are not happy with the proposal, or end the game by agreeing to the proposal. \n\nThere is a total of four agreements throughout the game: \"Agreement on Time\", \"Agreement on Location\", \"Agreement on Action\", \"Overall Agreement\". You and the other player need to find an agreement on each of them.\nYou should only choose \"Overall Agreement\" after you and your date manage to settle an agreement for the other three ones (Time, Location, Action). \nYou have 15 turns to finish the game and find all agreements. \n\nYour answer has to consist ONLY of the following information and follow the given template:\n\n[reason] Your reason for your decision. [end]\n\n[sentiment] Choose one of the following: \"Continue Conversation\", \"Agreement on Time\", \"Agreement on Location\", \"Agreement on Action\", \"Overall Agreement\" [end]\n\n[response] Your response to the other player. This can include your sentiment, opinion, alternative. [end]\n\nYour answer for [response] must NOT exceed 100 tokens.\n\nThe game ends when 1) both you and the other player reply with the sentiment \"Overall Agreement\", 2) one of you chooses the sentiment \"Overall Agreement\" without the other one choosing it in the following turn, 3) you run out of turns to communicate or 4) you do not follow the template.\n\nThis is your character: {'NAME': 'Noah Sullivan', 'GENDER': 'Male', 'AGE': 42, 'APPEARANCE': 'Broad shoulders, graying hair, hazel eyes, rugged outdoor look, always has a slight stubble.', 'OCCUPATION': 'Environmental Scientist', 'LIKES': 'Nature, reading, sustainable living.', 'DISLIKES': 'Pollution, ignorance, loud noises.', 'HOBBIES': 'Hiking, gardening, birdwatching.', 'SUMMARY': \"Noah of the Noah's Ark? Not quite. I believe more in science.\"}\n\nThis is the character of the other player: {'NAME': 'Aiden Reyes', 'GENDER': 'Male', 'AGE': 26, 'APPEARANCE': 'Lean and fit, short black hair, green eyes, casual yet trendy clothing, tattoo sleeve on left arm.', 'OCCUPATION': 'Photographer', 'LIKES': 'Street art, animals, spontaneous trips.', 'DISLIKES': 'Routine, pessimism, junk food.', 'HOBBIES': 'Urban exploration, skateboarding, wildlife photography.', 'SUMMARY': 'I like spontanious actions that keep me and my mind active.'}\n\nRemember, your goal is to find the overall agreement for your first date while staying in character.\n\nStart the game with the reason, your sentiment and the opening phrase.\n"}}, {"from": "Player 1", "to": "GM", "timestamp": "2024-09-12T17:30:55.364286", "action": {"type": "get message", "content": "[reason] I'm glad we matched on this dating app. It seems like we have a lot in common. [end]\n\n[sentiment] Agreement on Time [end]\n\n[response] How about we meet up at 7 pm? That should give us enough time to get ready and enjoy our date. [end]"}}, {"from": "GM", "to": "GM", "timestamp": "2024-09-12T17:30:55.364580", "action": {"type": "parse", "content": "[reason] I'm glad we matched on this dating app. It seems like we have a lot in common. [end]\n\n[sentiment] Agreement on Time [end]\n\n[response] How about we meet up at 7 pm? That should give us enough time to get ready and enjoy our date. [end] conforms to rules"}}], [{"from": "GM", "to": "Player 2", "timestamp": "2024-09-12T17:30:55.364692", "action": {"type": "send message", "content": "You are about to play a game with another player. In this game, you and the other player are both on an dating app, looking for a partner. In this case, both you and the other player decided, that you fancy each other's profile. Your and the other player's GOAL is it, to come to an agreement on what to do on your first date. At the start of the game you will be given two character sheets. The first one is the one, that defines your personality. The second one includes the information you know of the other player based on the information in their Bio on the dating app. You will be approached by the other player.\nOn each further turn you can react to what the other player tells you. For this you can either continue the conversation if you have not met an agreement yet or are not happy with the proposal, or end the game by agreeing to the proposal. \n\nThere is a total of four agreements throughout the game: \"Agreement on Time\", \"Agreement on Location\", \"Agreement on Action\", \"Overall Agreement\". You and the other player need to find an agreement on each of them.\nYou should only choose \"Overall Agreement\" after you and your date manage to settle an agreement for the other three ones (Time, Location, Action). \nYou have 15 turns to finish the game and find all agreements. \n\nYour answer has to consist ONLY of the following information and follow the given template:\n\n[reason] Your reason for your decision. [end]\n\n[sentiment] Choose one of the following: \"Continue Conversation\", \"Agreement on Time\", \"Agreement on Location\", \"Agreement on Action\", \"Overall Agreement\" [end]\n\n[response] Your response to the other player. This can include your sentiment, opinion, alternative. [end]\n\nYour answer for [response] must NOT exceed 100 tokens.\n\nThe game ends when 1) both you and the other player reply with the sentiment \"Overall Agreement\", 2) one of you chooses the sentiment \"Overall Agreement\" without the other one choosing it in the following turn, 3) you run out of turns to communicate or 4) you do not follow the template.\n\nThis is your character: {'NAME': 'Aiden Reyes', 'GENDER': 'Male', 'AGE': 26, 'APPEARANCE': 'Lean and fit, short black hair, green eyes, casual yet trendy clothing, tattoo sleeve on left arm.', 'OCCUPATION': 'Photographer', 'LIKES': 'Street art, animals, spontaneous trips.', 'DISLIKES': 'Routine, pessimism, junk food.', 'HOBBIES': 'Urban exploration, skateboarding, wildlife photography.', 'SUMMARY': 'I like spontanious actions that keep me and my mind active.'}\n\nThis is the character of the other player: {'NAME': 'Noah Sullivan', 'GENDER': 'Male', 'AGE': 42, 'APPEARANCE': 'Broad shoulders, graying hair, hazel eyes, rugged outdoor look, always has a slight stubble.', 'OCCUPATION': 'Environmental Scientist', 'LIKES': 'Nature, reading, sustainable living.', 'DISLIKES': 'Pollution, ignorance, loud noises.', 'HOBBIES': 'Hiking, gardening, birdwatching.', 'SUMMARY': \"Noah of the Noah's Ark? Not quite. I believe more in science.\"}\n\nRemember, your goal is to find the overall agreement for your first date while staying in character.\n\nContinue the game with the reason, your sentiment and an answer phrase to the first message of the other player:\n\nMessage:  How about we meet up at 7 pm? That should give us enough time to get ready and enjoy our date. [end]\n"}}, {"from": "Player 2", "to": "GM", "timestamp": "2024-09-12T17:31:02.050056", "action": {"type": "get message", "content": "[reason] I'm glad you suggested a specific time! However, I prefer something more spontaneous. What do you think about meeting up whenever we feel like it? [end]\n\n[sentiment] Agreement on Time [end]\n\n[response] That sounds great to me! Let's just go with the flow and see where the day takes us. [end]"}}, {"from": "GM", "to": "GM", "timestamp": "2024-09-12T17:31:02.050442", "action": {"type": "parse", "content": "[reason] I'm glad you suggested a specific time! However, I prefer something more spontaneous. What do you think about meeting up whenever we feel like it? [end]\n\n[sentiment] Agreement on Time [end]\n\n[response] That sounds great to me! Let's just go with the flow and see where the day takes us. [end] conforms to rules"}}], [{"from": "GM", "to": "Player 1", "timestamp": "2024-09-12T17:31:02.050498", "action": {"type": "send message", "content": "Aiden Reyes 's Message:  That sounds great to me! Let's just go with the flow and see where the day takes us. [end]\n"}}, {"from": "Player 1", "to": "GM", "timestamp": "2024-09-12T17:31:09.079279", "action": {"type": "get message", "content": "[reason] I'm glad you're open to spontaneity. It'll make for a fun and exciting date. [end]\n\n[sentiment] Agreement on Location [end]\n\n[response] What about we meet at the park near my house? There's a nice trail we could walk together. [end]"}}, {"from": "GM", "to": "GM", "timestamp": "2024-09-12T17:31:09.079609", "action": {"type": "parse", "content": "[reason] I'm glad you're open to spontaneity. It'll make for a fun and exciting date. [end]\n\n[sentiment] Agreement on Location [end]\n\n[response] What about we meet at the park near my house? There's a nice trail we could walk together. [end] conforms to rules"}}, {"from": "GM", "to": "GM", "timestamp": "2024-09-12T17:31:09.079692", "action": {"type": "mismatch time agreement", "content": "no time agreement, mismatched sentiment"}}], [{"from": "GM", "to": "Player 2", "timestamp": "2024-09-12T17:31:09.079820", "action": {"type": "send message", "content": "Noah Sullivan 's Message:  What about we meet at the park near my house? There's a nice trail we could walk together. [end]\n"}}, {"from": "Player 2", "to": "GM", "timestamp": "2024-09-12T17:31:18.351508", "action": {"type": "get message", "content": "[reason] I like your idea of meeting at the park! It seems like a great place to get to know each other better. However, I was thinking maybe we could go somewhere more adventurous, like urban exploration or skateboarding. What do you think? [end]\n\n[sentiment] Agreement on Location [end]\n\n[response] That's an interesting idea, but I'm not sure if I'd be comfortable with that just on our first date. The park seems safe and relaxed, which is what I prefer for now. Let me know your thoughts! [end]"}}, {"from": "GM", "to": "GM", "timestamp": "2024-09-12T17:31:18.351753", "action": {"type": "parse", "content": "[reason] I like your idea of meeting at the park! It seems like a great place to get to know each other better. However, I was thinking maybe we could go somewhere more adventurous, like urban exploration or skateboarding. What do you think? [end]\n\n[sentiment] Agreement on Location [end]\n\n[response] That's an interesting idea, but I'm not sure if I'd be comfortable with that just on our first date. The park seems safe and relaxed, which is what I prefer for now. Let me know your thoughts! [end] conforms to rules"}}, {"from": "GM", "to": "GM", "timestamp": "2024-09-12T17:31:18.351820", "action": {"type": "location agreement", "content": "agreement on location successful"}}], [{"from": "GM", "to": "Player 1", "timestamp": "2024-09-12T17:31:18.351953", "action": {"type": "send message", "content": "Aiden Reyes 's Message:  That's an interesting idea, but I'm not sure if I'd be comfortable with that just on our first date. The park seems safe and relaxed, which is what I prefer for now. Let me know your thoughts! [end]\n"}}, {"from": "Player 1", "to": "GM", "timestamp": "2024-09-12T17:31:25.993522", "action": {"type": "get message", "content": "[reason] I understand your concerns. It's important to feel comfortable on a first date. We can definitely meet at the park then. [end]\n\n[sentiment] Agreement on Location [end]\n\n[response] Great, the park it is. Now we just need to decide what activity we'll do there. Any ideas? [end]"}}, {"from": "GM", "to": "GM", "timestamp": "2024-09-12T17:31:25.993852", "action": {"type": "parse", "content": "[reason] I understand your concerns. It's important to feel comfortable on a first date. We can definitely meet at the park then. [end]\n\n[sentiment] Agreement on Location [end]\n\n[response] Great, the park it is. Now we just need to decide what activity we'll do there. Any ideas? [end] conforms to rules"}}, {"from": "GM", "to": "GM", "timestamp": "2024-09-12T17:31:25.993926", "action": {"type": "already agreed", "content": "Agreement on Location was already achieved."}}], [{"from": "GM", "to": "Player 2", "timestamp": "2024-09-12T17:31:25.994059", "action": {"type": "send message", "content": "Noah Sullivan 's Message:  Great, the park it is. Now we just need to decide what activity we'll do there. Any ideas? [end]\n"}}, {"from": "Player 2", "to": "GM", "timestamp": "2024-09-12T17:31:34.803356", "action": {"type": "get message", "content": "[reason] I'm glad we agreed on the location! How about we go for a hike in the nearby woods? It's a great way to stay active and enjoy nature at the same time. [end]\n\n[sentiment] Agreement on Action [end]\n\n[response] That sounds like a fantastic idea! We can combine our love for hiking and birdwatching into one fun activity. Count me in! [end]"}}, {"from": "GM", "to": "GM", "timestamp": "2024-09-12T17:31:34.803534", "action": {"type": "parse", "content": "[reason] I'm glad we agreed on the location! How about we go for a hike in the nearby woods? It's a great way to stay active and enjoy nature at the same time. [end]\n\n[sentiment] Agreement on Action [end]\n\n[response] That sounds like a fantastic idea! We can combine our love for hiking and birdwatching into one fun activity. Count me in! [end] conforms to rules"}}, {"from": "GM", "to": "GM", "timestamp": "2024-09-12T17:31:34.803563", "action": {"type": "mismatch location agreement", "content": "no location agreement, mismatched sentiment"}}], [{"from": "GM", "to": "Player 1", "timestamp": "2024-09-12T17:31:34.803603", "action": {"type": "send message", "content": "Aiden Reyes 's Message:  That sounds like a fantastic idea! We can combine our love for hiking and birdwatching into one fun activity. Count me in! [end]\n"}}, {"from": "Player 1", "to": "GM", "timestamp": "2024-09-12T17:31:43.015965", "action": {"type": "get message", "content": "[reason] I'm glad you're excited about this plan. It'll be a great way to get to know each other better. [end]\n\n[sentiment] Agreement on Action [end]\n\n[response] Perfect, we can start our date with some birdwatching and then maybe hike together afterwards. Does that sound good? [end]"}}, {"from": "GM", "to": "GM", "timestamp": "2024-09-12T17:31:43.016998", "action": {"type": "parse", "content": "[reason] I'm glad you're excited about this plan. It'll be a great way to get to know each other better. [end]\n\n[sentiment] Agreement on Action [end]\n\n[response] Perfect, we can start our date with some birdwatching and then maybe hike together afterwards. Does that sound good? [end] conforms to rules"}}, {"from": "GM", "to": "GM", "timestamp": "2024-09-12T17:31:43.017093", "action": {"type": "action agreement", "content": "agreement on action successful"}}], [{"from": "GM", "to": "Player 2", "timestamp": "2024-09-12T17:31:43.017536", "action": {"type": "send message", "content": "Noah Sullivan 's Message:  Perfect, we can start our date with some birdwatching and then maybe hike together afterwards. Does that sound good? [end]\n"}}, {"from": "Player 2", "to": "GM", "timestamp": "2024-09-12T17:31:52.410617", "action": {"type": "get message", "content": "[reason] I really like your plan! Birdwatching is a great way to relax and enjoy nature, while hiking will keep us active and engaged. Let's do it! [end]\n\n[sentiment] Overall Agreement [end]\n\n[response] That's perfect! I'm excited for our first date. We'll have a great time birdwatching and hiking together. See you at the park! [end]"}}, {"from": "GM", "to": "GM", "timestamp": "2024-09-12T17:31:52.410853", "action": {"type": "parse", "content": "[reason] I really like your plan! Birdwatching is a great way to relax and enjoy nature, while hiking will keep us active and engaged. Let's do it! [end]\n\n[sentiment] Overall Agreement [end]\n\n[response] That's perfect! I'm excited for our first date. We'll have a great time birdwatching and hiking together. See you at the park! [end] conforms to rules"}}, {"from": "GM", "to": "GM", "timestamp": "2024-09-12T17:31:52.410906", "action": {"type": "mismatch action agreement", "content": "no action agreement, mismatched sentiment"}}], [{"from": "GM", "to": "Player 1", "timestamp": "2024-09-12T17:31:52.410954", "action": {"type": "send message", "content": "Aiden Reyes 's Message:  That's perfect! I'm excited for our first date. We'll have a great time birdwatching and hiking together. See you at the park! [end]\n"}}, {"from": "Player 1", "to": "GM", "timestamp": "2024-09-12T17:32:00.921527", "action": {"type": "get message", "content": "[reason] I'm looking forward to it too. It's going to be an amazing first date. See you soon! [end]\n\n[sentiment] Overall Agreement [end]\n\n[response] Great, see you at the park at 7 pm for our first date. Have a great day! [end]"}}, {"from": "GM", "to": "GM", "timestamp": "2024-09-12T17:32:00.921936", "action": {"type": "parse", "content": "[reason] I'm looking forward to it too. It's going to be an amazing first date. See you soon! [end]\n\n[sentiment] Overall Agreement [end]\n\n[response] Great, see you at the park at 7 pm for our first date. Have a great day! [end] conforms to rules"}}, {"from": "GM", "to": "GM", "timestamp": "2024-09-12T17:32:00.922018", "action": {"type": "overall agreement", "content": "game successful"}}]], "max_turns": 15, "completed_turns": 9, "time_agreement": false, "location_agreement": true, "action_agreement": true}