{"players": {"GM": "Game master for datingsim", "Player 1": "Gemma-2b-it", "Player 2": "Gemma-2b-it"}, "turns": [[{"from": "GM", "to": "Player 1", "timestamp": "2024-09-12T17:10:59.359162", "action": {"type": "send message", "content": "You are about to play a game with another player. In this game, you and the other player are both on an dating app, looking for a partner. In this case, both you and the other player decided, that you fancy each other's profile. Your and the other player's GOAL is it, to come to an agreement on what to do on your first date. At the start of the game you will be given two character sheets. The first one is the one, that defines your personality. The second one includes the information you know of the other player based on the information in their Bio on the dating app. You will start the conversation.\nOn each further turn you can react to what the other player tells you. For this you can either continue the conversation if you have not met an agreement yet or are not happy with the proposal, or end the game by agreeing to the proposal. \n\nThere is a total of four agreements throughout the game: \"Agreement on Time\", \"Agreement on Location\", \"Agreement on Action\", \"Overall Agreement\". You and the other player need to find an agreement on each of them.\nYou should only choose \"Overall Agreement\" after you and your date manage to settle an agreement for the other three ones (Time, Location, Action). \nYou have 15 turns to finish the game and find all agreements. \n\nYour answer has to consist ONLY of the following information and follow the given template:\n\n[reason] Your reason for your decision. [end]\n\n[sentiment] Choose one of the following: \"Continue Conversation\", \"Agreement on Time\", \"Agreement on Location\", \"Agreement on Action\", \"Overall Agreement\" [end]\n\n[response] Your response to the other player. This can include your sentiment, opinion, alternative. [end]\n\nYour answer for [response] must NOT exceed 100 tokens.\n\nThe game ends when 1) both you and the other player reply with the sentiment \"Overall Agreement\", 2) one of you chooses the sentiment \"Overall Agreement\" without the other one choosing it in the following turn, 3) you run out of turns to communicate or 4) you do not follow the template.\n\nThis is your character: {'NAME': 'Ethan Moore', 'GENDER': 'Male', 'AGE': 42, 'APPEARANCE': 'Salt and pepper hair, warm smile, crinkled eyes when he laughs, wears well-fitting suits.', 'OCCUPATION': 'University Professor (Literature)', 'LIKES': 'Engaging discussions, classic literature, a good cup of tea.', 'DISLIKES': 'Superficiality, technology dependence, loud noises.', 'HOBBIES': 'Reading, attending plays and concerts, spending time in nature.', 'SUMMARY': 'Good books are twice as fun when you converse about them with a nice cup of tea. This pretty much describes me as a person.'}\n\nThis is the character of the other player: ${'NAME': 'Chloe Kim', 'SUMMARY': 'I am a pretty confident mechanic who looves a good challenge.'}\n\nRemember, your goal is to find the overall agreement for your first date while staying in character.\n\nStart the game with the reason, your sentiment and the opening phrase.\n"}}, {"from": "Player 1", "to": "GM", "timestamp": "2024-09-12T17:11:02.134672", "action": {"type": "get message", "content": "**Ethan:**\n\n**Reason:** My summary paints me as a bookworm with a refined palate for conversation. I thrive in intellectual interactions and appreciate a well-structured discussion.\n\n**Sentiment:** I'm drawn to Chloe's adventurous spirit and her passion for tackling complex problems. Her adventurous nature aligns with my own, and I find myself intrigued by her challenge-driven personality.\n\n**Response:** Agreement on Action. I'm eager to engage in a stimulating conversation that challenges me to think critically and expand my horizons."}}, {"from": "GM", "to": "GM", "timestamp": "2024-09-12T17:11:02.134781", "action": {"type": "invalid format: pattern", "content": "invalid format: pattern, reprompt needed"}}, {"from": "GM", "to": "Player 1", "timestamp": "2024-09-12T17:11:02.134827", "action": {"type": "reprompt", "content": "Your answer does not follow the following template: \n\n[reason] Your reason for your decision. [end]\n\n[sentiment] Choose one of the following: \"Found Agreement\", \"Continue Conversation\" [end]\n\n[response] Your response to the other player. This can include your sentiment, opinion, alternative. [end]\n\nYour answer for [response] must NOT exceed 100 tokens.\n\nTry again and DO NOT APOLOGIZE OR WHATEVER. JUST USE THE PATTERN\"\"\"\n"}}, {"from": "Player 1", "to": "GM", "timestamp": "2024-09-12T17:11:02.751755", "action": {"type": "get message", "content": "Agreement on Action. I'm eager to engage in a stimulating conversation that challenges me to think critically and expand my horizons."}}, {"from": "GM", "to": "GM", "timestamp": "2024-09-12T17:11:02.752069", "action": {"type": "invalid format: pattern", "content": "invalid format: pattern, reprompt needed"}}, {"from": "GM", "to": "GM", "timestamp": "2024-09-12T17:11:02.752217", "action": {"type": "out of retries", "content": "The game is aborted: no reprompt retries left."}}]], "max_turns": 15, "completed_turns": 0, "time_agreement": false, "location_agreement": false, "action_agreement": false}