{"players": {"GM": "Game master for datingsim", "Player 1": "Mixtral-8x22B-Instruct-v0.1", "Player 2": "Mixtral-8x22B-Instruct-v0.1"}, "turns": [[{"from": "GM", "to": "Player 1", "timestamp": "2024-09-12T14:52:27.987280", "action": {"type": "send message", "content": "You are about to play a game with another player. In this game, you and the other player are both on an dating app, looking for a partner. In this case, both you and the other player decided, that you fancy each other's profile. Your and the other player's GOAL is it, to come to an agreement on what to do on your first date. At the start of the game you will be given two character sheets. The first one is the one, that defines your personality. The second one includes the information you know of the other player based on the information in their Bio on the dating app. You will start the conversation.\nOn each further turn you can react to what the other player tells you. For this you can either continue the conversation if you have not met an agreement yet or are not happy with the proposal, or end the game by agreeing to the proposal. \n\nThere is a total of four agreements throughout the game: \"Agreement on Time\", \"Agreement on Location\", \"Agreement on Action\", \"Overall Agreement\". You and the other player need to find an agreement on each of them.\nYou should only choose \"Overall Agreement\" after you and your date manage to settle an agreement for the other three ones (Time, Location, Action). \nYou have 15 turns to finish the game and find all agreements. \n\nYour answer has to consist ONLY of the following information and follow the given template:\n\n[reason] Your reason for your decision. [end]\n\n[sentiment] Choose one of the following: \"Continue Conversation\", \"Agreement on Time\", \"Agreement on Location\", \"Agreement on Action\", \"Overall Agreement\" [end]\n\n[response] Your response to the other player. This can include your sentiment, opinion, alternative. [end]\n\nYour answer for [response] must NOT exceed 100 tokens.\n\nThe game ends when 1) both you and the other player reply with the sentiment \"Overall Agreement\", 2) one of you chooses the sentiment \"Overall Agreement\" without the other one choosing it in the following turn, 3) you run out of turns to communicate or 4) you do not follow the template.\n\nThis is your character: {'NAME': 'Chloe Kim', 'GENDER': 'Female', 'AGE': 21, 'APPEARANCE': 'Confident smirk, bright green eyes, athletic build, wears comfortable clothes with a sporty flair.', 'OCCUPATION': 'Lead Mechanic at a Motorcycle Repair Shop', 'LIKES': 'Fixing things with her own hands, the roar of a motorcycle engine, a good challenge.', 'DISLIKES': 'Idleness, people who give up easily, following the crowd.', 'HOBBIES': 'Motocross racing (competitively), tinkering with old machines, participating in hackathons.', 'SUMMARY': 'I am a pretty confident mechanic who looves a good challenge.'}\n\nThis is the character of the other player: ${'NAME': 'Emily Chen', 'GENDER': 'Female', 'AGE': 31, 'APPEARANCE': 'Long black hair, almond-shaped eyes, medium height, elegant fashion, calm demeanor.', 'OCCUPATION': 'Pediatrician', 'SUMMARY': 'I have a sweet tooth and enjoy calm evenings.'}\n\nRemember, your goal is to find the overall agreement for your first date while staying in character.\n\nStart the game with the reason, your sentiment and the opening phrase.\n"}}, {"from": "Player 1", "to": "GM", "timestamp": "2024-09-12T14:52:29.885712", "action": {"type": "get message", "content": "[reason] I'm excited to meet someone who seems as confident and driven as I am. I'm also intrigued by the fact that Emily has a completely different profession and interests than me. I think it would be interesting to find common ground and plan a date that we both can enjoy. [end]\n\n[sentiment] Continue Conversation [end]\n\n[response] Hi Emily, I'm Chloe. I'm really glad we matched! I was thinking, since we both have busy schedules, how about we plan our first date for the upcoming weekend? [end]"}}, {"from": "GM", "to": "GM", "timestamp": "2024-09-12T14:52:29.886718", "action": {"type": "parse", "content": "[reason] I'm excited to meet someone who seems as confident and driven as I am. I'm also intrigued by the fact that Emily has a completely different profession and interests than me. I think it would be interesting to find common ground and plan a date that we both can enjoy. [end]\n\n[sentiment] Continue Conversation [end]\n\n[response] Hi Emily, I'm Chloe. I'm really glad we matched! I was thinking, since we both have busy schedules, how about we plan our first date for the upcoming weekend? [end] conforms to rules"}}], [{"from": "GM", "to": "Player 2", "timestamp": "2024-09-12T14:52:29.886718", "action": {"type": "send message", "content": "You are about to play a game with another player. In this game, you and the other player are both on an dating app, looking for a partner. In this case, both you and the other player decided, that you fancy each other's profile. Your and the other player's GOAL is it, to come to an agreement on what to do on your first date. At the start of the game you will be given two character sheets. The first one is the one, that defines your personality. The second one includes the information you know of the other player based on the information in their Bio on the dating app. You will be approached by the other player.\nOn each further turn you can react to what the other player tells you. For this you can either continue the conversation if you have not met an agreement yet or are not happy with the proposal, or end the game by agreeing to the proposal. \n\nThere is a total of four agreements throughout the game: \"Agreement on Time\", \"Agreement on Location\", \"Agreement on Action\", \"Overall Agreement\". You and the other player need to find an agreement on each of them.\nYou should only choose \"Overall Agreement\" after you and your date manage to settle an agreement for the other three ones (Time, Location, Action). \nYou have 15 turns to finish the game and find all agreements. \n\nYour answer has to consist ONLY of the following information and follow the given template:\n\n[reason] Your reason for your decision. [end]\n\n[sentiment] Choose one of the following: \"Continue Conversation\", \"Agreement on Time\", \"Agreement on Location\", \"Agreement on Action\", \"Overall Agreement\" [end]\n\n[response] Your response to the other player. This can include your sentiment, opinion, alternative. [end]\n\nYour answer for [response] must NOT exceed 100 tokens.\n\nThe game ends when 1) both you and the other player reply with the sentiment \"Overall Agreement\", 2) one of you chooses the sentiment \"Overall Agreement\" without the other one choosing it in the following turn, 3) you run out of turns to communicate or 4) you do not follow the template.\n\nThis is your character: {'NAME': 'Emily Chen', 'GENDER': 'Female', 'AGE': 31, 'APPEARANCE': 'Long black hair, almond-shaped eyes, medium height, elegant fashion, calm demeanor.', 'OCCUPATION': 'Pediatrician', 'LIKES': 'Baking, classical music, beach sunsets.', 'DISLIKES': 'Loud noises, clutter, spicy food.', 'HOBBIES': 'Playing piano, reading, baking desserts.', 'SUMMARY': 'I have a sweet tooth and enjoy calm evenings.'}\n\nThis is the character of the other player: ${'NAME': 'Chloe Kim', 'GENDER': 'Female', 'AGE': 21, 'APPEARANCE': 'Confident smirk, bright green eyes, athletic build, wears comfortable clothes with a sporty flair.', 'OCCUPATION': 'Lead Mechanic at a Motorcycle Repair Shop', 'SUMMARY': 'I am a pretty confident mechanic who looves a good challenge.'}\n\nRemember, your goal is to find the overall agreement for your first date while staying in character.\n\nContinue the game with the reason, your sentiment and an answer phrase to the first message of the other player:\n\nMessage:  Hi Emily, I'm Chloe. I'm really glad we matched! I was thinking, since we both have busy schedules, how about we plan our first date for the upcoming weekend? [end]\n"}}, {"from": "Player 2", "to": "GM", "timestamp": "2024-09-12T14:52:31.123282", "action": {"type": "get message", "content": "[reason] Chloe's suggestion for the weekend seems like a good idea, as it would give us both enough time to prepare for the date. [end]\n\n[sentiment] Agreement on Time [end]\n\n[response] Hi Chloe, I'm Emily. I'm glad we matched too! The upcoming weekend sounds perfect for our first date. [end]"}}, {"from": "GM", "to": "GM", "timestamp": "2024-09-12T14:52:31.124286", "action": {"type": "parse", "content": "[reason] Chloe's suggestion for the weekend seems like a good idea, as it would give us both enough time to prepare for the date. [end]\n\n[sentiment] Agreement on Time [end]\n\n[response] Hi Chloe, I'm Emily. I'm glad we matched too! The upcoming weekend sounds perfect for our first date. [end] conforms to rules"}}], [{"from": "GM", "to": "Player 1", "timestamp": "2024-09-12T14:52:31.124286", "action": {"type": "send message", "content": "Emily Chen 's Message:  Hi Chloe, I'm Emily. I'm glad we matched too! The upcoming weekend sounds perfect for our first date. [end]\n"}}, {"from": "Player 1", "to": "GM", "timestamp": "2024-09-12T14:52:33.280389", "action": {"type": "get message", "content": "[reason] I'm happy that Emily is on board with the idea of meeting up on the weekend. Now, I need to think about a location that would be suitable for both of us. Since Emily enjoys calm evenings, I think a quiet café or a park would be a good option. [end]\n\n[sentiment] Continue Conversation [end]\n\n[response] That's great, Emily! How about we meet at a cozy café in the city center? It's a nice and quiet place where we can chat and get to know each other better. [end]"}}, {"from": "GM", "to": "GM", "timestamp": "2024-09-12T14:52:33.280389", "action": {"type": "parse", "content": "[reason] I'm happy that Emily is on board with the idea of meeting up on the weekend. Now, I need to think about a location that would be suitable for both of us. Since Emily enjoys calm evenings, I think a quiet café or a park would be a good option. [end]\n\n[sentiment] Continue Conversation [end]\n\n[response] That's great, Emily! How about we meet at a cozy café in the city center? It's a nice and quiet place where we can chat and get to know each other better. [end] conforms to rules"}}, {"from": "GM", "to": "GM", "timestamp": "2024-09-12T14:52:33.281391", "action": {"type": "mismatch time agreement", "content": "no time agreement, mismatched sentiment"}}], [{"from": "GM", "to": "Player 2", "timestamp": "2024-09-12T14:52:33.281391", "action": {"type": "send message", "content": "Chloe Kim 's Message:  That's great, Emily! How about we meet at a cozy café in the city center? It's a nice and quiet place where we can chat and get to know each other better. [end]\n"}}, {"from": "Player 2", "to": "GM", "timestamp": "2024-09-12T14:52:34.578270", "action": {"type": "get message", "content": "[reason] A cozy café in the city center sounds like a wonderful location for our first date. It would provide a calm and comfortable atmosphere for us to talk and learn more about each other. [end]\n\n[sentiment] Agreement on Location [end]\n\n[response] Chloe, I think a cozy café in the city center is an excellent choice for our first date. I'm looking forward to getting to know you better. [end]"}}, {"from": "GM", "to": "GM", "timestamp": "2024-09-12T14:52:34.578270", "action": {"type": "parse", "content": "[reason] A cozy café in the city center sounds like a wonderful location for our first date. It would provide a calm and comfortable atmosphere for us to talk and learn more about each other. [end]\n\n[sentiment] Agreement on Location [end]\n\n[response] Chloe, I think a cozy café in the city center is an excellent choice for our first date. I'm looking forward to getting to know you better. [end] conforms to rules"}}], [{"from": "GM", "to": "Player 1", "timestamp": "2024-09-12T14:52:34.578270", "action": {"type": "send message", "content": "Emily Chen 's Message:  Chloe, I think a cozy café in the city center is an excellent choice for our first date. I'm looking forward to getting to know you better. [end]\n"}}, {"from": "Player 1", "to": "GM", "timestamp": "2024-09-12T14:52:36.373860", "action": {"type": "get message", "content": "[reason] I'm glad that Emily agrees with my suggestion for the location. Now, I need to think about what we can do on our first date. Since Emily enjoys calm evenings, I think a relaxed activity like a walk in the park or a board game night would be a good fit. [end]\n\n[sentiment] Continue Conversation [end]\n\n[response] I'm glad you like the idea, Emily! How about we take a walk in the park after our coffee? It's a beautiful time of year and it would be a great way to spend some time together. [end]"}}, {"from": "GM", "to": "GM", "timestamp": "2024-09-12T14:52:36.374860", "action": {"type": "parse", "content": "[reason] I'm glad that Emily agrees with my suggestion for the location. Now, I need to think about what we can do on our first date. Since Emily enjoys calm evenings, I think a relaxed activity like a walk in the park or a board game night would be a good fit. [end]\n\n[sentiment] Continue Conversation [end]\n\n[response] I'm glad you like the idea, Emily! How about we take a walk in the park after our coffee? It's a beautiful time of year and it would be a great way to spend some time together. [end] conforms to rules"}}, {"from": "GM", "to": "GM", "timestamp": "2024-09-12T14:52:36.374860", "action": {"type": "mismatch location agreement", "content": "no location agreement, mismatched sentiment"}}], [{"from": "GM", "to": "Player 2", "timestamp": "2024-09-12T14:52:36.374860", "action": {"type": "send message", "content": "Chloe Kim 's Message:  I'm glad you like the idea, Emily! How about we take a walk in the park after our coffee? It's a beautiful time of year and it would be a great way to spend some time together. [end]\n"}}, {"from": "Player 2", "to": "GM", "timestamp": "2024-09-12T14:52:38.103015", "action": {"type": "get message", "content": "[reason] Taking a walk in the park after our coffee is a lovely idea. It would allow us to enjoy the beautiful scenery and fresh air while continuing our conversation. [end]\n\n[sentiment] Agreement on Action [end]\n\n[response] Chloe, I think taking a walk in the park after our coffee is a fantastic idea. I'm excited to spend some time together in such a beautiful setting. [end]"}}, {"from": "GM", "to": "GM", "timestamp": "2024-09-12T14:52:38.103927", "action": {"type": "parse", "content": "[reason] Taking a walk in the park after our coffee is a lovely idea. It would allow us to enjoy the beautiful scenery and fresh air while continuing our conversation. [end]\n\n[sentiment] Agreement on Action [end]\n\n[response] Chloe, I think taking a walk in the park after our coffee is a fantastic idea. I'm excited to spend some time together in such a beautiful setting. [end] conforms to rules"}}], [{"from": "GM", "to": "Player 1", "timestamp": "2024-09-12T14:52:38.103927", "action": {"type": "send message", "content": "Emily Chen 's Message:  Chloe, I think taking a walk in the park after our coffee is a fantastic idea. I'm excited to spend some time together in such a beautiful setting. [end]\n"}}, {"from": "Player 1", "to": "GM", "timestamp": "2024-09-12T14:52:39.694391", "action": {"type": "get message", "content": "[reason] I'm thrilled that Emily is excited about the idea of taking a walk in the park. Now, I need to think about what we can do during our walk. Since Emily enjoys calm evenings, I think a leisurely stroll and some light conversation would be perfect. [end]\n\n[sentiment] Continue Conversation [end]\n\n[response] I'm glad you're excited about the walk, Emily! I was thinking we could take a leisurely stroll and just enjoy each other's company. What do you think? [end]"}}, {"from": "GM", "to": "GM", "timestamp": "2024-09-12T14:52:39.695405", "action": {"type": "parse", "content": "[reason] I'm thrilled that Emily is excited about the idea of taking a walk in the park. Now, I need to think about what we can do during our walk. Since Emily enjoys calm evenings, I think a leisurely stroll and some light conversation would be perfect. [end]\n\n[sentiment] Continue Conversation [end]\n\n[response] I'm glad you're excited about the walk, Emily! I was thinking we could take a leisurely stroll and just enjoy each other's company. What do you think? [end] conforms to rules"}}, {"from": "GM", "to": "GM", "timestamp": "2024-09-12T14:52:39.695405", "action": {"type": "mismatch action agreement", "content": "no action agreement, mismatched sentiment"}}], [{"from": "GM", "to": "Player 2", "timestamp": "2024-09-12T14:52:39.695405", "action": {"type": "send message", "content": "Chloe Kim 's Message:  I'm glad you're excited about the walk, Emily! I was thinking we could take a leisurely stroll and just enjoy each other's company. What do you think? [end]\n"}}, {"from": "Player 2", "to": "GM", "timestamp": "2024-09-12T14:52:41.095033", "action": {"type": "get message", "content": "[reason] Chloe's suggestion for a leisurely stroll in the park sounds perfect. It would allow us to relax and enjoy each other's company without feeling rushed or pressured. [end]\n\n[sentiment] Continue Conversation [end]\n\n[response] Chloe, I think a leisurely stroll in the park is a wonderful idea. I'm looking forward to enjoying each other's company and getting to know you better. [end]"}}, {"from": "GM", "to": "GM", "timestamp": "2024-09-12T14:52:41.095033", "action": {"type": "parse", "content": "[reason] Chloe's suggestion for a leisurely stroll in the park sounds perfect. It would allow us to relax and enjoy each other's company without feeling rushed or pressured. [end]\n\n[sentiment] Continue Conversation [end]\n\n[response] Chloe, I think a leisurely stroll in the park is a wonderful idea. I'm looking forward to enjoying each other's company and getting to know you better. [end] conforms to rules"}}], [{"from": "GM", "to": "Player 1", "timestamp": "2024-09-12T14:52:41.095033", "action": {"type": "send message", "content": "Emily Chen 's Message:  Chloe, I think a leisurely stroll in the park is a wonderful idea. I'm looking forward to enjoying each other's company and getting to know you better. [end]\n"}}, {"from": "Player 1", "to": "GM", "timestamp": "2024-09-12T14:52:42.878984", "action": {"type": "get message", "content": "[reason] I'm happy that Emily is on board with the idea of a leisurely stroll in the park. Now, I need to think about what we can do after our walk. Since Emily enjoys calm evenings, I think a quiet dinner at a nice restaurant would be a good option. [end]\n\n[sentiment] Continue Conversation [end]\n\n[response] I'm glad you're looking forward to our walk, Emily! After our stroll, how about we grab dinner at a nice restaurant nearby? It would be a great way to end our first date. [end]"}}, {"from": "GM", "to": "GM", "timestamp": "2024-09-12T14:52:42.879979", "action": {"type": "parse", "content": "[reason] I'm happy that Emily is on board with the idea of a leisurely stroll in the park. Now, I need to think about what we can do after our walk. Since Emily enjoys calm evenings, I think a quiet dinner at a nice restaurant would be a good option. [end]\n\n[sentiment] Continue Conversation [end]\n\n[response] I'm glad you're looking forward to our walk, Emily! After our stroll, how about we grab dinner at a nice restaurant nearby? It would be a great way to end our first date. [end] conforms to rules"}}], [{"from": "GM", "to": "Player 2", "timestamp": "2024-09-12T14:52:42.879979", "action": {"type": "send message", "content": "Chloe Kim 's Message:  I'm glad you're looking forward to our walk, Emily! After our stroll, how about we grab dinner at a nice restaurant nearby? It would be a great way to end our first date. [end]\n"}}, {"from": "Player 2", "to": "GM", "timestamp": "2024-09-12T14:52:44.261953", "action": {"type": "get message", "content": "[reason] Chloe's suggestion for dinner at a nice restaurant nearby is a great way to end our first date. It would allow us to continue our conversation and enjoy a delicious meal together. [end]\n\n[sentiment] Agreement on Action [end]\n\n[response] Chloe, I think having dinner at a nice restaurant nearby is a fantastic idea. I'm looking forward to ending our first date on a high note. [end]"}}, {"from": "GM", "to": "GM", "timestamp": "2024-09-12T14:52:44.261953", "action": {"type": "parse", "content": "[reason] Chloe's suggestion for dinner at a nice restaurant nearby is a great way to end our first date. It would allow us to continue our conversation and enjoy a delicious meal together. [end]\n\n[sentiment] Agreement on Action [end]\n\n[response] Chloe, I think having dinner at a nice restaurant nearby is a fantastic idea. I'm looking forward to ending our first date on a high note. [end] conforms to rules"}}], [{"from": "GM", "to": "Player 1", "timestamp": "2024-09-12T14:52:44.261953", "action": {"type": "send message", "content": "Emily Chen 's Message:  Chloe, I think having dinner at a nice restaurant nearby is a fantastic idea. I'm looking forward to ending our first date on a high note. [end]\n"}}, {"from": "Player 1", "to": "GM", "timestamp": "2024-09-12T14:52:46.240557", "action": {"type": "get message", "content": "[reason] I'm thrilled that Emily is excited about the idea of having dinner at a nice restaurant. Now, I need to think about what we can do after dinner. Since Emily enjoys calm evenings, I think a quiet walk back to our cars or a ride home would be a good option. [end]\n\n[sentiment] Continue Conversation [end]\n\n[response] I'm glad you're looking forward to dinner, Emily! After our meal, how about we take a quiet walk back to our cars or I can give you a ride home? It would be a nice way to end our first date. [end]"}}, {"from": "GM", "to": "GM", "timestamp": "2024-09-12T14:52:46.241552", "action": {"type": "parse", "content": "[reason] I'm thrilled that Emily is excited about the idea of having dinner at a nice restaurant. Now, I need to think about what we can do after dinner. Since Emily enjoys calm evenings, I think a quiet walk back to our cars or a ride home would be a good option. [end]\n\n[sentiment] Continue Conversation [end]\n\n[response] I'm glad you're looking forward to dinner, Emily! After our meal, how about we take a quiet walk back to our cars or I can give you a ride home? It would be a nice way to end our first date. [end] conforms to rules"}}, {"from": "GM", "to": "GM", "timestamp": "2024-09-12T14:52:46.241552", "action": {"type": "mismatch action agreement", "content": "no action agreement, mismatched sentiment"}}], [{"from": "GM", "to": "Player 2", "timestamp": "2024-09-12T14:52:46.241552", "action": {"type": "send message", "content": "Chloe Kim 's Message:  I'm glad you're looking forward to dinner, Emily! After our meal, how about we take a quiet walk back to our cars or I can give you a ride home? It would be a nice way to end our first date. [end]\n"}}, {"from": "Player 2", "to": "GM", "timestamp": "2024-09-12T14:52:47.567571", "action": {"type": "get message", "content": "[reason] Chloe's suggestion for a quiet walk back to our cars or a ride home is a thoughtful and considerate way to end our first date. It would allow us to reflect on our time together and ensure that we both get home safely. [end]\n\n[sentiment] Agreement on Action [end]\n\n[response] Chloe, I think a quiet walk back to our cars or a ride home is a wonderful idea. I appreciate your thoughtfulness and consideration. [end]"}}, {"from": "GM", "to": "GM", "timestamp": "2024-09-12T14:52:47.568565", "action": {"type": "parse", "content": "[reason] Chloe's suggestion for a quiet walk back to our cars or a ride home is a thoughtful and considerate way to end our first date. It would allow us to reflect on our time together and ensure that we both get home safely. [end]\n\n[sentiment] Agreement on Action [end]\n\n[response] Chloe, I think a quiet walk back to our cars or a ride home is a wonderful idea. I appreciate your thoughtfulness and consideration. [end] conforms to rules"}}], [{"from": "GM", "to": "Player 1", "timestamp": "2024-09-12T14:52:47.568565", "action": {"type": "send message", "content": "Emily Chen 's Message:  Chloe, I think a quiet walk back to our cars or a ride home is a wonderful idea. I appreciate your thoughtfulness and consideration. [end]\n"}}, {"from": "Player 1", "to": "GM", "timestamp": "2024-09-12T14:52:49.231419", "action": {"type": "get message", "content": "[reason] I'm happy that Emily appreciates my thoughtfulness and consideration. Now, I need to think about what we can do to make our first date even more special. Since Emily enjoys calm evenings, I think a small gift or a surprise would be a nice touch. [end]\n\n[sentiment] Continue Conversation [end]\n\n[response] I'm glad you appreciate my thoughtfulness, Emily! I was thinking, to make our first date even more special, I could bring a small gift or surprise for you. What do you think? [end]"}}, {"from": "GM", "to": "GM", "timestamp": "2024-09-12T14:52:49.232421", "action": {"type": "parse", "content": "[reason] I'm happy that Emily appreciates my thoughtfulness and consideration. Now, I need to think about what we can do to make our first date even more special. Since Emily enjoys calm evenings, I think a small gift or a surprise would be a nice touch. [end]\n\n[sentiment] Continue Conversation [end]\n\n[response] I'm glad you appreciate my thoughtfulness, Emily! I was thinking, to make our first date even more special, I could bring a small gift or surprise for you. What do you think? [end] conforms to rules"}}, {"from": "GM", "to": "GM", "timestamp": "2024-09-12T14:52:49.232421", "action": {"type": "mismatch action agreement", "content": "no action agreement, mismatched sentiment"}}], [{"from": "GM", "to": "Player 2", "timestamp": "2024-09-12T14:52:49.232421", "action": {"type": "send message", "content": "Chloe Kim 's Message:  I'm glad you appreciate my thoughtfulness, Emily! I was thinking, to make our first date even more special, I could bring a small gift or surprise for you. What do you think? [end]\n"}}, {"from": "Player 2", "to": "GM", "timestamp": "2024-09-12T14:52:50.934858", "action": {"type": "get message", "content": "[reason] Chloe's idea of bringing a small gift or surprise for me is a sweet and thoughtful gesture. It would make our first date even more special and memorable. [end]\n\n[sentiment] Continue Conversation [end]\n\n[response] Chloe, I think bringing a small gift or surprise for me is a lovely idea. I'm looking forward to seeing what you have in store for me. [end]"}}, {"from": "GM", "to": "GM", "timestamp": "2024-09-12T14:52:50.934858", "action": {"type": "parse", "content": "[reason] Chloe's idea of bringing a small gift or surprise for me is a sweet and thoughtful gesture. It would make our first date even more special and memorable. [end]\n\n[sentiment] Continue Conversation [end]\n\n[response] Chloe, I think bringing a small gift or surprise for me is a lovely idea. I'm looking forward to seeing what you have in store for me. [end] conforms to rules"}}], [{"from": "GM", "to": "Player 1", "timestamp": "2024-09-12T14:52:50.934858", "action": {"type": "send message", "content": "Emily Chen 's Message:  Chloe, I think bringing a small gift or surprise for me is a lovely idea. I'm looking forward to seeing what you have in store for me. [end]\n"}}, {"from": "Player 1", "to": "GM", "timestamp": "2024-09-12T14:52:52.569015", "action": {"type": "get message", "content": "[reason] I'm thrilled that Emily is excited about the idea of a small gift or surprise. Now, I need to think about what I can bring for her. Since Emily enjoys calm evenings, I think a small box of chocolates or a scented candle would be a good fit. [end]\n\n[sentiment] Continue Conversation [end]\n\n[response] I'm glad you're looking forward to the surprise, Emily! I was thinking of bringing a small box of chocolates or a scented candle for you. What do you think? [end]"}}, {"from": "GM", "to": "GM", "timestamp": "2024-09-12T14:52:52.569015", "action": {"type": "parse", "content": "[reason] I'm thrilled that Emily is excited about the idea of a small gift or surprise. Now, I need to think about what I can bring for her. Since Emily enjoys calm evenings, I think a small box of chocolates or a scented candle would be a good fit. [end]\n\n[sentiment] Continue Conversation [end]\n\n[response] I'm glad you're looking forward to the surprise, Emily! I was thinking of bringing a small box of chocolates or a scented candle for you. What do you think? [end] conforms to rules"}}, {"from": "GM", "to": "GM", "timestamp": "2024-09-12T14:52:52.569015", "action": {"type": "out of turns", "content": "game unsuccessful out of turns"}}]], "max_turns": 15, "completed_turns": 15, "time_agreement": false, "location_agreement": false, "action_agreement": false}