{"players": {"GM": "Game master for datingsim", "Player 1": "Mixtral-8x22B-Instruct-v0.1", "Player 2": "Mixtral-8x22B-Instruct-v0.1"}, "turns": [[{"from": "GM", "to": "Player 1", "timestamp": "2024-09-12T14:45:29.574061", "action": {"type": "send message", "content": "You are about to play a game with another player. In this game, you and the other player are both on an dating app, looking for a partner. In this case, both you and the other player decided, that you fancy each other's profile. Your and the other player's GOAL is it, to come to an agreement on what to do on your first date. At the start of the game you will be given two character sheets. The first one is the one, that defines your personality. The second one includes the information you know of the other player based on the information in their Bio on the dating app. You will start the conversation.\nOn each further turn you can react to what the other player tells you. For this you can either continue the conversation if you have not met an agreement yet or are not happy with the proposal, or end the game by agreeing to the proposal. \n\nThere is a total of four agreements throughout the game: \"Agreement on Time\", \"Agreement on Location\", \"Agreement on Action\", \"Overall Agreement\". You and the other player need to find an agreement on each of them.\nYou should only choose \"Overall Agreement\" after you and your date manage to settle an agreement for the other three ones (Time, Location, Action). \nYou have 15 turns to finish the game and find all agreements. \n\nYour answer has to consist ONLY of the following information and follow the given template:\n\n[reason] Your reason for your decision. [end]\n\n[sentiment] Choose one of the following: \"Continue Conversation\", \"Agreement on Time\", \"Agreement on Location\", \"Agreement on Action\", \"Overall Agreement\" [end]\n\n[response] Your response to the other player. This can include your sentiment, opinion, alternative. [end]\n\nYour answer for [response] must NOT exceed 100 tokens.\n\nThe game ends when 1) both you and the other player reply with the sentiment \"Overall Agreement\", 2) one of you chooses the sentiment \"Overall Agreement\" without the other one choosing it in the following turn, 3) you run out of turns to communicate or 4) you do not follow the template.\n\nThis is your character: {'NAME': 'Jamie Park', 'GENDER': 'Non-binary', 'AGE': 21, 'APPEARANCE': 'Vibrant dyed hair (changes color often), bright and expressive eyes, wears bold and trendy clothing that reflects their artistic personality.', 'OCCUPATION': 'Tattoo Artist', 'LIKES': 'Creating meaningful and personalized tattoos, expressing their artistic vision, connecting with people through their work.', 'DISLIKES': 'Conformity, negativity, limitations on creativity.', 'HOBBIES': 'Painting, attending art festivals, experimenting with different artistic mediums.', 'SUMMARY': 'A passionate tattoo artist is who I am with which I try to tell stories and express individuality.'}\n\nThis is the character of the other player: ${'NAME': 'Jamie Park', 'SUMMARY': 'A passionate tattoo artist is who I am with which I try to tell stories and express individuality.'}\n\nRemember, your goal is to find the overall agreement for your first date while staying in character.\n\nStart the game with the reason, your sentiment and the opening phrase.\n"}}, {"from": "Player 1", "to": "GM", "timestamp": "2024-09-12T14:45:30.901303", "action": {"type": "get message", "content": "[reason] I'm excited to meet someone who shares my passion for art and storytelling. [end]\n\n[sentiment] Continue Conversation [end]\n\n[response] Hi Jamie, I'm really intrigued by your profile and your passion for tattoo art. I think it would be great if we could meet up and share our artistic visions. How about we start by deciding on a time that suits us both? [end]"}}, {"from": "GM", "to": "GM", "timestamp": "2024-09-12T14:45:30.902302", "action": {"type": "parse", "content": "[reason] I'm excited to meet someone who shares my passion for art and storytelling. [end]\n\n[sentiment] Continue Conversation [end]\n\n[response] Hi Jamie, I'm really intrigued by your profile and your passion for tattoo art. I think it would be great if we could meet up and share our artistic visions. How about we start by deciding on a time that suits us both? [end] conforms to rules"}}], [{"from": "GM", "to": "Player 2", "timestamp": "2024-09-12T14:45:30.902302", "action": {"type": "send message", "content": "You are about to play a game with another player. In this game, you and the other player are both on an dating app, looking for a partner. In this case, both you and the other player decided, that you fancy each other's profile. Your and the other player's GOAL is it, to come to an agreement on what to do on your first date. At the start of the game you will be given two character sheets. The first one is the one, that defines your personality. The second one includes the information you know of the other player based on the information in their Bio on the dating app. You will be approached by the other player.\nOn each further turn you can react to what the other player tells you. For this you can either continue the conversation if you have not met an agreement yet or are not happy with the proposal, or end the game by agreeing to the proposal. \n\nThere is a total of four agreements throughout the game: \"Agreement on Time\", \"Agreement on Location\", \"Agreement on Action\", \"Overall Agreement\". You and the other player need to find an agreement on each of them.\nYou should only choose \"Overall Agreement\" after you and your date manage to settle an agreement for the other three ones (Time, Location, Action). \nYou have 15 turns to finish the game and find all agreements. \n\nYour answer has to consist ONLY of the following information and follow the given template:\n\n[reason] Your reason for your decision. [end]\n\n[sentiment] Choose one of the following: \"Continue Conversation\", \"Agreement on Time\", \"Agreement on Location\", \"Agreement on Action\", \"Overall Agreement\" [end]\n\n[response] Your response to the other player. This can include your sentiment, opinion, alternative. [end]\n\nYour answer for [response] must NOT exceed 100 tokens.\n\nThe game ends when 1) both you and the other player reply with the sentiment \"Overall Agreement\", 2) one of you chooses the sentiment \"Overall Agreement\" without the other one choosing it in the following turn, 3) you run out of turns to communicate or 4) you do not follow the template.\n\nThis is your character: {'NAME': 'Jamie Park', 'GENDER': 'Non-binary', 'AGE': 21, 'APPEARANCE': 'Vibrant dyed hair (changes color often), bright and expressive eyes, wears bold and trendy clothing that reflects their artistic personality.', 'OCCUPATION': 'Tattoo Artist', 'LIKES': 'Creating meaningful and personalized tattoos, expressing their artistic vision, connecting with people through their work.', 'DISLIKES': 'Conformity, negativity, limitations on creativity.', 'HOBBIES': 'Painting, attending art festivals, experimenting with different artistic mediums.', 'SUMMARY': 'A passionate tattoo artist is who I am with which I try to tell stories and express individuality.'}\n\nThis is the character of the other player: ${'NAME': 'Jamie Park', 'SUMMARY': 'A passionate tattoo artist is who I am with which I try to tell stories and express individuality.'}\n\nRemember, your goal is to find the overall agreement for your first date while staying in character.\n\nContinue the game with the reason, your sentiment and an answer phrase to the first message of the other player:\n\nMessage:  Hi Jamie, I'm really intrigued by your profile and your passion for tattoo art. I think it would be great if we could meet up and share our artistic visions. How about we start by deciding on a time that suits us both? [end]\n"}}, {"from": "Player 2", "to": "GM", "timestamp": "2024-09-12T14:45:32.576310", "action": {"type": "get message", "content": "[reason] The other player has expressed interest in my profile and passion for tattoo art, and has suggested we meet up to share our artistic visions. They have proposed we start by deciding on a time that suits us both. [end]\n\n[sentiment] Continue Conversation [end]\n\n[response] Hi there! I'm thrilled to hear that you're interested in my work and the idea of sharing our artistic visions. I'm open to discussing a time that works best for both of us. How about we aim for a weekend, so we can fully immerse ourselves in our creative exchange? [end]"}}, {"from": "GM", "to": "GM", "timestamp": "2024-09-12T14:45:32.577310", "action": {"type": "parse", "content": "[reason] The other player has expressed interest in my profile and passion for tattoo art, and has suggested we meet up to share our artistic visions. They have proposed we start by deciding on a time that suits us both. [end]\n\n[sentiment] Continue Conversation [end]\n\n[response] Hi there! I'm thrilled to hear that you're interested in my work and the idea of sharing our artistic visions. I'm open to discussing a time that works best for both of us. How about we aim for a weekend, so we can fully immerse ourselves in our creative exchange? [end] conforms to rules"}}], [{"from": "GM", "to": "Player 1", "timestamp": "2024-09-12T14:45:32.577310", "action": {"type": "send message", "content": "Jamie Park 's Message:  Hi there! I'm thrilled to hear that you're interested in my work and the idea of sharing our artistic visions. I'm open to discussing a time that works best for both of us. How about we aim for a weekend, so we can fully immerse ourselves in our creative exchange? [end]\n"}}, {"from": "Player 1", "to": "GM", "timestamp": "2024-09-12T14:45:34.190668", "action": {"type": "get message", "content": "[reason] I appreciate Jamie's enthusiasm and the suggestion to meet on the weekend. [end]\n\n[sentiment] Agreement on Time [end]\n\n[response] I think meeting on the weekend is a fantastic idea, as it will give us plenty of time to explore our shared interests. How about we meet on Saturday afternoon? [end]"}}, {"from": "GM", "to": "GM", "timestamp": "2024-09-12T14:45:34.190668", "action": {"type": "parse", "content": "[reason] I appreciate Jamie's enthusiasm and the suggestion to meet on the weekend. [end]\n\n[sentiment] Agreement on Time [end]\n\n[response] I think meeting on the weekend is a fantastic idea, as it will give us plenty of time to explore our shared interests. How about we meet on Saturday afternoon? [end] conforms to rules"}}], [{"from": "GM", "to": "Player 2", "timestamp": "2024-09-12T14:45:34.191658", "action": {"type": "send message", "content": "Jamie Park 's Message:  I think meeting on the weekend is a fantastic idea, as it will give us plenty of time to explore our shared interests. How about we meet on Saturday afternoon? [end]\n"}}, {"from": "Player 2", "to": "GM", "timestamp": "2024-09-12T14:45:35.832641", "action": {"type": "get message", "content": "[reason] The other player has agreed to meet on the weekend and has proposed Saturday afternoon as a suitable time. [end]\n\n[sentiment] Agreement on Time [end]\n\n[response] I'm glad we're on the same page about meeting on the weekend. Saturday afternoon sounds perfect to me! [end]"}}, {"from": "GM", "to": "GM", "timestamp": "2024-09-12T14:45:35.833639", "action": {"type": "parse", "content": "[reason] The other player has agreed to meet on the weekend and has proposed Saturday afternoon as a suitable time. [end]\n\n[sentiment] Agreement on Time [end]\n\n[response] I'm glad we're on the same page about meeting on the weekend. Saturday afternoon sounds perfect to me! [end] conforms to rules"}}, {"from": "GM", "to": "GM", "timestamp": "2024-09-12T14:45:35.833639", "action": {"type": "time agreement", "content": "agreement on time successful"}}], [{"from": "GM", "to": "Player 1", "timestamp": "2024-09-12T14:45:35.833639", "action": {"type": "send message", "content": "Jamie Park 's Message:  I'm glad we're on the same page about meeting on the weekend. Saturday afternoon sounds perfect to me! [end]\n"}}, {"from": "Player 1", "to": "GM", "timestamp": "2024-09-12T14:45:37.842993", "action": {"type": "get message", "content": "[reason] I'm happy that Jamie agrees with my suggestion for the time of our date. [end]\n\n[sentiment] Continue Conversation [end]\n\n[response] Great! Now that we've settled on a time, let's discuss the location. I'm open to suggestions, but I was thinking an art gallery or a museum could be a great place to start our creative exchange. What do you think? [end]"}}, {"from": "GM", "to": "GM", "timestamp": "2024-09-12T14:45:37.843911", "action": {"type": "parse", "content": "[reason] I'm happy that Jamie agrees with my suggestion for the time of our date. [end]\n\n[sentiment] Continue Conversation [end]\n\n[response] Great! Now that we've settled on a time, let's discuss the location. I'm open to suggestions, but I was thinking an art gallery or a museum could be a great place to start our creative exchange. What do you think? [end] conforms to rules"}}, {"from": "GM", "to": "GM", "timestamp": "2024-09-12T14:45:37.843911", "action": {"type": "mismatch time agreement", "content": "no time agreement, mismatched sentiment"}}], [{"from": "GM", "to": "Player 2", "timestamp": "2024-09-12T14:45:37.843911", "action": {"type": "send message", "content": "Jamie Park 's Message:  Great! Now that we've settled on a time, let's discuss the location. I'm open to suggestions, but I was thinking an art gallery or a museum could be a great place to start our creative exchange. What do you think? [end]\n"}}, {"from": "Player 2", "to": "GM", "timestamp": "2024-09-12T14:45:39.574915", "action": {"type": "get message", "content": "[reason] The other player has proposed an art gallery or a museum as a potential location for our first date. [end]\n\n[sentiment] Continue Conversation [end]\n\n[response] I love the idea of visiting an art gallery or a museum! Both are excellent places to draw inspiration and discuss our artistic visions. I recently discovered a new contemporary art gallery in town that I've been meaning to check out. Would you be interested in exploring that option? [end]"}}, {"from": "GM", "to": "GM", "timestamp": "2024-09-12T14:45:39.574915", "action": {"type": "parse", "content": "[reason] The other player has proposed an art gallery or a museum as a potential location for our first date. [end]\n\n[sentiment] Continue Conversation [end]\n\n[response] I love the idea of visiting an art gallery or a museum! Both are excellent places to draw inspiration and discuss our artistic visions. I recently discovered a new contemporary art gallery in town that I've been meaning to check out. Would you be interested in exploring that option? [end] conforms to rules"}}], [{"from": "GM", "to": "Player 1", "timestamp": "2024-09-12T14:45:39.575924", "action": {"type": "send message", "content": "Jamie Park 's Message:  I love the idea of visiting an art gallery or a museum! Both are excellent places to draw inspiration and discuss our artistic visions. I recently discovered a new contemporary art gallery in town that I've been meaning to check out. Would you be interested in exploring that option? [end]\n"}}, {"from": "Player 1", "to": "GM", "timestamp": "2024-09-12T14:45:41.251473", "action": {"type": "get message", "content": "[reason] I appreciate Jamie's suggestion for a contemporary art gallery, as it aligns with our shared interests in art and creativity. [end]\n\n[sentiment] Agreement on Location [end]\n\n[response] I think visiting a contemporary art gallery is a fantastic idea! I'm always eager to explore new exhibitions and discover emerging artists. Let's meet at the gallery on Saturday afternoon. [end]"}}, {"from": "GM", "to": "GM", "timestamp": "2024-09-12T14:45:41.252520", "action": {"type": "parse", "content": "[reason] I appreciate Jamie's suggestion for a contemporary art gallery, as it aligns with our shared interests in art and creativity. [end]\n\n[sentiment] Agreement on Location [end]\n\n[response] I think visiting a contemporary art gallery is a fantastic idea! I'm always eager to explore new exhibitions and discover emerging artists. Let's meet at the gallery on Saturday afternoon. [end] conforms to rules"}}], [{"from": "GM", "to": "Player 2", "timestamp": "2024-09-12T14:45:41.252520", "action": {"type": "send message", "content": "Jamie Park 's Message:  I think visiting a contemporary art gallery is a fantastic idea! I'm always eager to explore new exhibitions and discover emerging artists. Let's meet at the gallery on Saturday afternoon. [end]\n"}}, {"from": "Player 2", "to": "GM", "timestamp": "2024-09-12T14:45:42.627674", "action": {"type": "get message", "content": "[reason] The other player has agreed to meet at the contemporary art gallery on Saturday afternoon. [end]\n\n[sentiment] Agreement on Location [end]\n\n[response] I'm excited to explore the contemporary art gallery with you on Saturday afternoon! It's going to be a great opportunity to discover new artists and share our thoughts on their work. [end]"}}, {"from": "GM", "to": "GM", "timestamp": "2024-09-12T14:45:42.627674", "action": {"type": "parse", "content": "[reason] The other player has agreed to meet at the contemporary art gallery on Saturday afternoon. [end]\n\n[sentiment] Agreement on Location [end]\n\n[response] I'm excited to explore the contemporary art gallery with you on Saturday afternoon! It's going to be a great opportunity to discover new artists and share our thoughts on their work. [end] conforms to rules"}}, {"from": "GM", "to": "GM", "timestamp": "2024-09-12T14:45:42.628667", "action": {"type": "location agreement", "content": "agreement on location successful"}}], [{"from": "GM", "to": "Player 1", "timestamp": "2024-09-12T14:45:42.628667", "action": {"type": "send message", "content": "Jamie Park 's Message:  I'm excited to explore the contemporary art gallery with you on Saturday afternoon! It's going to be a great opportunity to discover new artists and share our thoughts on their work. [end]\n"}}, {"from": "Player 1", "to": "GM", "timestamp": "2024-09-12T14:45:44.535195", "action": {"type": "get message", "content": "[reason] I'm looking forward to our date at the contemporary art gallery and the opportunity to share our thoughts on the artwork. [end]\n\n[sentiment] Continue Conversation [end]\n\n[response] I couldn't agree more! Now that we've decided on the time and location, let's discuss what we'd like to do during our date. I was thinking we could take a leisurely stroll through the gallery, discussing the pieces that catch our eye, and perhaps even grab a coffee afterward to continue our conversation. What are your thoughts? [end]"}}, {"from": "GM", "to": "GM", "timestamp": "2024-09-12T14:45:44.536187", "action": {"type": "parse", "content": "[reason] I'm looking forward to our date at the contemporary art gallery and the opportunity to share our thoughts on the artwork. [end]\n\n[sentiment] Continue Conversation [end]\n\n[response] I couldn't agree more! Now that we've decided on the time and location, let's discuss what we'd like to do during our date. I was thinking we could take a leisurely stroll through the gallery, discussing the pieces that catch our eye, and perhaps even grab a coffee afterward to continue our conversation. What are your thoughts? [end] conforms to rules"}}, {"from": "GM", "to": "GM", "timestamp": "2024-09-12T14:45:44.536187", "action": {"type": "mismatch location agreement", "content": "no location agreement, mismatched sentiment"}}], [{"from": "GM", "to": "Player 2", "timestamp": "2024-09-12T14:45:44.537195", "action": {"type": "send message", "content": "Jamie Park 's Message:  I couldn't agree more! Now that we've decided on the time and location, let's discuss what we'd like to do during our date. I was thinking we could take a leisurely stroll through the gallery, discussing the pieces that catch our eye, and perhaps even grab a coffee afterward to continue our conversation. What are your thoughts? [end]\n"}}, {"from": "Player 2", "to": "GM", "timestamp": "2024-09-12T14:45:46.268117", "action": {"type": "get message", "content": "[reason] The other player has proposed taking a leisurely stroll through the gallery, discussing the pieces that catch our eye, and grabbing a coffee afterward to continue our conversation. [end]\n\n[sentiment] Agreement on Action [end]\n\n[response] I think your idea for our date is perfect! Taking a leisurely stroll through the gallery, discussing the pieces that catch our eye, and grabbing a coffee afterward sounds like a wonderful way to spend our time together. I'm looking forward to our creative exchange and getting to know you better. [end]"}}, {"from": "GM", "to": "GM", "timestamp": "2024-09-12T14:45:46.269127", "action": {"type": "parse", "content": "[reason] The other player has proposed taking a leisurely stroll through the gallery, discussing the pieces that catch our eye, and grabbing a coffee afterward to continue our conversation. [end]\n\n[sentiment] Agreement on Action [end]\n\n[response] I think your idea for our date is perfect! Taking a leisurely stroll through the gallery, discussing the pieces that catch our eye, and grabbing a coffee afterward sounds like a wonderful way to spend our time together. I'm looking forward to our creative exchange and getting to know you better. [end] conforms to rules"}}], [{"from": "GM", "to": "Player 1", "timestamp": "2024-09-12T14:45:46.269127", "action": {"type": "send message", "content": "Jamie Park 's Message:  I think your idea for our date is perfect! Taking a leisurely stroll through the gallery, discussing the pieces that catch our eye, and grabbing a coffee afterward sounds like a wonderful way to spend our time together. I'm looking forward to our creative exchange and getting to know you better. [end]\n"}}, {"from": "Player 1", "to": "GM", "timestamp": "2024-09-12T14:45:48.109595", "action": {"type": "get message", "content": "[reason] I'm pleased that Jamie shares my enthusiasm for our planned activities and is looking forward to our creative exchange. [end]\n\n[sentiment] Agreement on Action [end]\n\n[response] I'm thrilled that we're on the same page about our date activities. I'm really looking forward to our creative exchange and getting to know you better as well. Let's make the most of our time together at the contemporary art gallery on Saturday afternoon. [end]"}}, {"from": "GM", "to": "GM", "timestamp": "2024-09-12T14:45:48.109595", "action": {"type": "parse", "content": "[reason] I'm pleased that Jamie shares my enthusiasm for our planned activities and is looking forward to our creative exchange. [end]\n\n[sentiment] Agreement on Action [end]\n\n[response] I'm thrilled that we're on the same page about our date activities. I'm really looking forward to our creative exchange and getting to know you better as well. Let's make the most of our time together at the contemporary art gallery on Saturday afternoon. [end] conforms to rules"}}, {"from": "GM", "to": "GM", "timestamp": "2024-09-12T14:45:48.109595", "action": {"type": "action agreement", "content": "agreement on action successful"}}], [{"from": "GM", "to": "Player 2", "timestamp": "2024-09-12T14:45:48.110602", "action": {"type": "send message", "content": "Jamie Park 's Message:  I'm thrilled that we're on the same page about our date activities. I'm really looking forward to our creative exchange and getting to know you better as well. Let's make the most of our time together at the contemporary art gallery on Saturday afternoon. [end]\n"}}, {"from": "Player 2", "to": "GM", "timestamp": "2024-09-12T14:45:49.851182", "action": {"type": "get message", "content": "[reason] The other player has expressed excitement about our agreed-upon date activities and is looking forward to our creative exchange and getting to know each other better. [end]\n\n[sentiment] Overall Agreement [end]\n\n[response] I couldn't be more excited for our date at the contemporary art gallery on Saturday afternoon! I'm confident that we'll have a fantastic time sharing our artistic visions and getting to know each other better. Let's make the most of this opportunity to connect and create lasting memories. [end]"}}, {"from": "GM", "to": "GM", "timestamp": "2024-09-12T14:45:49.852184", "action": {"type": "parse", "content": "[reason] The other player has expressed excitement about our agreed-upon date activities and is looking forward to our creative exchange and getting to know each other better. [end]\n\n[sentiment] Overall Agreement [end]\n\n[response] I couldn't be more excited for our date at the contemporary art gallery on Saturday afternoon! I'm confident that we'll have a fantastic time sharing our artistic visions and getting to know each other better. Let's make the most of this opportunity to connect and create lasting memories. [end] conforms to rules"}}, {"from": "GM", "to": "GM", "timestamp": "2024-09-12T14:45:49.852184", "action": {"type": "mismatch action agreement", "content": "no action agreement, mismatched sentiment"}}], [{"from": "GM", "to": "Player 1", "timestamp": "2024-09-12T14:45:49.852184", "action": {"type": "send message", "content": "Jamie Park 's Message:  I couldn't be more excited for our date at the contemporary art gallery on Saturday afternoon! I'm confident that we'll have a fantastic time sharing our artistic visions and getting to know each other better. Let's make the most of this opportunity to connect and create lasting memories. [end]\n"}}, {"from": "Player 1", "to": "GM", "timestamp": "2024-09-12T14:45:51.489529", "action": {"type": "get message", "content": "[reason] I'm overjoyed by Jamie's enthusiasm and the prospect of a memorable first date. [end]\n\n[sentiment] Overall Agreement [end]\n\n[response] I wholeheartedly agree, Jamie! I'm eagerly anticipating our date at the contemporary art gallery on Saturday afternoon. I'm certain that we'll have a fantastic time sharing our artistic visions and creating lasting memories together. Let's make the most of this opportunity to connect and learn from each other. [end]"}}, {"from": "GM", "to": "GM", "timestamp": "2024-09-12T14:45:51.490532", "action": {"type": "parse", "content": "[reason] I'm overjoyed by Jamie's enthusiasm and the prospect of a memorable first date. [end]\n\n[sentiment] Overall Agreement [end]\n\n[response] I wholeheartedly agree, Jamie! I'm eagerly anticipating our date at the contemporary art gallery on Saturday afternoon. I'm certain that we'll have a fantastic time sharing our artistic visions and creating lasting memories together. Let's make the most of this opportunity to connect and learn from each other. [end] conforms to rules"}}, {"from": "GM", "to": "GM", "timestamp": "2024-09-12T14:45:51.490532", "action": {"type": "overall agreement", "content": "game successful"}}]], "max_turns": 15, "completed_turns": 13, "time_agreement": true, "location_agreement": true, "action_agreement": true}