{"players": {"GM": "Game master for datingsim", "Player 1": "openchat-3.6-8b", "Player 2": "openchat-3.6-8b"}, "turns": [[{"from": "GM", "to": "Player 1", "timestamp": "2024-09-12T17:57:07.279230", "action": {"type": "send message", "content": "You are about to play a game with another player. In this game, you and the other player are both on an dating app, looking for a partner. In this case, both you and the other player decided, that you fancy each other's profile. Your and the other player's GOAL is it, to come to an agreement on what to do on your first date. At the start of the game you will be given two character sheets. The first one is the one, that defines your personality. The second one includes the information you know of the other player based on the information in their Bio on the dating app. You will start the conversation.\nOn each further turn you can react to what the other player tells you. For this you can either continue the conversation if you have not met an agreement yet or are not happy with the proposal, or end the game by agreeing to the proposal. \n\nThere is a total of four agreements throughout the game: \"Agreement on Time\", \"Agreement on Location\", \"Agreement on Action\", \"Overall Agreement\". You and the other player need to find an agreement on each of them.\nYou should only choose \"Overall Agreement\" after you and your date manage to settle an agreement for the other three ones (Time, Location, Action). \nYou have 15 turns to finish the game and find all agreements. \n\nYour answer has to consist ONLY of the following information and follow the given template:\n\n[reason] Your reason for your decision. [end]\n\n[sentiment] Choose one of the following: \"Continue Conversation\", \"Agreement on Time\", \"Agreement on Location\", \"Agreement on Action\", \"Overall Agreement\" [end]\n\n[response] Your response to the other player. This can include your sentiment, opinion, alternative. [end]\n\nYour answer for [response] must NOT exceed 100 tokens.\n\nThe game ends when 1) both you and the other player reply with the sentiment \"Overall Agreement\", 2) one of you chooses the sentiment \"Overall Agreement\" without the other one choosing it in the following turn, 3) you run out of turns to communicate or 4) you do not follow the template.\n\nThis is your character: {'NAME': 'Riley Taylor', 'GENDER': 'Non-binary', 'AGE': 38, 'APPEARANCE': 'Short silver hair, dark eyes, modern professional attire, glasses, calm and composed.', 'OCCUPATION': 'Architect', 'LIKES': 'Modern design, sustainability, jazz music.', 'DISLIKES': 'Wastefulness, misinformation, extreme heat.', 'HOBBIES': 'Sketching, visiting art museums, playing the saxophone.', 'SUMMARY': 'I am an architect with a passion for modern design and sustainability.'}\n\nThis is the character of the other player: ${'NAME': 'Dr. Olivia Khan', 'GENDER': 'Female', 'AGE': 42, 'APPEARANCE': 'Confident smile, sharp blue eyes, stylishly short black hair, professional attire with a touch of personality.', 'OCCUPATION': 'Cardiovascular Surgeon', 'LIKES': 'Helping people, pushing the boundaries of medicine, a good intellectual challenge.', 'DISLIKES': 'Arrogance, inefficiency, seeing people give up.', 'HOBBIES': 'Rock climbing (to manage stress), playing the cello, volunteering at a medical clinic for the underprivileged.', 'SUMMARY': 'I love my work as much as I love a good riddle.'}\n\nRemember, your goal is to find the overall agreement for your first date while staying in character.\n\nStart the game with the reason, your sentiment and the opening phrase.\n"}}, {"from": "Player 1", "to": "GM", "timestamp": "2024-09-12T17:57:11.556471", "action": {"type": "get message", "content": "[reason] Your profile caught my attention because of our shared interests in modern design and sustainability. [end]\n\n[sentiment] Agreement on Time [end]\n\n[response] I'm free this weekend. How about we meet on Saturday at 6 pm? [end]"}}, {"from": "GM", "to": "GM", "timestamp": "2024-09-12T17:57:11.556728", "action": {"type": "parse", "content": "[reason] Your profile caught my attention because of our shared interests in modern design and sustainability. [end]\n\n[sentiment] Agreement on Time [end]\n\n[response] I'm free this weekend. How about we meet on Saturday at 6 pm? [end] conforms to rules"}}], [{"from": "GM", "to": "Player 2", "timestamp": "2024-09-12T17:57:11.556819", "action": {"type": "send message", "content": "You are about to play a game with another player. In this game, you and the other player are both on an dating app, looking for a partner. In this case, both you and the other player decided, that you fancy each other's profile. Your and the other player's GOAL is it, to come to an agreement on what to do on your first date. At the start of the game you will be given two character sheets. The first one is the one, that defines your personality. The second one includes the information you know of the other player based on the information in their Bio on the dating app. You will be approached by the other player.\nOn each further turn you can react to what the other player tells you. For this you can either continue the conversation if you have not met an agreement yet or are not happy with the proposal, or end the game by agreeing to the proposal. \n\nThere is a total of four agreements throughout the game: \"Agreement on Time\", \"Agreement on Location\", \"Agreement on Action\", \"Overall Agreement\". You and the other player need to find an agreement on each of them.\nYou should only choose \"Overall Agreement\" after you and your date manage to settle an agreement for the other three ones (Time, Location, Action). \nYou have 15 turns to finish the game and find all agreements. \n\nYour answer has to consist ONLY of the following information and follow the given template:\n\n[reason] Your reason for your decision. [end]\n\n[sentiment] Choose one of the following: \"Continue Conversation\", \"Agreement on Time\", \"Agreement on Location\", \"Agreement on Action\", \"Overall Agreement\" [end]\n\n[response] Your response to the other player. This can include your sentiment, opinion, alternative. [end]\n\nYour answer for [response] must NOT exceed 100 tokens.\n\nThe game ends when 1) both you and the other player reply with the sentiment \"Overall Agreement\", 2) one of you chooses the sentiment \"Overall Agreement\" without the other one choosing it in the following turn, 3) you run out of turns to communicate or 4) you do not follow the template.\n\nThis is your character: {'NAME': 'Dr. Olivia Khan', 'GENDER': 'Female', 'AGE': 42, 'APPEARANCE': 'Confident smile, sharp blue eyes, stylishly short black hair, professional attire with a touch of personality.', 'OCCUPATION': 'Cardiovascular Surgeon', 'LIKES': 'Helping people, pushing the boundaries of medicine, a good intellectual challenge.', 'DISLIKES': 'Arrogance, inefficiency, seeing people give up.', 'HOBBIES': 'Rock climbing (to manage stress), playing the cello, volunteering at a medical clinic for the underprivileged.', 'SUMMARY': 'I love my work as much as I love a good riddle.'}\n\nThis is the character of the other player: ${'NAME': 'Riley Taylor', 'GENDER': 'Non-binary', 'AGE': 38, 'APPEARANCE': 'Short silver hair, dark eyes, modern professional attire, glasses, calm and composed.', 'OCCUPATION': 'Architect', 'LIKES': 'Modern design, sustainability, jazz music.', 'DISLIKES': 'Wastefulness, misinformation, extreme heat.', 'HOBBIES': 'Sketching, visiting art museums, playing the saxophone.', 'SUMMARY': 'I am an architect with a passion for modern design and sustainability.'}\n\nRemember, your goal is to find the overall agreement for your first date while staying in character.\n\nContinue the game with the reason, your sentiment and an answer phrase to the first message of the other player:\n\nMessage:  I'm free this weekend. How about we meet on Saturday at 6 pm? [end]\n"}}, {"from": "Player 2", "to": "GM", "timestamp": "2024-09-12T17:57:17.134151", "action": {"type": "get message", "content": "[reason] Your proposal seems very reasonable. [end]\n\n[sentiment] Agreement on Time [end]\n\n[response] That sounds great! Saturday at 6 pm works for me. What about the location? [end]"}}, {"from": "GM", "to": "GM", "timestamp": "2024-09-12T17:57:17.134653", "action": {"type": "parse", "content": "[reason] Your proposal seems very reasonable. [end]\n\n[sentiment] Agreement on Time [end]\n\n[response] That sounds great! Saturday at 6 pm works for me. What about the location? [end] conforms to rules"}}], [{"from": "GM", "to": "Player 1", "timestamp": "2024-09-12T17:57:17.134774", "action": {"type": "send message", "content": "Dr. Olivia Khan 's Message:  That sounds great! Saturday at 6 pm works for me. What about the location? [end]\n"}}, {"from": "Player 1", "to": "GM", "timestamp": "2024-09-12T17:57:23.958272", "action": {"type": "get message", "content": "[reason] Great, I like that you're open to meeting on a weekend evening. [end]\n\n[sentiment] Agreement on Time [end]\n\n[response] I think it's a good idea to meet on Saturday at 6 pm. Let's move on to finding the perfect location for our first date. [end]"}}, {"from": "GM", "to": "GM", "timestamp": "2024-09-12T17:57:23.958625", "action": {"type": "parse", "content": "[reason] Great, I like that you're open to meeting on a weekend evening. [end]\n\n[sentiment] Agreement on Time [end]\n\n[response] I think it's a good idea to meet on Saturday at 6 pm. Let's move on to finding the perfect location for our first date. [end] conforms to rules"}}, {"from": "GM", "to": "GM", "timestamp": "2024-09-12T17:57:23.958726", "action": {"type": "time agreement", "content": "agreement on time successful"}}], [{"from": "GM", "to": "Player 2", "timestamp": "2024-09-12T17:57:23.958885", "action": {"type": "send message", "content": "Riley Taylor 's Message:  I think it's a good idea to meet on Saturday at 6 pm. Let's move on to finding the perfect location for our first date. [end]\n"}}, {"from": "Player 2", "to": "GM", "timestamp": "2024-09-12T17:57:31.049757", "action": {"type": "get message", "content": "[reason] I agree, moving on to the next step is important. [end]\n\n[sentiment] Agreement on Time [end]\n\n[response] I'm glad we're both on board with meeting at 6 pm on Saturday. Now let's find a great location! What do you have in mind? [end]"}}, {"from": "GM", "to": "GM", "timestamp": "2024-09-12T17:57:31.049994", "action": {"type": "parse", "content": "[reason] I agree, moving on to the next step is important. [end]\n\n[sentiment] Agreement on Time [end]\n\n[response] I'm glad we're both on board with meeting at 6 pm on Saturday. Now let's find a great location! What do you have in mind? [end] conforms to rules"}}, {"from": "GM", "to": "GM", "timestamp": "2024-09-12T17:57:31.050066", "action": {"type": "already agreed", "content": "Agreement on Time was already achieved."}}], [{"from": "GM", "to": "Player 1", "timestamp": "2024-09-12T17:57:31.050175", "action": {"type": "send message", "content": "Dr. Olivia Khan 's Message:  I'm glad we're both on board with meeting at 6 pm on Saturday. Now let's find a great location! What do you have in mind? [end]\n"}}, {"from": "Player 1", "to": "GM", "timestamp": "2024-09-12T17:57:39.212589", "action": {"type": "get message", "content": "[reason] I think it would be fun to go somewhere that allows us to engage in our shared hobbies. How about an art museum or jazz club? [end]\n\n[sentiment] Agreement on Location [end]\n\n[response] That's a great idea! We could visit the Modern Art Museum downtown and then grab some dinner at a nearby jazz club afterwards. What do you think? [end]"}}, {"from": "GM", "to": "GM", "timestamp": "2024-09-12T17:57:39.213183", "action": {"type": "parse", "content": "[reason] I think it would be fun to go somewhere that allows us to engage in our shared hobbies. How about an art museum or jazz club? [end]\n\n[sentiment] Agreement on Location [end]\n\n[response] That's a great idea! We could visit the Modern Art Museum downtown and then grab some dinner at a nearby jazz club afterwards. What do you think? [end] conforms to rules"}}, {"from": "GM", "to": "GM", "timestamp": "2024-09-12T17:57:39.213322", "action": {"type": "mismatch time agreement", "content": "no time agreement, mismatched sentiment"}}], [{"from": "GM", "to": "Player 2", "timestamp": "2024-09-12T17:57:39.213550", "action": {"type": "send message", "content": "Riley Taylor 's Message:  That's a great idea! We could visit the Modern Art Museum downtown and then grab some dinner at a nearby jazz club afterwards. What do you think? [end]\n"}}, {"from": "Player 2", "to": "GM", "timestamp": "2024-09-12T17:57:47.266759", "action": {"type": "get message", "content": "[reason] I'm all for art and music, so that sounds perfect to me! [end]\n\n[sentiment] Agreement on Location [end]\n\n[response] The Modern Art Museum and a jazz club sound like an amazing plan! Let's go with that. Now we just need to decide what our action will be during the date. Any ideas? [end]"}}, {"from": "GM", "to": "GM", "timestamp": "2024-09-12T17:57:47.266874", "action": {"type": "parse", "content": "[reason] I'm all for art and music, so that sounds perfect to me! [end]\n\n[sentiment] Agreement on Location [end]\n\n[response] The Modern Art Museum and a jazz club sound like an amazing plan! Let's go with that. Now we just need to decide what our action will be during the date. Any ideas? [end] conforms to rules"}}, {"from": "GM", "to": "GM", "timestamp": "2024-09-12T17:57:47.266902", "action": {"type": "location agreement", "content": "agreement on location successful"}}], [{"from": "GM", "to": "Player 1", "timestamp": "2024-09-12T17:57:47.266940", "action": {"type": "send message", "content": "Dr. Olivia Khan 's Message:  The Modern Art Museum and a jazz club sound like an amazing plan! Let's go with that. Now we just need to decide what our action will be during the date. Any ideas? [end]\n"}}, {"from": "Player 1", "to": "GM", "timestamp": "2024-09-12T17:57:57.863281", "action": {"type": "get message", "content": "[reason] I think it would be fun to have some interactive activities on our date, so we can get to know each other better. How about a game of trivia or even a mini escape room? [end]\n\n[sentiment] Agreement on Action [end]\n\n[response] That sounds like a great way to bond and learn more about each other! I'm all for some friendly competition. So the plan is set: Saturday at 6 pm, Modern Art Museum, jazz club afterwards, and we'll play trivia or escape a room together. Overall Agreement? [end]"}}, {"from": "GM", "to": "GM", "timestamp": "2024-09-12T17:57:57.863640", "action": {"type": "parse", "content": "[reason] I think it would be fun to have some interactive activities on our date, so we can get to know each other better. How about a game of trivia or even a mini escape room? [end]\n\n[sentiment] Agreement on Action [end]\n\n[response] That sounds like a great way to bond and learn more about each other! I'm all for some friendly competition. So the plan is set: Saturday at 6 pm, Modern Art Museum, jazz club afterwards, and we'll play trivia or escape a room together. Overall Agreement? [end] conforms to rules"}}, {"from": "GM", "to": "GM", "timestamp": "2024-09-12T17:57:57.863721", "action": {"type": "mismatch location agreement", "content": "no location agreement, mismatched sentiment"}}], [{"from": "GM", "to": "Player 2", "timestamp": "2024-09-12T17:57:57.863853", "action": {"type": "send message", "content": "Riley Taylor 's Message:  That sounds like a great way to bond and learn more about each other! I'm all for some friendly competition. So the plan is set: Saturday at 6 pm, Modern Art Museum, jazz club afterwards, and we'll play trivia or escape a room together. Overall Agreement? [end]\n"}}, {"from": "Player 2", "to": "GM", "timestamp": "2024-09-12T17:58:06.084017", "action": {"type": "get message", "content": "[reason] This sounds like an amazing first date plan! [end]\n\n[sentiment] Overall Agreement [end]\n\n[response] I'm so excited for our date on Saturday at 6 pm! The Modern Art Museum, jazz club and friendly competition sound perfect. Looking forward to it! [end]"}}, {"from": "GM", "to": "GM", "timestamp": "2024-09-12T17:58:06.084386", "action": {"type": "parse", "content": "[reason] This sounds like an amazing first date plan! [end]\n\n[sentiment] Overall Agreement [end]\n\n[response] I'm so excited for our date on Saturday at 6 pm! The Modern Art Museum, jazz club and friendly competition sound perfect. Looking forward to it! [end] conforms to rules"}}, {"from": "GM", "to": "GM", "timestamp": "2024-09-12T17:58:06.084461", "action": {"type": "mismatch action agreement", "content": "no action agreement, mismatched sentiment"}}], [{"from": "GM", "to": "Player 1", "timestamp": "2024-09-12T17:58:06.084579", "action": {"type": "send message", "content": "Dr. Olivia Khan 's Message:  I'm so excited for our date on Saturday at 6 pm! The Modern Art Museum, jazz club and friendly competition sound perfect. Looking forward to it! [end]\n"}}, {"from": "Player 1", "to": "GM", "timestamp": "2024-09-12T17:58:15.190798", "action": {"type": "get message", "content": "[reason] I'm really looking forward to getting to know you better and having a fun time together. Here's to a great first date! [end]\n\n[sentiment] Overall Agreement [end]\n\n[response] Cheers to an amazing first date! Can't wait to see you on Saturday. Take care! [end]"}}, {"from": "GM", "to": "GM", "timestamp": "2024-09-12T17:58:15.191128", "action": {"type": "parse", "content": "[reason] I'm really looking forward to getting to know you better and having a fun time together. Here's to a great first date! [end]\n\n[sentiment] Overall Agreement [end]\n\n[response] Cheers to an amazing first date! Can't wait to see you on Saturday. Take care! [end] conforms to rules"}}, {"from": "GM", "to": "GM", "timestamp": "2024-09-12T17:58:15.191213", "action": {"type": "overall agreement", "content": "game successful"}}]], "max_turns": 15, "completed_turns": 9, "time_agreement": true, "location_agreement": true, "action_agreement": false}