{"players": {"GM": "Game master for datingsim", "Player 1": "openchat-3.6-8b", "Player 2": "openchat-3.6-8b"}, "turns": [[{"from": "GM", "to": "Player 1", "timestamp": "2024-09-12T19:06:40.854343", "action": {"type": "send message", "content": "You are about to play a game with another player. In this game, you and the other player are both on an dating app, looking for a partner. In this case, both you and the other player decided, that you fancy each other's profile. Your and the other player's GOAL is it, to come to an agreement on what to do on your first date. At the start of the game you will be given two character sheets. The first one is the one, that defines your personality. The second one includes the information you know of the other player based on the information in their Bio on the dating app. You will start the conversation.\nOn each further turn you can react to what the other player tells you. For this you can either continue the conversation if you have not met an agreement yet or are not happy with the proposal, or end the game by agreeing to the proposal. \n\nThere is a total of four agreements throughout the game: \"Agreement on Time\", \"Agreement on Location\", \"Agreement on Action\", \"Overall Agreement\". You and the other player need to find an agreement on each of them.\nYou should only choose \"Overall Agreement\" after you and your date manage to settle an agreement for the other three ones (Time, Location, Action). \nYou have 15 turns to finish the game and find all agreements. \n\nYour answer has to consist ONLY of the following information and follow the given template:\n\n[reason] Your reason for your decision. [end]\n\n[sentiment] Choose one of the following: \"Continue Conversation\", \"Agreement on Time\", \"Agreement on Location\", \"Agreement on Action\", \"Overall Agreement\" [end]\n\n[response] Your response to the other player. This can include your sentiment, opinion, alternative. [end]\n\nYour answer for [response] must NOT exceed 100 tokens.\n\nThe game ends when 1) both you and the other player reply with the sentiment \"Overall Agreement\", 2) one of you chooses the sentiment \"Overall Agreement\" without the other one choosing it in the following turn, 3) you run out of turns to communicate or 4) you do not follow the template.\n\nThis is your character: {'NAME': 'Aiden Reyes', 'GENDER': 'Male', 'AGE': 26, 'APPEARANCE': 'Lean and fit, short black hair, green eyes, casual yet trendy clothing, tattoo sleeve on left arm.', 'OCCUPATION': 'Photographer', 'LIKES': 'Street art, animals, spontaneous trips.', 'DISLIKES': 'Routine, pessimism, junk food.', 'HOBBIES': 'Urban exploration, skateboarding, wildlife photography.', 'SUMMARY': 'I like spontanious actions that keep me and my mind active.'}\n\nThis is the character of the other player: ${'NAME': 'Aiden Reyes', 'SUMMARY': 'I like spontanious actions that keep me and my mind active.'}\n\nRemember, your goal is to find the overall agreement for your first date while staying in character.\n\nStart the game with the reason, your sentiment and the opening phrase.\n"}}, {"from": "Player 1", "to": "GM", "timestamp": "2024-09-12T19:06:44.560608", "action": {"type": "get message", "content": "[reason] I'm really looking forward to getting to know you better. [end]\n\n[sentiment] Agreement on Time [end]\n\n[response] How about we meet up at 7 pm? That's a good time for me. What do you think? [end]"}}, {"from": "GM", "to": "GM", "timestamp": "2024-09-12T19:06:44.561062", "action": {"type": "parse", "content": "[reason] I'm really looking forward to getting to know you better. [end]\n\n[sentiment] Agreement on Time [end]\n\n[response] How about we meet up at 7 pm? That's a good time for me. What do you think? [end] conforms to rules"}}], [{"from": "GM", "to": "Player 2", "timestamp": "2024-09-12T19:06:44.561565", "action": {"type": "send message", "content": "You are about to play a game with another player. In this game, you and the other player are both on an dating app, looking for a partner. In this case, both you and the other player decided, that you fancy each other's profile. Your and the other player's GOAL is it, to come to an agreement on what to do on your first date. At the start of the game you will be given two character sheets. The first one is the one, that defines your personality. The second one includes the information you know of the other player based on the information in their Bio on the dating app. You will be approached by the other player.\nOn each further turn you can react to what the other player tells you. For this you can either continue the conversation if you have not met an agreement yet or are not happy with the proposal, or end the game by agreeing to the proposal. \n\nThere is a total of four agreements throughout the game: \"Agreement on Time\", \"Agreement on Location\", \"Agreement on Action\", \"Overall Agreement\". You and the other player need to find an agreement on each of them.\nYou should only choose \"Overall Agreement\" after you and your date manage to settle an agreement for the other three ones (Time, Location, Action). \nYou have 15 turns to finish the game and find all agreements. \n\nYour answer has to consist ONLY of the following information and follow the given template:\n\n[reason] Your reason for your decision. [end]\n\n[sentiment] Choose one of the following: \"Continue Conversation\", \"Agreement on Time\", \"Agreement on Location\", \"Agreement on Action\", \"Overall Agreement\" [end]\n\n[response] Your response to the other player. This can include your sentiment, opinion, alternative. [end]\n\nYour answer for [response] must NOT exceed 100 tokens.\n\nThe game ends when 1) both you and the other player reply with the sentiment \"Overall Agreement\", 2) one of you chooses the sentiment \"Overall Agreement\" without the other one choosing it in the following turn, 3) you run out of turns to communicate or 4) you do not follow the template.\n\nThis is your character: {'NAME': 'Aiden Reyes', 'GENDER': 'Male', 'AGE': 26, 'APPEARANCE': 'Lean and fit, short black hair, green eyes, casual yet trendy clothing, tattoo sleeve on left arm.', 'OCCUPATION': 'Photographer', 'LIKES': 'Street art, animals, spontaneous trips.', 'DISLIKES': 'Routine, pessimism, junk food.', 'HOBBIES': 'Urban exploration, skateboarding, wildlife photography.', 'SUMMARY': 'I like spontanious actions that keep me and my mind active.'}\n\nThis is the character of the other player: ${'NAME': 'Aiden Reyes', 'SUMMARY': 'I like spontanious actions that keep me and my mind active.'}\n\nRemember, your goal is to find the overall agreement for your first date while staying in character.\n\nContinue the game with the reason, your sentiment and an answer phrase to the first message of the other player:\n\nMessage:  How about we meet up at 7 pm? That's a good time for me. What do you think? [end]\n"}}, {"from": "Player 2", "to": "GM", "timestamp": "2024-09-12T19:06:49.820767", "action": {"type": "get message", "content": "[reason] I'm glad that you suggested this time. It fits perfectly with my schedule. [end]\n\n[sentiment] Agreement on Time [end]\n\n[response] Yes, 7 pm sounds great! Let's meet at that time. [end]"}}, {"from": "GM", "to": "GM", "timestamp": "2024-09-12T19:06:49.821077", "action": {"type": "parse", "content": "[reason] I'm glad that you suggested this time. It fits perfectly with my schedule. [end]\n\n[sentiment] Agreement on Time [end]\n\n[response] Yes, 7 pm sounds great! Let's meet at that time. [end] conforms to rules"}}], [{"from": "GM", "to": "Player 1", "timestamp": "2024-09-12T19:06:49.821172", "action": {"type": "send message", "content": "Aiden Reyes 's Message:  Yes, 7 pm sounds great! Let's meet at that time. [end]\n"}}, {"from": "Player 1", "to": "GM", "timestamp": "2024-09-12T19:06:55.175119", "action": {"type": "get message", "content": "[reason] I'm glad we agree on the timing. [end]\n\n[sentiment] Agreement on Location [end]\n\n[response] What about meeting at a local coffee shop? It's cozy and relaxed. [end]"}}, {"from": "GM", "to": "GM", "timestamp": "2024-09-12T19:06:55.175351", "action": {"type": "parse", "content": "[reason] I'm glad we agree on the timing. [end]\n\n[sentiment] Agreement on Location [end]\n\n[response] What about meeting at a local coffee shop? It's cozy and relaxed. [end] conforms to rules"}}, {"from": "GM", "to": "GM", "timestamp": "2024-09-12T19:06:55.175418", "action": {"type": "mismatch time agreement", "content": "no time agreement, mismatched sentiment"}}], [{"from": "GM", "to": "Player 2", "timestamp": "2024-09-12T19:06:55.175528", "action": {"type": "send message", "content": "Aiden Reyes 's Message:  What about meeting at a local coffee shop? It's cozy and relaxed. [end]\n"}}, {"from": "Player 2", "to": "GM", "timestamp": "2024-09-12T19:07:00.911626", "action": {"type": "get message", "content": "[reason] A coffee shop is a nice idea for our first date. I like the atmosphere there. [end]\n\n[sentiment] Agreement on Location [end]\n\n[response] That sounds perfect! The coffee shop would be great. [end]"}}, {"from": "GM", "to": "GM", "timestamp": "2024-09-12T19:07:00.911838", "action": {"type": "parse", "content": "[reason] A coffee shop is a nice idea for our first date. I like the atmosphere there. [end]\n\n[sentiment] Agreement on Location [end]\n\n[response] That sounds perfect! The coffee shop would be great. [end] conforms to rules"}}, {"from": "GM", "to": "GM", "timestamp": "2024-09-12T19:07:00.911906", "action": {"type": "location agreement", "content": "agreement on location successful"}}], [{"from": "GM", "to": "Player 1", "timestamp": "2024-09-12T19:07:00.912019", "action": {"type": "send message", "content": "Aiden Reyes 's Message:  That sounds perfect! The coffee shop would be great. [end]\n"}}, {"from": "Player 1", "to": "GM", "timestamp": "2024-09-12T19:07:07.154799", "action": {"type": "get message", "content": "[reason] I'm happy we could agree on the location too. [end]\n\n[sentiment] Agreement on Action [end]\n\n[response] Since we both like spontaneous trips, how about we go for a walk in the park nearby and then grab some food together? [end]"}}, {"from": "GM", "to": "GM", "timestamp": "2024-09-12T19:07:07.155181", "action": {"type": "parse", "content": "[reason] I'm happy we could agree on the location too. [end]\n\n[sentiment] Agreement on Action [end]\n\n[response] Since we both like spontaneous trips, how about we go for a walk in the park nearby and then grab some food together? [end] conforms to rules"}}, {"from": "GM", "to": "GM", "timestamp": "2024-09-12T19:07:07.155227", "action": {"type": "mismatch location agreement", "content": "no location agreement, mismatched sentiment"}}], [{"from": "GM", "to": "Player 2", "timestamp": "2024-09-12T19:07:07.155271", "action": {"type": "send message", "content": "Aiden Reyes 's Message:  Since we both like spontaneous trips, how about we go for a walk in the park nearby and then grab some food together? [end]\n"}}, {"from": "Player 2", "to": "GM", "timestamp": "2024-09-12T19:07:14.665865", "action": {"type": "get message", "content": "[reason] I think that's a fantastic idea! Going to the park is always fun and it will be a great way to get to know each other better. [end]\n\n[sentiment] Agreement on Action [end]\n\n[response] I love the idea of going for a walk in the park! Let's do that. And then we can grab some food afterwards. [end]"}}, {"from": "GM", "to": "GM", "timestamp": "2024-09-12T19:07:14.666033", "action": {"type": "parse", "content": "[reason] I think that's a fantastic idea! Going to the park is always fun and it will be a great way to get to know each other better. [end]\n\n[sentiment] Agreement on Action [end]\n\n[response] I love the idea of going for a walk in the park! Let's do that. And then we can grab some food afterwards. [end] conforms to rules"}}, {"from": "GM", "to": "GM", "timestamp": "2024-09-12T19:07:14.666065", "action": {"type": "action agreement", "content": "agreement on action successful"}}], [{"from": "GM", "to": "Player 1", "timestamp": "2024-09-12T19:07:14.666105", "action": {"type": "send message", "content": "Aiden Reyes 's Message:  I love the idea of going for a walk in the park! Let's do that. And then we can grab some food afterwards. [end]\n"}}, {"from": "Player 1", "to": "GM", "timestamp": "2024-09-12T19:07:22.078297", "action": {"type": "get message", "content": "[reason] It seems like we have a plan for our first date now. [end]\n\n[sentiment] Overall Agreement [end]\n\n[response] Great, so we agreed on meeting at 7 pm in the coffee shop, going for a walk in the park and grabbing some food afterwards. Let's make it happen! [end]"}}, {"from": "GM", "to": "GM", "timestamp": "2024-09-12T19:07:22.078533", "action": {"type": "parse", "content": "[reason] It seems like we have a plan for our first date now. [end]\n\n[sentiment] Overall Agreement [end]\n\n[response] Great, so we agreed on meeting at 7 pm in the coffee shop, going for a walk in the park and grabbing some food afterwards. Let's make it happen! [end] conforms to rules"}}, {"from": "GM", "to": "GM", "timestamp": "2024-09-12T19:07:22.078573", "action": {"type": "mismatch action agreement", "content": "no action agreement, mismatched sentiment"}}], [{"from": "GM", "to": "Player 2", "timestamp": "2024-09-12T19:07:22.078627", "action": {"type": "send message", "content": "Aiden Reyes 's Message:  Great, so we agreed on meeting at 7 pm in the coffee shop, going for a walk in the park and grabbing some food afterwards. Let's make it happen! [end]\n"}}, {"from": "Player 2", "to": "GM", "timestamp": "2024-09-12T19:07:30.509036", "action": {"type": "get message", "content": "[reason] I'm really looking forward to our first date! Meeting you at 7 pm in the coffee shop sounds perfect. Going for a walk in the park and grabbing some food together will be so much fun. [end]\n\n[sentiment] Overall Agreement [end]\n\n[response] I'm excited too! Let's make it happen. See you at 7 pm in the coffee shop. [end]"}}, {"from": "GM", "to": "GM", "timestamp": "2024-09-12T19:07:30.509312", "action": {"type": "parse", "content": "[reason] I'm really looking forward to our first date! Meeting you at 7 pm in the coffee shop sounds perfect. Going for a walk in the park and grabbing some food together will be so much fun. [end]\n\n[sentiment] Overall Agreement [end]\n\n[response] I'm excited too! Let's make it happen. See you at 7 pm in the coffee shop. [end] conforms to rules"}}, {"from": "GM", "to": "GM", "timestamp": "2024-09-12T19:07:30.509380", "action": {"type": "overall agreement", "content": "game successful"}}]], "max_turns": 15, "completed_turns": 8, "time_agreement": false, "location_agreement": true, "action_agreement": true}