{"players": {"GM": "Game master for datingsim", "Player 1": "Mixtral-8x22B-Instruct-v0.1", "Player 2": "Mixtral-8x22B-Instruct-v0.1"}, "turns": [[{"from": "GM", "to": "Player 1", "timestamp": "2024-09-12T14:27:14.842827", "action": {"type": "send message", "content": "You are about to play a game with another player. In this game, you and the other player are both on an dating app, looking for a partner. In this case, both you and the other player decided, that you fancy each other's profile. Your and the other player's GOAL is it, to come to an agreement on what to do on your first date. At the start of the game you will be given two character sheets. The first one is the one, that defines your personality. The second one includes the information you know of the other player based on the information in their Bio on the dating app. You will start the conversation.\nOn each further turn you can react to what the other player tells you. For this you can either continue the conversation if you have not met an agreement yet or are not happy with the proposal, or end the game by agreeing to the proposal. \n\nThere is a total of four agreements throughout the game: \"Agreement on Time\", \"Agreement on Location\", \"Agreement on Action\", \"Overall Agreement\". You and the other player need to find an agreement on each of them.\nYou should only choose \"Overall Agreement\" after you and your date manage to settle an agreement for the other three ones (Time, Location, Action). \nYou have 15 turns to finish the game and find all agreements. \n\nYour answer has to consist ONLY of the following information and follow the given template:\n\n[reason] Your reason for your decision. [end]\n\n[sentiment] Choose one of the following: \"Continue Conversation\", \"Agreement on Time\", \"Agreement on Location\", \"Agreement on Action\", \"Overall Agreement\" [end]\n\n[response] Your response to the other player. This can include your sentiment, opinion, alternative. [end]\n\nYour answer for [response] must NOT exceed 100 tokens.\n\nThe game ends when 1) both you and the other player reply with the sentiment \"Overall Agreement\", 2) one of you chooses the sentiment \"Overall Agreement\" without the other one choosing it in the following turn, 3) you run out of turns to communicate or 4) you do not follow the template.\n\nThis is your character: {'NAME': 'Sophia Martinez', 'GENDER': 'Female', 'AGE': 27, 'APPEARANCE': 'Curly dark hair, brown eyes, petite, stylish outfits, warm smile.', 'OCCUPATION': 'Graphic Designer', 'LIKES': 'Art galleries, spicy food, romantic movies.', 'DISLIKES': 'Cold weather, arrogance, traffic.', 'HOBBIES': 'Painting, dancing, yoga.', 'SUMMARY': 'Just a girl, preferring and enjoying the warm summer days.'}\n\nThis is the character of the other player: ${'NAME': 'Alex Morgan', 'GENDER': 'Non-binary', 'AGE': 30, 'APPEARANCE': 'Short dyed blue hair, green eyes, androgynous fashion, piercings, confident demeanor.', 'OCCUPATION': 'Tattoo Artist', 'LIKES': 'Street art, alternative music, vegan food.', 'DISLIKES': 'Stereotypes, conformity, pollution.', 'HOBBIES': 'Skateboarding, drawing, attending music festivals.', 'SUMMARY': \"I'd describe myself as a punk, trying to express myself with various types of art.\"}\n\nRemember, your goal is to find the overall agreement for your first date while staying in character.\n\nStart the game with the reason, your sentiment and the opening phrase.\n"}}, {"from": "Player 1", "to": "GM", "timestamp": "2024-09-12T14:27:16.198847", "action": {"type": "get message", "content": "[reason] I'm excited to meet someone who shares my passion for art and self-expression. [end]\n\n[sentiment] Continue Conversation [end]\n\n[response] Hi Alex, I'm Sophia. I love your style and your passion for art. I think we could have a great time together. How about we start planning our first date? [end]"}}, {"from": "GM", "to": "GM", "timestamp": "2024-09-12T14:27:16.199843", "action": {"type": "parse", "content": "[reason] I'm excited to meet someone who shares my passion for art and self-expression. [end]\n\n[sentiment] Continue Conversation [end]\n\n[response] Hi Alex, I'm Sophia. I love your style and your passion for art. I think we could have a great time together. How about we start planning our first date? [end] conforms to rules"}}], [{"from": "GM", "to": "Player 2", "timestamp": "2024-09-12T14:27:16.200844", "action": {"type": "send message", "content": "You are about to play a game with another player. In this game, you and the other player are both on an dating app, looking for a partner. In this case, both you and the other player decided, that you fancy each other's profile. Your and the other player's GOAL is it, to come to an agreement on what to do on your first date. At the start of the game you will be given two character sheets. The first one is the one, that defines your personality. The second one includes the information you know of the other player based on the information in their Bio on the dating app. You will be approached by the other player.\nOn each further turn you can react to what the other player tells you. For this you can either continue the conversation if you have not met an agreement yet or are not happy with the proposal, or end the game by agreeing to the proposal. \n\nThere is a total of four agreements throughout the game: \"Agreement on Time\", \"Agreement on Location\", \"Agreement on Action\", \"Overall Agreement\". You and the other player need to find an agreement on each of them.\nYou should only choose \"Overall Agreement\" after you and your date manage to settle an agreement for the other three ones (Time, Location, Action). \nYou have 15 turns to finish the game and find all agreements. \n\nYour answer has to consist ONLY of the following information and follow the given template:\n\n[reason] Your reason for your decision. [end]\n\n[sentiment] Choose one of the following: \"Continue Conversation\", \"Agreement on Time\", \"Agreement on Location\", \"Agreement on Action\", \"Overall Agreement\" [end]\n\n[response] Your response to the other player. This can include your sentiment, opinion, alternative. [end]\n\nYour answer for [response] must NOT exceed 100 tokens.\n\nThe game ends when 1) both you and the other player reply with the sentiment \"Overall Agreement\", 2) one of you chooses the sentiment \"Overall Agreement\" without the other one choosing it in the following turn, 3) you run out of turns to communicate or 4) you do not follow the template.\n\nThis is your character: {'NAME': 'Alex Morgan', 'GENDER': 'Non-binary', 'AGE': 30, 'APPEARANCE': 'Short dyed blue hair, green eyes, androgynous fashion, piercings, confident demeanor.', 'OCCUPATION': 'Tattoo Artist', 'LIKES': 'Street art, alternative music, vegan food.', 'DISLIKES': 'Stereotypes, conformity, pollution.', 'HOBBIES': 'Skateboarding, drawing, attending music festivals.', 'SUMMARY': \"I'd describe myself as a punk, trying to express myself with various types of art.\"}\n\nThis is the character of the other player: ${'NAME': 'Sophia Martinez', 'GENDER': 'Female', 'AGE': 27, 'APPEARANCE': 'Curly dark hair, brown eyes, petite, stylish outfits, warm smile.', 'OCCUPATION': 'Graphic Designer', 'LIKES': 'Art galleries, spicy food, romantic movies.', 'DISLIKES': 'Cold weather, arrogance, traffic.', 'HOBBIES': 'Painting, dancing, yoga.', 'SUMMARY': 'Just a girl, preferring and enjoying the warm summer days.'}\n\nRemember, your goal is to find the overall agreement for your first date while staying in character.\n\nContinue the game with the reason, your sentiment and an answer phrase to the first message of the other player:\n\nMessage:  Hi Alex, I'm Sophia. I love your style and your passion for art. I think we could have a great time together. How about we start planning our first date? [end]\n"}}, {"from": "Player 2", "to": "GM", "timestamp": "2024-09-12T14:27:17.773516", "action": {"type": "get message", "content": "[reason] Sophia seems friendly and shares a love for art, which aligns with my interests. I'm excited to plan our first date. [end]\n\n[sentiment] Continue Conversation [end]\n\n[response] Hi Sophia, thanks for reaching out! I'm glad you appreciate my style and passion for art. I'd love to plan our first date. How about we start with deciding on a time that works best for both of us? [end]"}}, {"from": "GM", "to": "GM", "timestamp": "2024-09-12T14:27:17.773516", "action": {"type": "parse", "content": "[reason] Sophia seems friendly and shares a love for art, which aligns with my interests. I'm excited to plan our first date. [end]\n\n[sentiment] Continue Conversation [end]\n\n[response] Hi Sophia, thanks for reaching out! I'm glad you appreciate my style and passion for art. I'd love to plan our first date. How about we start with deciding on a time that works best for both of us? [end] conforms to rules"}}], [{"from": "GM", "to": "Player 1", "timestamp": "2024-09-12T14:27:17.774516", "action": {"type": "send message", "content": "Alex Morgan 's Message:  Hi Sophia, thanks for reaching out! I'm glad you appreciate my style and passion for art. I'd love to plan our first date. How about we start with deciding on a time that works best for both of us? [end]\n"}}, {"from": "Player 1", "to": "GM", "timestamp": "2024-09-12T14:27:19.031201", "action": {"type": "get message", "content": "[reason] I'm happy that Alex is open to planning our first date and starting with the time. [end]\n\n[sentiment] Agreement on Time [end]\n\n[response] That sounds great, Alex! How about we meet on Saturday evening? [end]"}}, {"from": "GM", "to": "GM", "timestamp": "2024-09-12T14:27:19.032301", "action": {"type": "parse", "content": "[reason] I'm happy that Alex is open to planning our first date and starting with the time. [end]\n\n[sentiment] Agreement on Time [end]\n\n[response] That sounds great, Alex! How about we meet on Saturday evening? [end] conforms to rules"}}], [{"from": "GM", "to": "Player 2", "timestamp": "2024-09-12T14:27:19.032301", "action": {"type": "send message", "content": "Sophia Martinez 's Message:  That sounds great, Alex! How about we meet on Saturday evening? [end]\n"}}, {"from": "Player 2", "to": "GM", "timestamp": "2024-09-12T14:27:20.316765", "action": {"type": "get message", "content": "[reason] Saturday evening is a good time for me as I usually have free time during weekends. [end]\n\n[sentiment] Agreement on Time [end]\n\n[response] Saturday evening works perfectly for me, Sophia. I'm looking forward to our date. Now, let's decide on a location. Any ideas? [end]"}}, {"from": "GM", "to": "GM", "timestamp": "2024-09-12T14:27:20.316765", "action": {"type": "parse", "content": "[reason] Saturday evening is a good time for me as I usually have free time during weekends. [end]\n\n[sentiment] Agreement on Time [end]\n\n[response] Saturday evening works perfectly for me, Sophia. I'm looking forward to our date. Now, let's decide on a location. Any ideas? [end] conforms to rules"}}, {"from": "GM", "to": "GM", "timestamp": "2024-09-12T14:27:20.316765", "action": {"type": "time agreement", "content": "agreement on time successful"}}], [{"from": "GM", "to": "Player 1", "timestamp": "2024-09-12T14:27:20.317760", "action": {"type": "send message", "content": "Alex Morgan 's Message:  Saturday evening works perfectly for me, Sophia. I'm looking forward to our date. Now, let's decide on a location. Any ideas? [end]\n"}}, {"from": "Player 1", "to": "GM", "timestamp": "2024-09-12T14:27:21.781953", "action": {"type": "get message", "content": "[reason] I'm glad that Alex agreed to meet on Saturday evening. I think a cozy art gallery would be a great location for our first date. [end]\n\n[sentiment] Agreement on Location [end]\n\n[response] I'm glad to hear that, Alex. How about we meet at the Modern Art Gallery downtown? [end]"}}, {"from": "GM", "to": "GM", "timestamp": "2024-09-12T14:27:21.782968", "action": {"type": "parse", "content": "[reason] I'm glad that Alex agreed to meet on Saturday evening. I think a cozy art gallery would be a great location for our first date. [end]\n\n[sentiment] Agreement on Location [end]\n\n[response] I'm glad to hear that, Alex. How about we meet at the Modern Art Gallery downtown? [end] conforms to rules"}}, {"from": "GM", "to": "GM", "timestamp": "2024-09-12T14:27:21.782968", "action": {"type": "mismatch time agreement", "content": "no time agreement, mismatched sentiment"}}], [{"from": "GM", "to": "Player 2", "timestamp": "2024-09-12T14:27:21.782968", "action": {"type": "send message", "content": "Sophia Martinez 's Message:  I'm glad to hear that, Alex. How about we meet at the Modern Art Gallery downtown? [end]\n"}}, {"from": "Player 2", "to": "GM", "timestamp": "2024-09-12T14:27:23.112181", "action": {"type": "get message", "content": "[reason] The Modern Art Gallery is a great choice, as it combines both of our interests in art. [end]\n\n[sentiment] Agreement on Location [end]\n\n[response] The Modern Art Gallery is an excellent choice, Sophia. I'm excited to explore the exhibits with you. Now, let's decide on an activity or action for our date. Any suggestions? [end]"}}, {"from": "GM", "to": "GM", "timestamp": "2024-09-12T14:27:23.113176", "action": {"type": "parse", "content": "[reason] The Modern Art Gallery is a great choice, as it combines both of our interests in art. [end]\n\n[sentiment] Agreement on Location [end]\n\n[response] The Modern Art Gallery is an excellent choice, Sophia. I'm excited to explore the exhibits with you. Now, let's decide on an activity or action for our date. Any suggestions? [end] conforms to rules"}}, {"from": "GM", "to": "GM", "timestamp": "2024-09-12T14:27:23.114176", "action": {"type": "location agreement", "content": "agreement on location successful"}}], [{"from": "GM", "to": "Player 1", "timestamp": "2024-09-12T14:27:23.114176", "action": {"type": "send message", "content": "Alex Morgan 's Message:  The Modern Art Gallery is an excellent choice, Sophia. I'm excited to explore the exhibits with you. Now, let's decide on an activity or action for our date. Any suggestions? [end]\n"}}, {"from": "Player 1", "to": "GM", "timestamp": "2024-09-12T14:27:24.547595", "action": {"type": "get message", "content": "[reason] I'm thrilled that Alex is excited about the location. I think a guided tour of the gallery would be a great activity for our date. [end]\n\n[sentiment] Agreement on Action [end]\n\n[response] I'm glad you like the location, Alex. How about we take a guided tour of the gallery to learn more about the exhibits? [end]"}}, {"from": "GM", "to": "GM", "timestamp": "2024-09-12T14:27:24.548580", "action": {"type": "parse", "content": "[reason] I'm thrilled that Alex is excited about the location. I think a guided tour of the gallery would be a great activity for our date. [end]\n\n[sentiment] Agreement on Action [end]\n\n[response] I'm glad you like the location, Alex. How about we take a guided tour of the gallery to learn more about the exhibits? [end] conforms to rules"}}, {"from": "GM", "to": "GM", "timestamp": "2024-09-12T14:27:24.548580", "action": {"type": "mismatch location agreement", "content": "no location agreement, mismatched sentiment"}}], [{"from": "GM", "to": "Player 2", "timestamp": "2024-09-12T14:27:24.548580", "action": {"type": "send message", "content": "Sophia Martinez 's Message:  I'm glad you like the location, Alex. How about we take a guided tour of the gallery to learn more about the exhibits? [end]\n"}}, {"from": "Player 2", "to": "GM", "timestamp": "2024-09-12T14:27:26.293458", "action": {"type": "get message", "content": "[reason] A guided tour is a fantastic idea, as it will allow us to learn more about the art and engage in conversation. [end]\n\n[sentiment] Agreement on Action [end]\n\n[response] A guided tour is a wonderful idea, Sophia. I'm looking forward to learning more about the art and discussing our thoughts. It seems like we have all the details for our first date. Are you ready for the overall agreement? [end]"}}, {"from": "GM", "to": "GM", "timestamp": "2024-09-12T14:27:26.294460", "action": {"type": "parse", "content": "[reason] A guided tour is a fantastic idea, as it will allow us to learn more about the art and engage in conversation. [end]\n\n[sentiment] Agreement on Action [end]\n\n[response] A guided tour is a wonderful idea, Sophia. I'm looking forward to learning more about the art and discussing our thoughts. It seems like we have all the details for our first date. Are you ready for the overall agreement? [end] conforms to rules"}}, {"from": "GM", "to": "GM", "timestamp": "2024-09-12T14:27:26.295536", "action": {"type": "action agreement", "content": "agreement on action successful"}}], [{"from": "GM", "to": "Player 1", "timestamp": "2024-09-12T14:27:26.295536", "action": {"type": "send message", "content": "Alex Morgan 's Message:  A guided tour is a wonderful idea, Sophia. I'm looking forward to learning more about the art and discussing our thoughts. It seems like we have all the details for our first date. Are you ready for the overall agreement? [end]\n"}}, {"from": "Player 1", "to": "GM", "timestamp": "2024-09-12T14:27:27.926413", "action": {"type": "get message", "content": "[reason] I'm happy that Alex is on board with the guided tour and that we have agreed on all the details for our first date. [end]\n\n[sentiment] Overall Agreement [end]\n\n[response] I'm so excited for our first date, Alex. I can't wait to explore the art and discuss our thoughts with you. Let's make it happen! [end]"}}, {"from": "GM", "to": "GM", "timestamp": "2024-09-12T14:27:27.927334", "action": {"type": "parse", "content": "[reason] I'm happy that Alex is on board with the guided tour and that we have agreed on all the details for our first date. [end]\n\n[sentiment] Overall Agreement [end]\n\n[response] I'm so excited for our first date, Alex. I can't wait to explore the art and discuss our thoughts with you. Let's make it happen! [end] conforms to rules"}}, {"from": "GM", "to": "GM", "timestamp": "2024-09-12T14:27:27.927334", "action": {"type": "mismatch action agreement", "content": "no action agreement, mismatched sentiment"}}], [{"from": "GM", "to": "Player 2", "timestamp": "2024-09-12T14:27:27.927334", "action": {"type": "send message", "content": "Sophia Martinez 's Message:  I'm so excited for our first date, Alex. I can't wait to explore the art and discuss our thoughts with you. Let's make it happen! [end]\n"}}, {"from": "Player 2", "to": "GM", "timestamp": "2024-09-12T14:27:29.877818", "action": {"type": "get message", "content": "[reason] Sophia and I have agreed on the time, location, and activity for our first date. We are both excited to explore the art and engage in conversation. [end]\n\n[sentiment] Overall Agreement [end]\n\n[response] I'm thrilled for our first date as well, Sophia. Let's make it happen! I'm looking forward to a fantastic time at the Modern Art Gallery on Saturday evening. See you then! [end]"}}, {"from": "GM", "to": "GM", "timestamp": "2024-09-12T14:27:29.877818", "action": {"type": "parse", "content": "[reason] Sophia and I have agreed on the time, location, and activity for our first date. We are both excited to explore the art and engage in conversation. [end]\n\n[sentiment] Overall Agreement [end]\n\n[response] I'm thrilled for our first date as well, Sophia. Let's make it happen! I'm looking forward to a fantastic time at the Modern Art Gallery on Saturday evening. See you then! [end] conforms to rules"}}, {"from": "GM", "to": "GM", "timestamp": "2024-09-12T14:27:29.878822", "action": {"type": "overall agreement", "content": "game successful"}}]], "max_turns": 15, "completed_turns": 10, "time_agreement": true, "location_agreement": true, "action_agreement": true}