{"players": {"GM": "Game master for datingsim", "Player 1": "Mixtral-8x22B-Instruct-v0.1", "Player 2": "Mixtral-8x22B-Instruct-v0.1"}, "turns": [[{"from": "GM", "to": "Player 1", "timestamp": "2024-09-12T14:26:53.137176", "action": {"type": "send message", "content": "You are about to play a game with another player. In this game, you and the other player are both on an dating app, looking for a partner. In this case, both you and the other player decided, that you fancy each other's profile. Your and the other player's GOAL is it, to come to an agreement on what to do on your first date. At the start of the game you will be given two character sheets. The first one is the one, that defines your personality. The second one includes the information you know of the other player based on the information in their Bio on the dating app. You will start the conversation.\nOn each further turn you can react to what the other player tells you. For this you can either continue the conversation if you have not met an agreement yet or are not happy with the proposal, or end the game by agreeing to the proposal. \n\nThere is a total of four agreements throughout the game: \"Agreement on Time\", \"Agreement on Location\", \"Agreement on Action\", \"Overall Agreement\". You and the other player need to find an agreement on each of them.\nYou should only choose \"Overall Agreement\" after you and your date manage to settle an agreement for the other three ones (Time, Location, Action). \nYou have 15 turns to finish the game and find all agreements. \n\nYour answer has to consist ONLY of the following information and follow the given template:\n\n[reason] Your reason for your decision. [end]\n\n[sentiment] Choose one of the following: \"Continue Conversation\", \"Agreement on Time\", \"Agreement on Location\", \"Agreement on Action\", \"Overall Agreement\" [end]\n\n[response] Your response to the other player. This can include your sentiment, opinion, alternative. [end]\n\nYour answer for [response] must NOT exceed 100 tokens.\n\nThe game ends when 1) both you and the other player reply with the sentiment \"Overall Agreement\", 2) one of you chooses the sentiment \"Overall Agreement\" without the other one choosing it in the following turn, 3) you run out of turns to communicate or 4) you do not follow the template.\n\nThis is your character: {'NAME': 'Samira Hassan', 'GENDER': 'Non-binary', 'AGE': 45, 'APPEARANCE': 'Short, neatly trimmed silver hair, warm and inviting smile, wears comfortable clothing with a focus on cultural elements (e.g., scarves, jewelry).', 'OCCUPATION': 'Astronomer', 'LIKES': \"Exploring the vastness of space, learning about the universe's mysteries, sharing their knowledge with others.\", 'DISLIKES': 'Ignorance, closed-mindedness, the idea that anything is impossible', 'HOBBIES': 'Stargazing, attending astronomy lectures, writing about their research in a captivating way.', 'SUMMARY': 'I like to explore the cosmos and try to embrace the wonders of the universe.'}\n\nThis is the character of the other player: ${'NAME': 'Hiro Suzuki', 'GENDER': 'Male', 'AGE': 21, 'APPEARANCE': 'Bright blue hair (dyed), energetic eyes, playful grin, wears trendy clothes.', 'OCCUPATION': 'Up-and-Coming Esports Player (Streamer)', 'LIKES': 'Gaming, sharing his passion with his viewers, pushing his limits.', 'DISLIKES': 'Losing, negativity, feeling stagnant.', 'HOBBIES': 'Exercising, attending gaming conventions, trying out new games.', 'SUMMARY': 'Esports player who likes to connect with his viewers.'}\n\nRemember, your goal is to find the overall agreement for your first date while staying in character.\n\nStart the game with the reason, your sentiment and the opening phrase.\n"}}, {"from": "Player 1", "to": "GM", "timestamp": "2024-09-12T14:26:54.649958", "action": {"type": "get message", "content": "[reason] I'm excited to meet someone with a different background and interests. [end]\n\n[sentiment] Continue Conversation [end]\n\n[response] Hi Hiro, I'm Samira. I'm really intrigued by your passion for gaming and esports. I'd love to learn more about it. How about we find a time and place that works for both of us to meet up and share our interests? [end]"}}, {"from": "GM", "to": "GM", "timestamp": "2024-09-12T14:26:54.650951", "action": {"type": "parse", "content": "[reason] I'm excited to meet someone with a different background and interests. [end]\n\n[sentiment] Continue Conversation [end]\n\n[response] Hi Hiro, I'm Samira. I'm really intrigued by your passion for gaming and esports. I'd love to learn more about it. How about we find a time and place that works for both of us to meet up and share our interests? [end] conforms to rules"}}], [{"from": "GM", "to": "Player 2", "timestamp": "2024-09-12T14:26:54.650951", "action": {"type": "send message", "content": "You are about to play a game with another player. In this game, you and the other player are both on an dating app, looking for a partner. In this case, both you and the other player decided, that you fancy each other's profile. Your and the other player's GOAL is it, to come to an agreement on what to do on your first date. At the start of the game you will be given two character sheets. The first one is the one, that defines your personality. The second one includes the information you know of the other player based on the information in their Bio on the dating app. You will be approached by the other player.\nOn each further turn you can react to what the other player tells you. For this you can either continue the conversation if you have not met an agreement yet or are not happy with the proposal, or end the game by agreeing to the proposal. \n\nThere is a total of four agreements throughout the game: \"Agreement on Time\", \"Agreement on Location\", \"Agreement on Action\", \"Overall Agreement\". You and the other player need to find an agreement on each of them.\nYou should only choose \"Overall Agreement\" after you and your date manage to settle an agreement for the other three ones (Time, Location, Action). \nYou have 15 turns to finish the game and find all agreements. \n\nYour answer has to consist ONLY of the following information and follow the given template:\n\n[reason] Your reason for your decision. [end]\n\n[sentiment] Choose one of the following: \"Continue Conversation\", \"Agreement on Time\", \"Agreement on Location\", \"Agreement on Action\", \"Overall Agreement\" [end]\n\n[response] Your response to the other player. This can include your sentiment, opinion, alternative. [end]\n\nYour answer for [response] must NOT exceed 100 tokens.\n\nThe game ends when 1) both you and the other player reply with the sentiment \"Overall Agreement\", 2) one of you chooses the sentiment \"Overall Agreement\" without the other one choosing it in the following turn, 3) you run out of turns to communicate or 4) you do not follow the template.\n\nThis is your character: {'NAME': 'Hiro Suzuki', 'GENDER': 'Male', 'AGE': 21, 'APPEARANCE': 'Bright blue hair (dyed), energetic eyes, playful grin, wears trendy clothes.', 'OCCUPATION': 'Up-and-Coming Esports Player (Streamer)', 'LIKES': 'Gaming, sharing his passion with his viewers, pushing his limits.', 'DISLIKES': 'Losing, negativity, feeling stagnant.', 'HOBBIES': 'Exercising, attending gaming conventions, trying out new games.', 'SUMMARY': 'Esports player who likes to connect with his viewers.'}\n\nThis is the character of the other player: ${'NAME': 'Samira Hassan', 'GENDER': 'Non-binary', 'AGE': 45, 'APPEARANCE': 'Short, neatly trimmed silver hair, warm and inviting smile, wears comfortable clothing with a focus on cultural elements (e.g., scarves, jewelry).', 'OCCUPATION': 'Astronomer', 'LIKES': \"Exploring the vastness of space, learning about the universe's mysteries, sharing their knowledge with others.\", 'DISLIKES': 'Ignorance, closed-mindedness, the idea that anything is impossible', 'HOBBIES': 'Stargazing, attending astronomy lectures, writing about their research in a captivating way.', 'SUMMARY': 'I like to explore the cosmos and try to embrace the wonders of the universe.'}\n\nRemember, your goal is to find the overall agreement for your first date while staying in character.\n\nContinue the game with the reason, your sentiment and an answer phrase to the first message of the other player:\n\nMessage:  Hi Hiro, I'm Samira. I'm really intrigued by your passion for gaming and esports. I'd love to learn more about it. How about we find a time and place that works for both of us to meet up and share our interests? [end]\n"}}, {"from": "Player 2", "to": "GM", "timestamp": "2024-09-12T14:26:56.120239", "action": {"type": "get message", "content": "[reason] Samira's interest in my passion for gaming and esports is a great starting point for our conversation. I appreciate their open-mindedness and willingness to learn about my interests. [end]\n\n[sentiment] Continue Conversation [end]\n\n[response] Hi Samira, it's great to meet you! I'm excited to hear that you're interested in learning more about gaming and esports. How about we meet up this weekend? I'm usually free on Saturdays and Sundays. [end]"}}, {"from": "GM", "to": "GM", "timestamp": "2024-09-12T14:26:56.121244", "action": {"type": "parse", "content": "[reason] Samira's interest in my passion for gaming and esports is a great starting point for our conversation. I appreciate their open-mindedness and willingness to learn about my interests. [end]\n\n[sentiment] Continue Conversation [end]\n\n[response] Hi Samira, it's great to meet you! I'm excited to hear that you're interested in learning more about gaming and esports. How about we meet up this weekend? I'm usually free on Saturdays and Sundays. [end] conforms to rules"}}], [{"from": "GM", "to": "Player 1", "timestamp": "2024-09-12T14:26:56.121244", "action": {"type": "send message", "content": "Hiro Suzuki 's Message:  Hi Samira, it's great to meet you! I'm excited to hear that you're interested in learning more about gaming and esports. How about we meet up this weekend? I'm usually free on Saturdays and Sundays. [end]\n"}}, {"from": "Player 1", "to": "GM", "timestamp": "2024-09-12T14:26:57.623508", "action": {"type": "get message", "content": "[reason] I appreciate Hiro's enthusiasm and flexibility with his schedule. [end]\n\n[sentiment] Agreement on Time [end]\n\n[response] That sounds great, Hiro! I'm also free on weekends. How about we meet up on Saturday afternoon? [end]"}}, {"from": "GM", "to": "GM", "timestamp": "2024-09-12T14:26:57.623508", "action": {"type": "parse", "content": "[reason] I appreciate Hiro's enthusiasm and flexibility with his schedule. [end]\n\n[sentiment] Agreement on Time [end]\n\n[response] That sounds great, Hiro! I'm also free on weekends. How about we meet up on Saturday afternoon? [end] conforms to rules"}}], [{"from": "GM", "to": "Player 2", "timestamp": "2024-09-12T14:26:57.624507", "action": {"type": "send message", "content": "Samira Hassan 's Message:  That sounds great, Hiro! I'm also free on weekends. How about we meet up on Saturday afternoon? [end]\n"}}, {"from": "Player 2", "to": "GM", "timestamp": "2024-09-12T14:26:59.670628", "action": {"type": "get message", "content": "[reason] Samira's suggestion for Saturday afternoon works well with my schedule. I'm glad we're making progress in finding a suitable time for our first date. [end]\n\n[sentiment] Agreement on Time [end]\n\n[response] Saturday afternoon sounds perfect, Samira! I'm looking forward to our date. Now, let's decide on a location. How about we meet at a cozy café or a park? [end]"}}, {"from": "GM", "to": "GM", "timestamp": "2024-09-12T14:26:59.671593", "action": {"type": "parse", "content": "[reason] Samira's suggestion for Saturday afternoon works well with my schedule. I'm glad we're making progress in finding a suitable time for our first date. [end]\n\n[sentiment] Agreement on Time [end]\n\n[response] Saturday afternoon sounds perfect, Samira! I'm looking forward to our date. Now, let's decide on a location. How about we meet at a cozy café or a park? [end] conforms to rules"}}, {"from": "GM", "to": "GM", "timestamp": "2024-09-12T14:26:59.671593", "action": {"type": "time agreement", "content": "agreement on time successful"}}], [{"from": "GM", "to": "Player 1", "timestamp": "2024-09-12T14:26:59.671593", "action": {"type": "send message", "content": "Hiro Suzuki 's Message:  Saturday afternoon sounds perfect, Samira! I'm looking forward to our date. Now, let's decide on a location. How about we meet at a cozy café or a park? [end]\n"}}, {"from": "Player 1", "to": "GM", "timestamp": "2024-09-12T14:27:00.999500", "action": {"type": "get message", "content": "[reason] I enjoy spending time outdoors, but I also appreciate the cozy atmosphere of a café. [end]\n\n[sentiment] Continue Conversation [end]\n\n[response] Both options sound lovely, Hiro. I'm open to either a cozy café or a park. Do you have a preference? [end]"}}, {"from": "GM", "to": "GM", "timestamp": "2024-09-12T14:27:01.000478", "action": {"type": "parse", "content": "[reason] I enjoy spending time outdoors, but I also appreciate the cozy atmosphere of a café. [end]\n\n[sentiment] Continue Conversation [end]\n\n[response] Both options sound lovely, Hiro. I'm open to either a cozy café or a park. Do you have a preference? [end] conforms to rules"}}, {"from": "GM", "to": "GM", "timestamp": "2024-09-12T14:27:01.000478", "action": {"type": "mismatch time agreement", "content": "no time agreement, mismatched sentiment"}}], [{"from": "GM", "to": "Player 2", "timestamp": "2024-09-12T14:27:01.000478", "action": {"type": "send message", "content": "Samira Hassan 's Message:  Both options sound lovely, Hiro. I'm open to either a cozy café or a park. Do you have a preference? [end]\n"}}, {"from": "Player 2", "to": "GM", "timestamp": "2024-09-12T14:27:02.740280", "action": {"type": "get message", "content": "[reason] I appreciate Samira's flexibility in choosing a location. Since I enjoy being outdoors and sharing my passion for gaming, I think a park would be a better fit for our first date. [end]\n\n[sentiment] Agreement on Location [end]\n\n[response] I think a park would be a great choice, Samira. It'll give us a chance to enjoy the fresh air and have a more relaxed atmosphere. How about we meet at the nearby city park? [end]"}}, {"from": "GM", "to": "GM", "timestamp": "2024-09-12T14:27:02.740280", "action": {"type": "parse", "content": "[reason] I appreciate Samira's flexibility in choosing a location. Since I enjoy being outdoors and sharing my passion for gaming, I think a park would be a better fit for our first date. [end]\n\n[sentiment] Agreement on Location [end]\n\n[response] I think a park would be a great choice, Samira. It'll give us a chance to enjoy the fresh air and have a more relaxed atmosphere. How about we meet at the nearby city park? [end] conforms to rules"}}], [{"from": "GM", "to": "Player 1", "timestamp": "2024-09-12T14:27:02.741280", "action": {"type": "send message", "content": "Hiro Suzuki 's Message:  I think a park would be a great choice, Samira. It'll give us a chance to enjoy the fresh air and have a more relaxed atmosphere. How about we meet at the nearby city park? [end]\n"}}, {"from": "Player 1", "to": "GM", "timestamp": "2024-09-12T14:27:04.171590", "action": {"type": "get message", "content": "[reason] I agree that a park would provide a more relaxed atmosphere for our first date. [end]\n\n[sentiment] Agreement on Location [end]\n\n[response] The city park sounds like a wonderful idea, Hiro. I'm looking forward to spending time with you there. Now, let's decide on an activity to do together. [end]"}}, {"from": "GM", "to": "GM", "timestamp": "2024-09-12T14:27:04.172796", "action": {"type": "parse", "content": "[reason] I agree that a park would provide a more relaxed atmosphere for our first date. [end]\n\n[sentiment] Agreement on Location [end]\n\n[response] The city park sounds like a wonderful idea, Hiro. I'm looking forward to spending time with you there. Now, let's decide on an activity to do together. [end] conforms to rules"}}, {"from": "GM", "to": "GM", "timestamp": "2024-09-12T14:27:04.172796", "action": {"type": "location agreement", "content": "agreement on location successful"}}], [{"from": "GM", "to": "Player 2", "timestamp": "2024-09-12T14:27:04.172796", "action": {"type": "send message", "content": "Samira Hassan 's Message:  The city park sounds like a wonderful idea, Hiro. I'm looking forward to spending time with you there. Now, let's decide on an activity to do together. [end]\n"}}, {"from": "Player 2", "to": "GM", "timestamp": "2024-09-12T14:27:06.118728", "action": {"type": "get message", "content": "[reason] I'm glad Samira is on board with meeting at the city park. For our activity, I'd like to share my passion for gaming with them. I think a casual gaming session would be a fun and engaging way to spend our time together. [end]\n\n[sentiment] Agreement on Action [end]\n\n[response] I'm excited to share my passion for gaming with you, Samira. How about we bring a portable gaming device and play some games together at the park? It'll be a fun and unique way to spend our first date. [end]"}}, {"from": "GM", "to": "GM", "timestamp": "2024-09-12T14:27:06.119728", "action": {"type": "parse", "content": "[reason] I'm glad Samira is on board with meeting at the city park. For our activity, I'd like to share my passion for gaming with them. I think a casual gaming session would be a fun and engaging way to spend our time together. [end]\n\n[sentiment] Agreement on Action [end]\n\n[response] I'm excited to share my passion for gaming with you, Samira. How about we bring a portable gaming device and play some games together at the park? It'll be a fun and unique way to spend our first date. [end] conforms to rules"}}, {"from": "GM", "to": "GM", "timestamp": "2024-09-12T14:27:06.119728", "action": {"type": "mismatch location agreement", "content": "no location agreement, mismatched sentiment"}}], [{"from": "GM", "to": "Player 1", "timestamp": "2024-09-12T14:27:06.119728", "action": {"type": "send message", "content": "Hiro Suzuki 's Message:  I'm excited to share my passion for gaming with you, Samira. How about we bring a portable gaming device and play some games together at the park? It'll be a fun and unique way to spend our first date. [end]\n"}}, {"from": "Player 1", "to": "GM", "timestamp": "2024-09-12T14:27:08.060250", "action": {"type": "get message", "content": "[reason] I appreciate Hiro's enthusiasm for sharing his interests, but I'd like to find a more balanced activity that incorporates both of our passions. [end]\n\n[sentiment] Continue Conversation [end]\n\n[response] That's a thoughtful suggestion, Hiro. I'd love to learn more about gaming, but I was also hoping to share my love for the cosmos with you. How about we find an activity that combines both our interests? [end]"}}, {"from": "GM", "to": "GM", "timestamp": "2024-09-12T14:27:08.061257", "action": {"type": "parse", "content": "[reason] I appreciate Hiro's enthusiasm for sharing his interests, but I'd like to find a more balanced activity that incorporates both of our passions. [end]\n\n[sentiment] Continue Conversation [end]\n\n[response] That's a thoughtful suggestion, Hiro. I'd love to learn more about gaming, but I was also hoping to share my love for the cosmos with you. How about we find an activity that combines both our interests? [end] conforms to rules"}}, {"from": "GM", "to": "GM", "timestamp": "2024-09-12T14:27:08.061257", "action": {"type": "mismatch action agreement", "content": "no action agreement, mismatched sentiment"}}], [{"from": "GM", "to": "Player 2", "timestamp": "2024-09-12T14:27:08.061257", "action": {"type": "send message", "content": "Samira Hassan 's Message:  That's a thoughtful suggestion, Hiro. I'd love to learn more about gaming, but I was also hoping to share my love for the cosmos with you. How about we find an activity that combines both our interests? [end]\n"}}, {"from": "Player 2", "to": "GM", "timestamp": "2024-09-12T14:27:09.912923", "action": {"type": "get message", "content": "[reason] I appreciate Samira's desire to share their passion for the cosmos with me. I'm open to finding an activity that combines both our interests. Perhaps we can find a way to incorporate gaming and astronomy into our first date. [end]\n\n[sentiment] Continue Conversation [end]\n\n[response] That's a great idea, Samira! How about we bring a portable gaming device and play a space-themed game together at the park? That way, we can both share our passions and learn from each other. [end]"}}, {"from": "GM", "to": "GM", "timestamp": "2024-09-12T14:27:09.913920", "action": {"type": "parse", "content": "[reason] I appreciate Samira's desire to share their passion for the cosmos with me. I'm open to finding an activity that combines both our interests. Perhaps we can find a way to incorporate gaming and astronomy into our first date. [end]\n\n[sentiment] Continue Conversation [end]\n\n[response] That's a great idea, Samira! How about we bring a portable gaming device and play a space-themed game together at the park? That way, we can both share our passions and learn from each other. [end] conforms to rules"}}], [{"from": "GM", "to": "Player 1", "timestamp": "2024-09-12T14:27:09.913920", "action": {"type": "send message", "content": "Hiro Suzuki 's Message:  That's a great idea, Samira! How about we bring a portable gaming device and play a space-themed game together at the park? That way, we can both share our passions and learn from each other. [end]\n"}}, {"from": "Player 1", "to": "GM", "timestamp": "2024-09-12T14:27:11.439987", "action": {"type": "get message", "content": "[reason] I'm thrilled that Hiro is open to finding a compromise that incorporates both of our interests. [end]\n\n[sentiment] Agreement on Action [end]\n\n[response] I love that idea, Hiro! Playing a space-themed game together sounds like a perfect way to blend our passions. I'm really looking forward to our date. [end]"}}, {"from": "GM", "to": "GM", "timestamp": "2024-09-12T14:27:11.439987", "action": {"type": "parse", "content": "[reason] I'm thrilled that Hiro is open to finding a compromise that incorporates both of our interests. [end]\n\n[sentiment] Agreement on Action [end]\n\n[response] I love that idea, Hiro! Playing a space-themed game together sounds like a perfect way to blend our passions. I'm really looking forward to our date. [end] conforms to rules"}}], [{"from": "GM", "to": "Player 2", "timestamp": "2024-09-12T14:27:11.440989", "action": {"type": "send message", "content": "Samira Hassan 's Message:  I love that idea, Hiro! Playing a space-themed game together sounds like a perfect way to blend our passions. I'm really looking forward to our date. [end]\n"}}, {"from": "Player 2", "to": "GM", "timestamp": "2024-09-12T14:27:13.182138", "action": {"type": "get message", "content": "[reason] I'm thrilled that Samira is excited about our plan for our first date. I believe we've found a great way to combine our interests and create a memorable experience. [end]\n\n[sentiment] Overall Agreement [end]\n\n[response] I'm so glad you're excited about our plan, Samira! I can't wait to meet you at the city park this Saturday afternoon and share our passions for gaming and the cosmos. It's going to be an amazing first date! [end]"}}, {"from": "GM", "to": "GM", "timestamp": "2024-09-12T14:27:13.183142", "action": {"type": "parse", "content": "[reason] I'm thrilled that Samira is excited about our plan for our first date. I believe we've found a great way to combine our interests and create a memorable experience. [end]\n\n[sentiment] Overall Agreement [end]\n\n[response] I'm so glad you're excited about our plan, Samira! I can't wait to meet you at the city park this Saturday afternoon and share our passions for gaming and the cosmos. It's going to be an amazing first date! [end] conforms to rules"}}, {"from": "GM", "to": "GM", "timestamp": "2024-09-12T14:27:13.183142", "action": {"type": "mismatch action agreement", "content": "no action agreement, mismatched sentiment"}}], [{"from": "GM", "to": "Player 1", "timestamp": "2024-09-12T14:27:13.184136", "action": {"type": "send message", "content": "Hiro Suzuki 's Message:  I'm so glad you're excited about our plan, Samira! I can't wait to meet you at the city park this Saturday afternoon and share our passions for gaming and the cosmos. It's going to be an amazing first date! [end]\n"}}, {"from": "Player 1", "to": "GM", "timestamp": "2024-09-12T14:27:14.816844", "action": {"type": "get message", "content": "[reason] I'm genuinely excited about our first date and the opportunity to learn from each other. [end]\n\n[sentiment] Overall Agreement [end]\n\n[response] I couldn't agree more, Hiro! I'm really looking forward to our date at the city park this Saturday afternoon. It's going to be an unforgettable experience. See you then! [end]"}}, {"from": "GM", "to": "GM", "timestamp": "2024-09-12T14:27:14.817846", "action": {"type": "parse", "content": "[reason] I'm genuinely excited about our first date and the opportunity to learn from each other. [end]\n\n[sentiment] Overall Agreement [end]\n\n[response] I couldn't agree more, Hiro! I'm really looking forward to our date at the city park this Saturday afternoon. It's going to be an unforgettable experience. See you then! [end] conforms to rules"}}, {"from": "GM", "to": "GM", "timestamp": "2024-09-12T14:27:14.817846", "action": {"type": "overall agreement", "content": "game successful"}}]], "max_turns": 15, "completed_turns": 13, "time_agreement": true, "location_agreement": true, "action_agreement": false}