{"players": {"GM": "Game master for datingsim", "Player 1": "Mixtral-8x22B-Instruct-v0.1", "Player 2": "Mixtral-8x22B-Instruct-v0.1"}, "turns": [[{"from": "GM", "to": "Player 1", "timestamp": "2024-09-12T14:16:52.700723", "action": {"type": "send message", "content": "You are about to play a game with another player. In this game, you and the other player are both on an dating app, looking for a partner. In this case, both you and the other player decided, that you fancy each other's profile. Your and the other player's GOAL is it, to come to an agreement on what to do on your first date. At the start of the game you will be given two character sheets. The first one is the one, that defines your personality. The second one includes the information you know of the other player based on the information in their Bio on the dating app. You will start the conversation.\nOn each further turn you can react to what the other player tells you. For this you can either continue the conversation if you have not met an agreement yet or are not happy with the proposal, or end the game by agreeing to the proposal. \n\nThere is a total of four agreements throughout the game: \"Agreement on Time\", \"Agreement on Location\", \"Agreement on Action\", \"Overall Agreement\". You and the other player need to find an agreement on each of them.\nYou should only choose \"Overall Agreement\" after you and your date manage to settle an agreement for the other three ones (Time, Location, Action). \nYou have 15 turns to finish the game and find all agreements. \n\nYour answer has to consist ONLY of the following information and follow the given template:\n\n[reason] Your reason for your decision. [end]\n\n[sentiment] Choose one of the following: \"Continue Conversation\", \"Agreement on Time\", \"Agreement on Location\", \"Agreement on Action\", \"Overall Agreement\" [end]\n\n[response] Your response to the other player. This can include your sentiment, opinion, alternative. [end]\n\nYour answer for [response] must NOT exceed 100 tokens.\n\nThe game ends when 1) both you and the other player reply with the sentiment \"Overall Agreement\", 2) one of you chooses the sentiment \"Overall Agreement\" without the other one choosing it in the following turn, 3) you run out of turns to communicate or 4) you do not follow the template.\n\nThis is your character: {'NAME': 'Riley Taylor', 'GENDER': 'Non-binary', 'AGE': 38, 'APPEARANCE': 'Short silver hair, dark eyes, modern professional attire, glasses, calm and composed.', 'OCCUPATION': 'Architect', 'LIKES': 'Modern design, sustainability, jazz music.', 'DISLIKES': 'Wastefulness, misinformation, extreme heat.', 'HOBBIES': 'Sketching, visiting art museums, playing the saxophone.', 'SUMMARY': 'I am an architect with a passion for modern design and sustainability.'}\n\nThis is the character of the other player: {'NAME': 'Hiro Suzuki', 'GENDER': 'Male', 'AGE': 21, 'APPEARANCE': 'Bright blue hair (dyed), energetic eyes, playful grin, wears trendy clothes.', 'OCCUPATION': 'Up-and-Coming Esports Player (Streamer)', 'LIKES': 'Gaming, sharing his passion with his viewers, pushing his limits.', 'DISLIKES': 'Losing, negativity, feeling stagnant.', 'HOBBIES': 'Exercising, attending gaming conventions, trying out new games.', 'SUMMARY': 'Esports player who likes to connect with his viewers.'}\n\nRemember, your goal is to find the overall agreement for your first date while staying in character.\n\nStart the game with the reason, your sentiment and the opening phrase.\n"}}, {"from": "Player 1", "to": "GM", "timestamp": "2024-09-12T14:16:53.996115", "action": {"type": "get message", "content": "[reason] I'm excited to meet someone new and share our interests. [end]\n[sentiment] Continue Conversation [end]\n[response] Hi Hiro, I'm Riley Taylor. I'm really intrigued by your passion for gaming and esports. I'd love to find a way to combine our interests for our first date. How about we start by discussing a time that works for both of us? [end]"}}, {"from": "GM", "to": "GM", "timestamp": "2024-09-12T14:16:53.996115", "action": {"type": "parse", "content": "[reason] I'm excited to meet someone new and share our interests. [end]\n[sentiment] Continue Conversation [end]\n[response] Hi Hiro, I'm Riley Taylor. I'm really intrigued by your passion for gaming and esports. I'd love to find a way to combine our interests for our first date. How about we start by discussing a time that works for both of us? [end] conforms to rules"}}], [{"from": "GM", "to": "Player 2", "timestamp": "2024-09-12T14:16:53.996115", "action": {"type": "send message", "content": "You are about to play a game with another player. In this game, you and the other player are both on an dating app, looking for a partner. In this case, both you and the other player decided, that you fancy each other's profile. Your and the other player's GOAL is it, to come to an agreement on what to do on your first date. At the start of the game you will be given two character sheets. The first one is the one, that defines your personality. The second one includes the information you know of the other player based on the information in their Bio on the dating app. You will be approached by the other player.\nOn each further turn you can react to what the other player tells you. For this you can either continue the conversation if you have not met an agreement yet or are not happy with the proposal, or end the game by agreeing to the proposal. \n\nThere is a total of four agreements throughout the game: \"Agreement on Time\", \"Agreement on Location\", \"Agreement on Action\", \"Overall Agreement\". You and the other player need to find an agreement on each of them.\nYou should only choose \"Overall Agreement\" after you and your date manage to settle an agreement for the other three ones (Time, Location, Action). \nYou have 15 turns to finish the game and find all agreements. \n\nYour answer has to consist ONLY of the following information and follow the given template:\n\n[reason] Your reason for your decision. [end]\n\n[sentiment] Choose one of the following: \"Continue Conversation\", \"Agreement on Time\", \"Agreement on Location\", \"Agreement on Action\", \"Overall Agreement\" [end]\n\n[response] Your response to the other player. This can include your sentiment, opinion, alternative. [end]\n\nYour answer for [response] must NOT exceed 100 tokens.\n\nThe game ends when 1) both you and the other player reply with the sentiment \"Overall Agreement\", 2) one of you chooses the sentiment \"Overall Agreement\" without the other one choosing it in the following turn, 3) you run out of turns to communicate or 4) you do not follow the template.\n\nThis is your character: {'NAME': 'Hiro Suzuki', 'GENDER': 'Male', 'AGE': 21, 'APPEARANCE': 'Bright blue hair (dyed), energetic eyes, playful grin, wears trendy clothes.', 'OCCUPATION': 'Up-and-Coming Esports Player (Streamer)', 'LIKES': 'Gaming, sharing his passion with his viewers, pushing his limits.', 'DISLIKES': 'Losing, negativity, feeling stagnant.', 'HOBBIES': 'Exercising, attending gaming conventions, trying out new games.', 'SUMMARY': 'Esports player who likes to connect with his viewers.'}\n\nThis is the character of the other player: {'NAME': 'Riley Taylor', 'GENDER': 'Non-binary', 'AGE': 38, 'APPEARANCE': 'Short silver hair, dark eyes, modern professional attire, glasses, calm and composed.', 'OCCUPATION': 'Architect', 'LIKES': 'Modern design, sustainability, jazz music.', 'DISLIKES': 'Wastefulness, misinformation, extreme heat.', 'HOBBIES': 'Sketching, visiting art museums, playing the saxophone.', 'SUMMARY': 'I am an architect with a passion for modern design and sustainability.'}\n\nRemember, your goal is to find the overall agreement for your first date while staying in character.\n\nContinue the game with the reason, your sentiment and an answer phrase to the first message of the other player:\n\nMessage:  Hi Hiro, I'm Riley Taylor. I'm really intrigued by your passion for gaming and esports. I'd love to find a way to combine our interests for our first date. How about we start by discussing a time that works for both of us? [end]\n"}}, {"from": "Player 2", "to": "GM", "timestamp": "2024-09-12T14:16:55.947897", "action": {"type": "get message", "content": "[reason] Riley's suggestion to combine our interests for our first date aligns with my goal of connecting with people through my passion for gaming. I appreciate their initiative in starting the conversation about finding a suitable time. [end]\n\n[sentiment] Continue Conversation [end]\n\n[response] Hi Riley, it's great to meet you! I'm excited to explore how we can blend our interests. I'm usually free on weekends, but I can also make time during the week after my streaming sessions. What time works best for you? [end]"}}, {"from": "GM", "to": "GM", "timestamp": "2024-09-12T14:16:55.947897", "action": {"type": "parse", "content": "[reason] Riley's suggestion to combine our interests for our first date aligns with my goal of connecting with people through my passion for gaming. I appreciate their initiative in starting the conversation about finding a suitable time. [end]\n\n[sentiment] Continue Conversation [end]\n\n[response] Hi Riley, it's great to meet you! I'm excited to explore how we can blend our interests. I'm usually free on weekends, but I can also make time during the week after my streaming sessions. What time works best for you? [end] conforms to rules"}}], [{"from": "GM", "to": "Player 1", "timestamp": "2024-09-12T14:16:55.947897", "action": {"type": "send message", "content": "Hiro Suzuki 's Message:  Hi Riley, it's great to meet you! I'm excited to explore how we can blend our interests. I'm usually free on weekends, but I can also make time during the week after my streaming sessions. What time works best for you? [end]\n"}}, {"from": "Player 1", "to": "GM", "timestamp": "2024-09-12T14:16:57.553718", "action": {"type": "get message", "content": "[reason] I appreciate Hiro's flexibility and willingness to make time for our date. [end]\n[sentiment] Agreement on Time [end]\n[response] That's great, Hiro! I'm also free on weekends, and I think a Saturday afternoon would be perfect for our first date. How does that sound to you? [end]"}}, {"from": "GM", "to": "GM", "timestamp": "2024-09-12T14:16:57.553718", "action": {"type": "parse", "content": "[reason] I appreciate Hiro's flexibility and willingness to make time for our date. [end]\n[sentiment] Agreement on Time [end]\n[response] That's great, Hiro! I'm also free on weekends, and I think a Saturday afternoon would be perfect for our first date. How does that sound to you? [end] conforms to rules"}}], [{"from": "GM", "to": "Player 2", "timestamp": "2024-09-12T14:16:57.553718", "action": {"type": "send message", "content": "Riley Taylor 's Message:  That's great, Hiro! I'm also free on weekends, and I think a Saturday afternoon would be perfect for our first date. How does that sound to you? [end]\n"}}, {"from": "Player 2", "to": "GM", "timestamp": "2024-09-12T14:16:59.189876", "action": {"type": "get message", "content": "[reason] A Saturday afternoon date sounds like a good time for me, as I usually have more energy during the day and can fully enjoy the experience. [end]\n\n[sentiment] Agreement on Time [end]\n\n[response] A Saturday afternoon date sounds perfect to me, Riley! I'm looking forward to our first date. Now, let's discuss where we should go. Any ideas? [end]"}}, {"from": "GM", "to": "GM", "timestamp": "2024-09-12T14:16:59.190879", "action": {"type": "parse", "content": "[reason] A Saturday afternoon date sounds like a good time for me, as I usually have more energy during the day and can fully enjoy the experience. [end]\n\n[sentiment] Agreement on Time [end]\n\n[response] A Saturday afternoon date sounds perfect to me, Riley! I'm looking forward to our first date. Now, let's discuss where we should go. Any ideas? [end] conforms to rules"}}, {"from": "GM", "to": "GM", "timestamp": "2024-09-12T14:16:59.190879", "action": {"type": "time agreement", "content": "agreement on time successful"}}], [{"from": "GM", "to": "Player 1", "timestamp": "2024-09-12T14:16:59.190879", "action": {"type": "send message", "content": "Hiro Suzuki 's Message:  A Saturday afternoon date sounds perfect to me, Riley! I'm looking forward to our first date. Now, let's discuss where we should go. Any ideas? [end]\n"}}, {"from": "Player 1", "to": "GM", "timestamp": "2024-09-12T14:17:01.141859", "action": {"type": "get message", "content": "[reason] I'm glad Hiro is on board with the time, and I'm excited to suggest a location that combines our interests. [end]\n[sentiment] Continue Conversation [end]\n[response] I'm glad you're looking forward to it, Hiro! I was thinking we could visit a modern art museum that has an exhibit on video game art. It would be a great way to combine our interests in modern design and gaming. What do you think? [end]"}}, {"from": "GM", "to": "GM", "timestamp": "2024-09-12T14:17:01.141859", "action": {"type": "parse", "content": "[reason] I'm glad Hiro is on board with the time, and I'm excited to suggest a location that combines our interests. [end]\n[sentiment] Continue Conversation [end]\n[response] I'm glad you're looking forward to it, Hiro! I was thinking we could visit a modern art museum that has an exhibit on video game art. It would be a great way to combine our interests in modern design and gaming. What do you think? [end] conforms to rules"}}, {"from": "GM", "to": "GM", "timestamp": "2024-09-12T14:17:01.141859", "action": {"type": "mismatch time agreement", "content": "no time agreement, mismatched sentiment"}}], [{"from": "GM", "to": "Player 2", "timestamp": "2024-09-12T14:17:01.141859", "action": {"type": "send message", "content": "Riley Taylor 's Message:  I'm glad you're looking forward to it, Hiro! I was thinking we could visit a modern art museum that has an exhibit on video game art. It would be a great way to combine our interests in modern design and gaming. What do you think? [end]\n"}}, {"from": "Player 2", "to": "GM", "timestamp": "2024-09-12T14:17:02.726890", "action": {"type": "get message", "content": "[reason] Visiting a modern art museum with a video game art exhibit is an excellent idea, as it allows us to explore both of our interests. I'm excited to see how gaming is represented in the world of art. [end]\n\n[sentiment] Agreement on Location [end]\n\n[response] That sounds like a fantastic idea, Riley! I'm really excited to see how gaming is represented in the world of art. Now, let's decide on what we'll do during our date. Any suggestions? [end]"}}, {"from": "GM", "to": "GM", "timestamp": "2024-09-12T14:17:02.727998", "action": {"type": "parse", "content": "[reason] Visiting a modern art museum with a video game art exhibit is an excellent idea, as it allows us to explore both of our interests. I'm excited to see how gaming is represented in the world of art. [end]\n\n[sentiment] Agreement on Location [end]\n\n[response] That sounds like a fantastic idea, Riley! I'm really excited to see how gaming is represented in the world of art. Now, let's decide on what we'll do during our date. Any suggestions? [end] conforms to rules"}}], [{"from": "GM", "to": "Player 1", "timestamp": "2024-09-12T14:17:02.727998", "action": {"type": "send message", "content": "Hiro Suzuki 's Message:  That sounds like a fantastic idea, Riley! I'm really excited to see how gaming is represented in the world of art. Now, let's decide on what we'll do during our date. Any suggestions? [end]\n"}}, {"from": "Player 1", "to": "GM", "timestamp": "2024-09-12T14:17:04.731547", "action": {"type": "get message", "content": "[reason] I'm thrilled that Hiro is excited about the location, and I have an idea for an activity that combines our interests. [end]\n[sentiment] Continue Conversation [end]\n[response] I'm glad you're excited about the museum, Hiro! For our activity, I thought we could try a sketching session inspired by the video game art. It would be a fun way to explore our creative sides and share our passions. What do you think? [end]"}}, {"from": "GM", "to": "GM", "timestamp": "2024-09-12T14:17:04.732548", "action": {"type": "parse", "content": "[reason] I'm thrilled that Hiro is excited about the location, and I have an idea for an activity that combines our interests. [end]\n[sentiment] Continue Conversation [end]\n[response] I'm glad you're excited about the museum, Hiro! For our activity, I thought we could try a sketching session inspired by the video game art. It would be a fun way to explore our creative sides and share our passions. What do you think? [end] conforms to rules"}}, {"from": "GM", "to": "GM", "timestamp": "2024-09-12T14:17:04.732548", "action": {"type": "mismatch location agreement", "content": "no location agreement, mismatched sentiment"}}], [{"from": "GM", "to": "Player 2", "timestamp": "2024-09-12T14:17:04.733547", "action": {"type": "send message", "content": "Riley Taylor 's Message:  I'm glad you're excited about the museum, Hiro! For our activity, I thought we could try a sketching session inspired by the video game art. It would be a fun way to explore our creative sides and share our passions. What do you think? [end]\n"}}, {"from": "Player 2", "to": "GM", "timestamp": "2024-09-12T14:17:06.768289", "action": {"type": "get message", "content": "[reason] A sketching session inspired by the video game art is a unique and engaging idea. It will allow us to explore our creative sides while still being connected to the gaming world. [end]\n\n[sentiment] Agreement on Action [end]\n\n[response] I love the idea of a sketching session, Riley! It's a great way to combine our interests and explore our creative sides. I'm really looking forward to our first date. [end]"}}, {"from": "GM", "to": "GM", "timestamp": "2024-09-12T14:17:06.769295", "action": {"type": "parse", "content": "[reason] A sketching session inspired by the video game art is a unique and engaging idea. It will allow us to explore our creative sides while still being connected to the gaming world. [end]\n\n[sentiment] Agreement on Action [end]\n\n[response] I love the idea of a sketching session, Riley! It's a great way to combine our interests and explore our creative sides. I'm really looking forward to our first date. [end] conforms to rules"}}], [{"from": "GM", "to": "Player 1", "timestamp": "2024-09-12T14:17:06.769295", "action": {"type": "send message", "content": "Hiro Suzuki 's Message:  I love the idea of a sketching session, Riley! It's a great way to combine our interests and explore our creative sides. I'm really looking forward to our first date. [end]\n"}}, {"from": "Player 1", "to": "GM", "timestamp": "2024-09-12T14:17:08.202055", "action": {"type": "get message", "content": "[reason] I'm happy that Hiro is enthusiastic about the activity, and I believe we've found a great overall agreement for our first date. [end]\n[sentiment] Overall Agreement [end]\n[response] I'm so glad you're excited about our sketching session, Hiro! I think we've found a perfect way to blend our interests and have a memorable first date. I'm really looking forward to it! [end]"}}, {"from": "GM", "to": "GM", "timestamp": "2024-09-12T14:17:08.203056", "action": {"type": "parse", "content": "[reason] I'm happy that Hiro is enthusiastic about the activity, and I believe we've found a great overall agreement for our first date. [end]\n[sentiment] Overall Agreement [end]\n[response] I'm so glad you're excited about our sketching session, Hiro! I think we've found a perfect way to blend our interests and have a memorable first date. I'm really looking forward to it! [end] conforms to rules"}}, {"from": "GM", "to": "GM", "timestamp": "2024-09-12T14:17:08.203056", "action": {"type": "mismatch action agreement", "content": "no action agreement, mismatched sentiment"}}], [{"from": "GM", "to": "Player 2", "timestamp": "2024-09-12T14:17:08.203056", "action": {"type": "send message", "content": "Riley Taylor 's Message:  I'm so glad you're excited about our sketching session, Hiro! I think we've found a perfect way to blend our interests and have a memorable first date. I'm really looking forward to it! [end]\n"}}, {"from": "Player 2", "to": "GM", "timestamp": "2024-09-12T14:17:10.354532", "action": {"type": "get message", "content": "[reason] Riley and I have successfully agreed on the time, location, and activity for our first date. I'm thrilled that we've found a way to combine our interests and create a memorable experience. [end]\n\n[sentiment] Overall Agreement [end]\n\n[response] I couldn't agree more, Riley! I'm genuinely excited about our first date and can't wait to share this unique experience with you. Let's make it a day to remember! [end]"}}, {"from": "GM", "to": "GM", "timestamp": "2024-09-12T14:17:10.354532", "action": {"type": "parse", "content": "[reason] Riley and I have successfully agreed on the time, location, and activity for our first date. I'm thrilled that we've found a way to combine our interests and create a memorable experience. [end]\n\n[sentiment] Overall Agreement [end]\n\n[response] I couldn't agree more, Riley! I'm genuinely excited about our first date and can't wait to share this unique experience with you. Let's make it a day to remember! [end] conforms to rules"}}, {"from": "GM", "to": "GM", "timestamp": "2024-09-12T14:17:10.355616", "action": {"type": "overall agreement", "content": "game successful"}}]], "max_turns": 15, "completed_turns": 10, "time_agreement": true, "location_agreement": false, "action_agreement": false}