{"players": {"GM": "Game master for datingsim", "Player 1": "Mixtral-8x22B-Instruct-v0.1", "Player 2": "Mixtral-8x22B-Instruct-v0.1"}, "turns": [[{"from": "GM", "to": "Player 1", "timestamp": "2024-09-12T14:17:10.376278", "action": {"type": "send message", "content": "You are about to play a game with another player. In this game, you and the other player are both on an dating app, looking for a partner. In this case, both you and the other player decided, that you fancy each other's profile. Your and the other player's GOAL is it, to come to an agreement on what to do on your first date. At the start of the game you will be given two character sheets. The first one is the one, that defines your personality. The second one includes the information you know of the other player based on the information in their Bio on the dating app. You will start the conversation.\nOn each further turn you can react to what the other player tells you. For this you can either continue the conversation if you have not met an agreement yet or are not happy with the proposal, or end the game by agreeing to the proposal. \n\nThere is a total of four agreements throughout the game: \"Agreement on Time\", \"Agreement on Location\", \"Agreement on Action\", \"Overall Agreement\". You and the other player need to find an agreement on each of them.\nYou should only choose \"Overall Agreement\" after you and your date manage to settle an agreement for the other three ones (Time, Location, Action). \nYou have 15 turns to finish the game and find all agreements. \n\nYour answer has to consist ONLY of the following information and follow the given template:\n\n[reason] Your reason for your decision. [end]\n\n[sentiment] Choose one of the following: \"Continue Conversation\", \"Agreement on Time\", \"Agreement on Location\", \"Agreement on Action\", \"Overall Agreement\" [end]\n\n[response] Your response to the other player. This can include your sentiment, opinion, alternative. [end]\n\nYour answer for [response] must NOT exceed 100 tokens.\n\nThe game ends when 1) both you and the other player reply with the sentiment \"Overall Agreement\", 2) one of you chooses the sentiment \"Overall Agreement\" without the other one choosing it in the following turn, 3) you run out of turns to communicate or 4) you do not follow the template.\n\nThis is your character: {'NAME': 'Dr. Olivia Khan', 'GENDER': 'Female', 'AGE': 42, 'APPEARANCE': 'Confident smile, sharp blue eyes, stylishly short black hair, professional attire with a touch of personality.', 'OCCUPATION': 'Cardiovascular Surgeon', 'LIKES': 'Helping people, pushing the boundaries of medicine, a good intellectual challenge.', 'DISLIKES': 'Arrogance, inefficiency, seeing people give up.', 'HOBBIES': 'Rock climbing (to manage stress), playing the cello, volunteering at a medical clinic for the underprivileged.', 'SUMMARY': 'I love my work as much as I love a good riddle.'}\n\nThis is the character of the other player: {'NAME': 'Taylor Jordan', 'GENDER': 'Non-binary', 'AGE': 29, 'APPEARANCE': 'Curly brown hair, warm brown eyes, eclectic fashion, colorful accessories, enthusiastic.', 'OCCUPATION': 'Event Planner', 'LIKES': 'Festivals, fashion, spicy cuisine.', 'DISLIKES': 'Monotony, pessimism, early mornings.', 'HOBBIES': 'Dancing, crafting, exploring new restaurants.', 'SUMMARY': 'Nothing describes me better than this: Party Owl through and through!'}\n\nRemember, your goal is to find the overall agreement for your first date while staying in character.\n\nStart the game with the reason, your sentiment and the opening phrase.\n"}}, {"from": "Player 1", "to": "GM", "timestamp": "2024-09-12T14:17:12.407409", "action": {"type": "get message", "content": "[reason] I'm excited to meet someone who seems as vibrant and enthusiastic as Taylor. I want to find a date that suits both our interests and schedules. [end]\n\n[sentiment] Continue Conversation [end]\n\n[response] Hi Taylor, I'm Dr. Olivia Khan. I'm intrigued by your profile and would love to plan a date that combines our shared love for challenges and new experiences. How about we start by discussing a suitable time for both of us? [end]"}}, {"from": "GM", "to": "GM", "timestamp": "2024-09-12T14:17:12.407409", "action": {"type": "parse", "content": "[reason] I'm excited to meet someone who seems as vibrant and enthusiastic as Taylor. I want to find a date that suits both our interests and schedules. [end]\n\n[sentiment] Continue Conversation [end]\n\n[response] Hi Taylor, I'm Dr. Olivia Khan. I'm intrigued by your profile and would love to plan a date that combines our shared love for challenges and new experiences. How about we start by discussing a suitable time for both of us? [end] conforms to rules"}}], [{"from": "GM", "to": "Player 2", "timestamp": "2024-09-12T14:17:12.408411", "action": {"type": "send message", "content": "You are about to play a game with another player. In this game, you and the other player are both on an dating app, looking for a partner. In this case, both you and the other player decided, that you fancy each other's profile. Your and the other player's GOAL is it, to come to an agreement on what to do on your first date. At the start of the game you will be given two character sheets. The first one is the one, that defines your personality. The second one includes the information you know of the other player based on the information in their Bio on the dating app. You will be approached by the other player.\nOn each further turn you can react to what the other player tells you. For this you can either continue the conversation if you have not met an agreement yet or are not happy with the proposal, or end the game by agreeing to the proposal. \n\nThere is a total of four agreements throughout the game: \"Agreement on Time\", \"Agreement on Location\", \"Agreement on Action\", \"Overall Agreement\". You and the other player need to find an agreement on each of them.\nYou should only choose \"Overall Agreement\" after you and your date manage to settle an agreement for the other three ones (Time, Location, Action). \nYou have 15 turns to finish the game and find all agreements. \n\nYour answer has to consist ONLY of the following information and follow the given template:\n\n[reason] Your reason for your decision. [end]\n\n[sentiment] Choose one of the following: \"Continue Conversation\", \"Agreement on Time\", \"Agreement on Location\", \"Agreement on Action\", \"Overall Agreement\" [end]\n\n[response] Your response to the other player. This can include your sentiment, opinion, alternative. [end]\n\nYour answer for [response] must NOT exceed 100 tokens.\n\nThe game ends when 1) both you and the other player reply with the sentiment \"Overall Agreement\", 2) one of you chooses the sentiment \"Overall Agreement\" without the other one choosing it in the following turn, 3) you run out of turns to communicate or 4) you do not follow the template.\n\nThis is your character: {'NAME': 'Taylor Jordan', 'GENDER': 'Non-binary', 'AGE': 29, 'APPEARANCE': 'Curly brown hair, warm brown eyes, eclectic fashion, colorful accessories, enthusiastic.', 'OCCUPATION': 'Event Planner', 'LIKES': 'Festivals, fashion, spicy cuisine.', 'DISLIKES': 'Monotony, pessimism, early mornings.', 'HOBBIES': 'Dancing, crafting, exploring new restaurants.', 'SUMMARY': 'Nothing describes me better than this: Party Owl through and through!'}\n\nThis is the character of the other player: {'NAME': 'Dr. Olivia Khan', 'GENDER': 'Female', 'AGE': 42, 'APPEARANCE': 'Confident smile, sharp blue eyes, stylishly short black hair, professional attire with a touch of personality.', 'OCCUPATION': 'Cardiovascular Surgeon', 'LIKES': 'Helping people, pushing the boundaries of medicine, a good intellectual challenge.', 'DISLIKES': 'Arrogance, inefficiency, seeing people give up.', 'HOBBIES': 'Rock climbing (to manage stress), playing the cello, volunteering at a medical clinic for the underprivileged.', 'SUMMARY': 'I love my work as much as I love a good riddle.'}\n\nRemember, your goal is to find the overall agreement for your first date while staying in character.\n\nContinue the game with the reason, your sentiment and an answer phrase to the first message of the other player:\n\nMessage:  Hi Taylor, I'm Dr. Olivia Khan. I'm intrigued by your profile and would love to plan a date that combines our shared love for challenges and new experiences. How about we start by discussing a suitable time for both of us? [end]\n"}}, {"from": "Player 2", "to": "GM", "timestamp": "2024-09-12T14:17:14.242901", "action": {"type": "get message", "content": "[reason] Dr. Olivia Khan's message is engaging and respectful, and she shows interest in combining our shared interests for our date. She also suggests starting with discussing a suitable time, which is a great starting point for our conversation. [end]\n\n[sentiment] Continue Conversation [end]\n\n[response] Hi Dr. Olivia Khan, I'm Taylor Jordan. I'm thrilled to hear from you and I'm excited to plan a date that brings together our shared interests. Let's start with the time. I'm usually free on weekends, preferably in the afternoons, as I'm not a morning person. How does that sound to you? [end]"}}, {"from": "GM", "to": "GM", "timestamp": "2024-09-12T14:17:14.243906", "action": {"type": "parse", "content": "[reason] Dr. Olivia Khan's message is engaging and respectful, and she shows interest in combining our shared interests for our date. She also suggests starting with discussing a suitable time, which is a great starting point for our conversation. [end]\n\n[sentiment] Continue Conversation [end]\n\n[response] Hi Dr. Olivia Khan, I'm Taylor Jordan. I'm thrilled to hear from you and I'm excited to plan a date that brings together our shared interests. Let's start with the time. I'm usually free on weekends, preferably in the afternoons, as I'm not a morning person. How does that sound to you? [end] conforms to rules"}}], [{"from": "GM", "to": "Player 1", "timestamp": "2024-09-12T14:17:14.243906", "action": {"type": "send message", "content": "Taylor Jordan 's Message:  Hi Dr. Olivia Khan, I'm Taylor Jordan. I'm thrilled to hear from you and I'm excited to plan a date that brings together our shared interests. Let's start with the time. I'm usually free on weekends, preferably in the afternoons, as I'm not a morning person. How does that sound to you? [end]\n"}}, {"from": "Player 1", "to": "GM", "timestamp": "2024-09-12T14:17:16.015146", "action": {"type": "get message", "content": "[reason] Taylor's suggestion of meeting on weekends in the afternoons works well with my schedule, as I usually have more free time then. [end]\n\n[sentiment] Agreement on Time [end]\n\n[response] Taylor, I'm glad to hear that we're on the same page. Weekend afternoons sound perfect to me. Now, let's discuss a location that can cater to both our interests. [end]"}}, {"from": "GM", "to": "GM", "timestamp": "2024-09-12T14:17:16.016148", "action": {"type": "parse", "content": "[reason] Taylor's suggestion of meeting on weekends in the afternoons works well with my schedule, as I usually have more free time then. [end]\n\n[sentiment] Agreement on Time [end]\n\n[response] Taylor, I'm glad to hear that we're on the same page. Weekend afternoons sound perfect to me. Now, let's discuss a location that can cater to both our interests. [end] conforms to rules"}}], [{"from": "GM", "to": "Player 2", "timestamp": "2024-09-12T14:17:16.016148", "action": {"type": "send message", "content": "Dr. Olivia Khan 's Message:  Taylor, I'm glad to hear that we're on the same page. Weekend afternoons sound perfect to me. Now, let's discuss a location that can cater to both our interests. [end]\n"}}, {"from": "Player 2", "to": "GM", "timestamp": "2024-09-12T14:17:18.442372", "action": {"type": "get message", "content": "[reason] Dr. Olivia Khan agrees with my preferred time, which is a great start. She also suggests discussing a location that caters to both our interests, which is a thoughtful approach. [end]\n\n[sentiment] Continue Conversation [end]\n\n[response] That's great to hear, Dr. Olivia Khan. I'm glad we're on the same page about the time. As for the location, I suggest we try a new restaurant that serves spicy cuisine. It would be a new experience for both of us and aligns with my love for spicy food. What do you think? [end]"}}, {"from": "GM", "to": "GM", "timestamp": "2024-09-12T14:17:18.443375", "action": {"type": "parse", "content": "[reason] Dr. Olivia Khan agrees with my preferred time, which is a great start. She also suggests discussing a location that caters to both our interests, which is a thoughtful approach. [end]\n\n[sentiment] Continue Conversation [end]\n\n[response] That's great to hear, Dr. Olivia Khan. I'm glad we're on the same page about the time. As for the location, I suggest we try a new restaurant that serves spicy cuisine. It would be a new experience for both of us and aligns with my love for spicy food. What do you think? [end] conforms to rules"}}, {"from": "GM", "to": "GM", "timestamp": "2024-09-12T14:17:18.443375", "action": {"type": "mismatch time agreement", "content": "no time agreement, mismatched sentiment"}}], [{"from": "GM", "to": "Player 1", "timestamp": "2024-09-12T14:17:18.443375", "action": {"type": "send message", "content": "Taylor Jordan 's Message:  That's great to hear, Dr. Olivia Khan. I'm glad we're on the same page about the time. As for the location, I suggest we try a new restaurant that serves spicy cuisine. It would be a new experience for both of us and aligns with my love for spicy food. What do you think? [end]\n"}}, {"from": "Player 1", "to": "GM", "timestamp": "2024-09-12T14:17:20.098831", "action": {"type": "get message", "content": "[reason] I appreciate Taylor's suggestion, but I'd like to propose a location that combines both our interests. I'm not sure if a spicy food restaurant would be the best choice for our first date. [end]\n\n[sentiment] Continue Conversation [end]\n\n[response] Taylor, I appreciate your suggestion, but I was thinking of a location that could cater to both our interests. How about a festival or an event that combines music, food, and a bit of adventure? [end]"}}, {"from": "GM", "to": "GM", "timestamp": "2024-09-12T14:17:20.099846", "action": {"type": "parse", "content": "[reason] I appreciate Taylor's suggestion, but I'd like to propose a location that combines both our interests. I'm not sure if a spicy food restaurant would be the best choice for our first date. [end]\n\n[sentiment] Continue Conversation [end]\n\n[response] Taylor, I appreciate your suggestion, but I was thinking of a location that could cater to both our interests. How about a festival or an event that combines music, food, and a bit of adventure? [end] conforms to rules"}}], [{"from": "GM", "to": "Player 2", "timestamp": "2024-09-12T14:17:20.099846", "action": {"type": "send message", "content": "Dr. Olivia Khan 's Message:  Taylor, I appreciate your suggestion, but I was thinking of a location that could cater to both our interests. How about a festival or an event that combines music, food, and a bit of adventure? [end]\n"}}, {"from": "Player 2", "to": "GM", "timestamp": "2024-09-12T14:17:22.142871", "action": {"type": "get message", "content": "[reason] Dr. Olivia Khan appreciates my suggestion but proposes a location that caters to both our interests. Her idea of a festival or an event that combines music, food, and adventure aligns with my love for festivals and new experiences. [end]\n\n[sentiment] Agreement on Location [end]\n\n[response] Dr. Olivia Khan, I love your idea of a festival or an event that combines music, food, and adventure. That sounds like a perfect location for our date. Let's find an event that suits our interests and schedule. [end]"}}, {"from": "GM", "to": "GM", "timestamp": "2024-09-12T14:17:22.142871", "action": {"type": "parse", "content": "[reason] Dr. Olivia Khan appreciates my suggestion but proposes a location that caters to both our interests. Her idea of a festival or an event that combines music, food, and adventure aligns with my love for festivals and new experiences. [end]\n\n[sentiment] Agreement on Location [end]\n\n[response] Dr. Olivia Khan, I love your idea of a festival or an event that combines music, food, and adventure. That sounds like a perfect location for our date. Let's find an event that suits our interests and schedule. [end] conforms to rules"}}], [{"from": "GM", "to": "Player 1", "timestamp": "2024-09-12T14:17:22.143883", "action": {"type": "send message", "content": "Taylor Jordan 's Message:  Dr. Olivia Khan, I love your idea of a festival or an event that combines music, food, and adventure. That sounds like a perfect location for our date. Let's find an event that suits our interests and schedule. [end]\n"}}, {"from": "Player 1", "to": "GM", "timestamp": "2024-09-12T14:17:23.560900", "action": {"type": "get message", "content": "[reason] I'm glad Taylor is open to my suggestion. Now, we need to find an event that suits both our interests and schedule. [end]\n\n[sentiment] Continue Conversation [end]\n\n[response] Taylor, I'm glad you like my idea. Let's look for a weekend afternoon event that combines music, food, and a bit of adventure. I'm sure we can find something that suits both our interests. [end]"}}, {"from": "GM", "to": "GM", "timestamp": "2024-09-12T14:17:23.561902", "action": {"type": "parse", "content": "[reason] I'm glad Taylor is open to my suggestion. Now, we need to find an event that suits both our interests and schedule. [end]\n\n[sentiment] Continue Conversation [end]\n\n[response] Taylor, I'm glad you like my idea. Let's look for a weekend afternoon event that combines music, food, and a bit of adventure. I'm sure we can find something that suits both our interests. [end] conforms to rules"}}, {"from": "GM", "to": "GM", "timestamp": "2024-09-12T14:17:23.561902", "action": {"type": "mismatch location agreement", "content": "no location agreement, mismatched sentiment"}}], [{"from": "GM", "to": "Player 2", "timestamp": "2024-09-12T14:17:23.561902", "action": {"type": "send message", "content": "Dr. Olivia Khan 's Message:  Taylor, I'm glad you like my idea. Let's look for a weekend afternoon event that combines music, food, and a bit of adventure. I'm sure we can find something that suits both our interests. [end]\n"}}, {"from": "Player 2", "to": "GM", "timestamp": "2024-09-12T14:17:25.205346", "action": {"type": "get message", "content": "[reason] Dr. Olivia Khan is glad that I like her idea and suggests looking for a weekend afternoon event that combines music, food, and adventure. This aligns with our agreed-upon time and location preferences. [end]\n\n[sentiment] Continue Conversation [end]\n\n[response] That sounds like a plan, Dr. Olivia Khan. I'm excited to find an event that suits both our interests. Let's keep each other updated on any events we come across. [end]"}}, {"from": "GM", "to": "GM", "timestamp": "2024-09-12T14:17:25.206345", "action": {"type": "parse", "content": "[reason] Dr. Olivia Khan is glad that I like her idea and suggests looking for a weekend afternoon event that combines music, food, and adventure. This aligns with our agreed-upon time and location preferences. [end]\n\n[sentiment] Continue Conversation [end]\n\n[response] That sounds like a plan, Dr. Olivia Khan. I'm excited to find an event that suits both our interests. Let's keep each other updated on any events we come across. [end] conforms to rules"}}], [{"from": "GM", "to": "Player 1", "timestamp": "2024-09-12T14:17:25.206345", "action": {"type": "send message", "content": "Taylor Jordan 's Message:  That sounds like a plan, Dr. Olivia Khan. I'm excited to find an event that suits both our interests. Let's keep each other updated on any events we come across. [end]\n"}}, {"from": "Player 1", "to": "GM", "timestamp": "2024-09-12T14:17:27.251062", "action": {"type": "get message", "content": "[reason] I'm glad Taylor is enthusiastic about finding an event that suits both our interests. I'll start looking for events that we can attend. [end]\n\n[sentiment] Continue Conversation [end]\n\n[response] Taylor, I'm excited to start looking for events as well. I'll keep you updated on any events I come across. Let's make sure to find something that combines music, food, and a bit of adventure. [end]"}}, {"from": "GM", "to": "GM", "timestamp": "2024-09-12T14:17:27.251062", "action": {"type": "parse", "content": "[reason] I'm glad Taylor is enthusiastic about finding an event that suits both our interests. I'll start looking for events that we can attend. [end]\n\n[sentiment] Continue Conversation [end]\n\n[response] Taylor, I'm excited to start looking for events as well. I'll keep you updated on any events I come across. Let's make sure to find something that combines music, food, and a bit of adventure. [end] conforms to rules"}}], [{"from": "GM", "to": "Player 2", "timestamp": "2024-09-12T14:17:27.251062", "action": {"type": "send message", "content": "Dr. Olivia Khan 's Message:  Taylor, I'm excited to start looking for events as well. I'll keep you updated on any events I come across. Let's make sure to find something that combines music, food, and a bit of adventure. [end]\n"}}, {"from": "Player 2", "to": "GM", "timestamp": "2024-09-12T14:17:29.193759", "action": {"type": "get message", "content": "[reason] Dr. Olivia Khan is excited to start looking for events and will keep me updated on any events she comes across. She also emphasizes the importance of finding an event that combines music, food, and adventure. [end]\n\n[sentiment] Continue Conversation [end]\n\n[response] I'm glad to hear that, Dr. Olivia Khan. I'll also keep an eye out for any events that fit our criteria. Let's make sure to find something that combines music, food, and adventure for a memorable first date. [end]"}}, {"from": "GM", "to": "GM", "timestamp": "2024-09-12T14:17:29.193759", "action": {"type": "parse", "content": "[reason] Dr. Olivia Khan is excited to start looking for events and will keep me updated on any events she comes across. She also emphasizes the importance of finding an event that combines music, food, and adventure. [end]\n\n[sentiment] Continue Conversation [end]\n\n[response] I'm glad to hear that, Dr. Olivia Khan. I'll also keep an eye out for any events that fit our criteria. Let's make sure to find something that combines music, food, and adventure for a memorable first date. [end] conforms to rules"}}], [{"from": "GM", "to": "Player 1", "timestamp": "2024-09-12T14:17:29.194755", "action": {"type": "send message", "content": "Taylor Jordan 's Message:  I'm glad to hear that, Dr. Olivia Khan. I'll also keep an eye out for any events that fit our criteria. Let's make sure to find something that combines music, food, and adventure for a memorable first date. [end]\n"}}, {"from": "Player 1", "to": "GM", "timestamp": "2024-09-12T14:17:31.058823", "action": {"type": "get message", "content": "[reason] I'm glad Taylor is on board with finding an event that combines music, food, and adventure. Now, we need to decide on an action that we can do together at the event. [end]\n\n[sentiment] Continue Conversation [end]\n\n[response] Taylor, I'm glad we're on the same page about finding an event that combines music, food, and adventure. Once we find an event, let's decide on an action that we can do together. How about exploring the event together and trying out new foods? [end]"}}, {"from": "GM", "to": "GM", "timestamp": "2024-09-12T14:17:31.059826", "action": {"type": "parse", "content": "[reason] I'm glad Taylor is on board with finding an event that combines music, food, and adventure. Now, we need to decide on an action that we can do together at the event. [end]\n\n[sentiment] Continue Conversation [end]\n\n[response] Taylor, I'm glad we're on the same page about finding an event that combines music, food, and adventure. Once we find an event, let's decide on an action that we can do together. How about exploring the event together and trying out new foods? [end] conforms to rules"}}], [{"from": "GM", "to": "Player 2", "timestamp": "2024-09-12T14:17:31.059826", "action": {"type": "send message", "content": "Dr. Olivia Khan 's Message:  Taylor, I'm glad we're on the same page about finding an event that combines music, food, and adventure. Once we find an event, let's decide on an action that we can do together. How about exploring the event together and trying out new foods? [end]\n"}}, {"from": "Player 2", "to": "GM", "timestamp": "2024-09-12T14:17:32.774970", "action": {"type": "get message", "content": "[reason] Dr. Olivia Khan is glad that we're on the same page about finding an event that combines music, food, and adventure. She also suggests exploring the event together and trying out new foods as an action for our date. [end]\n\n[sentiment] Agreement on Action [end]\n\n[response] Dr. Olivia Khan, I love your idea of exploring the event together and trying out new foods. That sounds like a fun and adventurous action for our date. Let's make sure to find an event that offers a variety of food options. [end]"}}, {"from": "GM", "to": "GM", "timestamp": "2024-09-12T14:17:32.775973", "action": {"type": "parse", "content": "[reason] Dr. Olivia Khan is glad that we're on the same page about finding an event that combines music, food, and adventure. She also suggests exploring the event together and trying out new foods as an action for our date. [end]\n\n[sentiment] Agreement on Action [end]\n\n[response] Dr. Olivia Khan, I love your idea of exploring the event together and trying out new foods. That sounds like a fun and adventurous action for our date. Let's make sure to find an event that offers a variety of food options. [end] conforms to rules"}}], [{"from": "GM", "to": "Player 1", "timestamp": "2024-09-12T14:17:32.775973", "action": {"type": "send message", "content": "Taylor Jordan 's Message:  Dr. Olivia Khan, I love your idea of exploring the event together and trying out new foods. That sounds like a fun and adventurous action for our date. Let's make sure to find an event that offers a variety of food options. [end]\n"}}, {"from": "Player 1", "to": "GM", "timestamp": "2024-09-12T14:17:34.420927", "action": {"type": "get message", "content": "[reason] I'm glad Taylor likes my idea of exploring the event together and trying out new foods. Now, we need to find an event that offers a variety of food options. [end]\n\n[sentiment] Continue Conversation [end]\n\n[response] Taylor, I'm glad you like my idea. Let's find an event that offers a variety of food options. I'm sure we can find something that suits both our tastes. [end]"}}, {"from": "GM", "to": "GM", "timestamp": "2024-09-12T14:17:34.421933", "action": {"type": "parse", "content": "[reason] I'm glad Taylor likes my idea of exploring the event together and trying out new foods. Now, we need to find an event that offers a variety of food options. [end]\n\n[sentiment] Continue Conversation [end]\n\n[response] Taylor, I'm glad you like my idea. Let's find an event that offers a variety of food options. I'm sure we can find something that suits both our tastes. [end] conforms to rules"}}, {"from": "GM", "to": "GM", "timestamp": "2024-09-12T14:17:34.421933", "action": {"type": "mismatch action agreement", "content": "no action agreement, mismatched sentiment"}}], [{"from": "GM", "to": "Player 2", "timestamp": "2024-09-12T14:17:34.421933", "action": {"type": "send message", "content": "Dr. Olivia Khan 's Message:  Taylor, I'm glad you like my idea. Let's find an event that offers a variety of food options. I'm sure we can find something that suits both our tastes. [end]\n"}}, {"from": "Player 2", "to": "GM", "timestamp": "2024-09-12T14:17:36.468017", "action": {"type": "get message", "content": "[reason] Dr. Olivia Khan is glad that I like her idea and suggests finding an event that offers a variety of food options. This aligns with our agreed-upon action for our date. [end]\n\n[sentiment] Continue Conversation [end]\n\n[response] I'm excited to find an event that offers a variety of food options, Dr. Olivia Khan. Let's keep each other updated on any events we come across that fit our criteria. [end]"}}, {"from": "GM", "to": "GM", "timestamp": "2024-09-12T14:17:36.468017", "action": {"type": "parse", "content": "[reason] Dr. Olivia Khan is glad that I like her idea and suggests finding an event that offers a variety of food options. This aligns with our agreed-upon action for our date. [end]\n\n[sentiment] Continue Conversation [end]\n\n[response] I'm excited to find an event that offers a variety of food options, Dr. Olivia Khan. Let's keep each other updated on any events we come across that fit our criteria. [end] conforms to rules"}}], [{"from": "GM", "to": "Player 1", "timestamp": "2024-09-12T14:17:36.468017", "action": {"type": "send message", "content": "Taylor Jordan 's Message:  I'm excited to find an event that offers a variety of food options, Dr. Olivia Khan. Let's keep each other updated on any events we come across that fit our criteria. [end]\n"}}, {"from": "Player 1", "to": "GM", "timestamp": "2024-09-12T14:17:38.411775", "action": {"type": "get message", "content": "[reason] I'm glad Taylor is excited about finding an event that offers a variety of food options. I'll start looking for events that fit our criteria. [end]\n\n[sentiment] Continue Conversation [end]\n\n[response] Taylor, I'm excited to start looking for events as well. I'll keep you updated on any events I come across that fit our criteria. Let's make sure to find something that offers a variety of food options. [end]"}}, {"from": "GM", "to": "GM", "timestamp": "2024-09-12T14:17:38.412776", "action": {"type": "parse", "content": "[reason] I'm glad Taylor is excited about finding an event that offers a variety of food options. I'll start looking for events that fit our criteria. [end]\n\n[sentiment] Continue Conversation [end]\n\n[response] Taylor, I'm excited to start looking for events as well. I'll keep you updated on any events I come across that fit our criteria. Let's make sure to find something that offers a variety of food options. [end] conforms to rules"}}, {"from": "GM", "to": "GM", "timestamp": "2024-09-12T14:17:38.412776", "action": {"type": "out of turns", "content": "game unsuccessful out of turns"}}]], "max_turns": 15, "completed_turns": 15, "time_agreement": false, "location_agreement": false, "action_agreement": false}