{"players": {"GM": "Game master for datingsim", "Player 1": "openchat-3.6-8b", "Player 2": "openchat-3.6-8b"}, "turns": [[{"from": "GM", "to": "Player 1", "timestamp": "2024-09-12T19:30:30.195955", "action": {"type": "send message", "content": "You are about to play a game with another player. In this game, you and the other player are both on an dating app, looking for a partner. In this case, both you and the other player decided, that you fancy each other's profile. Your and the other player's GOAL is it, to come to an agreement on what to do on your first date. At the start of the game you will be given two character sheets. The first one is the one, that defines your personality. The second one includes the information you know of the other player based on the information in their Bio on the dating app. You will start the conversation.\nOn each further turn you can react to what the other player tells you. For this you can either continue the conversation if you have not met an agreement yet or are not happy with the proposal, or end the game by agreeing to the proposal. \n\nThere is a total of four agreements throughout the game: \"Agreement on Time\", \"Agreement on Location\", \"Agreement on Action\", \"Overall Agreement\". You and the other player need to find an agreement on each of them.\nYou should only choose \"Overall Agreement\" after you and your date manage to settle an agreement for the other three ones (Time, Location, Action). \nYou have 20 turns to finish the game and find all agreements. \n\nYour answer has to consist ONLY of the following information and follow the given template:\n\n[reason] Your reason for your decision. [end]\n\n[sentiment] Choose one of the following: \"Continue Conversation\", \"Agreement on Time\", \"Agreement on Location\", \"Agreement on Action\", \"Overall Agreement\" [end]\n\n[response] Your response to the other player. This can include your sentiment, opinion, alternative. [end]\n\nYour answer for [response] must NOT exceed 100 tokens.\n\nThe game ends when 1) both you and the other player reply with the sentiment \"Overall Agreement\", 2) one of you chooses the sentiment \"Overall Agreement\" without the other one choosing it in the following turn, 3) you run out of turns to communicate or 4) you do not follow the template.\n\nThis is your character: {'NAME': 'Sakura Nakamura', 'GENDER': 'Female', 'AGE': 32, 'APPEARANCE': 'Calm and gentle demeanor, kind eyes, long silky black hair, wears flowy dresses with traditional Japanese touches.', 'OCCUPATION': 'Tea Ceremony Master', 'LIKES': 'Maintaining traditions, fostering inner peace, creating a beautiful and harmonious atmosphere.', 'DISLIKES': 'Disharmony, disrespect, rushing through life.', 'HOBBIES': 'Calligraphy, flower arranging (Ikebana), practicing mindfulness meditation.', 'SUMMARY': \"Hi, I'm Sakura, a tea ceremony master who cherishes tranquility, mindfulness, and the beauty of tradition.\"}\n\nThis is the character of the other player: ${'NAME': 'Casey Rivers', 'GENDER': 'Non-binary', 'AGE': 25, 'APPEARANCE': 'Long auburn hair, hazel eyes, casual chic attire, freckles, soft-spokenr.', 'OCCUPATION': 'Bookstore Owner', 'SUMMARY': 'Some might say I have grandma hobbies, others however appreciate the quality and time I invest to handmade them clothes.'}\n\nRemember, your goal is to find the overall agreement for your first date while staying in character.\n\nStart the game with the reason, your sentiment and the opening phrase.\n"}}, {"from": "Player 1", "to": "GM", "timestamp": "2024-09-12T19:30:36.231566", "action": {"type": "get message", "content": "[reason] Your profile caught my attention because of your love for tradition and your hobbies. [end]\n\n[sentiment] Agreement on Time [end]\n\n[response] I would like to suggest a time that works well for me, which is around 6 PM. Would you be available then? [end]"}}, {"from": "GM", "to": "GM", "timestamp": "2024-09-12T19:30:36.233817", "action": {"type": "parse", "content": "[reason] Your profile caught my attention because of your love for tradition and your hobbies. [end]\n\n[sentiment] Agreement on Time [end]\n\n[response] I would like to suggest a time that works well for me, which is around 6 PM. Would you be available then? [end] conforms to rules"}}], [{"from": "GM", "to": "Player 2", "timestamp": "2024-09-12T19:30:36.233855", "action": {"type": "send message", "content": "You are about to play a game with another player. In this game, you and the other player are both on an dating app, looking for a partner. In this case, both you and the other player decided, that you fancy each other's profile. Your and the other player's GOAL is it, to come to an agreement on what to do on your first date. At the start of the game you will be given two character sheets. The first one is the one, that defines your personality. The second one includes the information you know of the other player based on the information in their Bio on the dating app. You will be approached by the other player.\nOn each further turn you can react to what the other player tells you. For this you can either continue the conversation if you have not met an agreement yet or are not happy with the proposal, or end the game by agreeing to the proposal. \n\nThere is a total of four agreements throughout the game: \"Agreement on Time\", \"Agreement on Location\", \"Agreement on Action\", \"Overall Agreement\". You and the other player need to find an agreement on each of them.\nYou should only choose \"Overall Agreement\" after you and your date manage to settle an agreement for the other three ones (Time, Location, Action). \nYou have 20 turns to finish the game and find all agreements. \n\nYour answer has to consist ONLY of the following information and follow the given template:\n\n[reason] Your reason for your decision. [end]\n\n[sentiment] Choose one of the following: \"Continue Conversation\", \"Agreement on Time\", \"Agreement on Location\", \"Agreement on Action\", \"Overall Agreement\" [end]\n\n[response] Your response to the other player. This can include your sentiment, opinion, alternative. [end]\n\nYour answer for [response] must NOT exceed 100 tokens.\n\nThe game ends when 1) both you and the other player reply with the sentiment \"Overall Agreement\", 2) one of you chooses the sentiment \"Overall Agreement\" without the other one choosing it in the following turn, 3) you run out of turns to communicate or 4) you do not follow the template.\n\nThis is your character: {'NAME': 'Casey Rivers', 'GENDER': 'Non-binary', 'AGE': 25, 'APPEARANCE': 'Long auburn hair, hazel eyes, casual chic attire, freckles, soft-spokenr.', 'OCCUPATION': 'Bookstore Owner', 'LIKES': 'Poetry, herbal tea, rainy days.', 'DISLIKES': 'Loud environments, fast fashion, injustice.', 'HOBBIES': 'Writing, gardening, knitting.', 'SUMMARY': 'Some might say I have grandma hobbies, others however appreciate the quality and time I invest to handmade them clothes.'}\n\nThis is the character of the other player: ${'NAME': 'Sakura Nakamura', 'GENDER': 'Female', 'AGE': 32, 'APPEARANCE': 'Calm and gentle demeanor, kind eyes, long silky black hair, wears flowy dresses with traditional Japanese touches.', 'OCCUPATION': 'Tea Ceremony Master', 'SUMMARY': \"Hi, I'm Sakura, a tea ceremony master who cherishes tranquility, mindfulness, and the beauty of tradition.\"}\n\nRemember, your goal is to find the overall agreement for your first date while staying in character.\n\nContinue the game with the reason, your sentiment and an answer phrase to the first message of the other player:\n\nMessage:  I would like to suggest a time that works well for me, which is around 6 PM. Would you be available then? [end]\n"}}, {"from": "Player 2", "to": "GM", "timestamp": "2024-09-12T19:30:42.945513", "action": {"type": "get message", "content": "[reason] Your suggestion seems reasonable as it gives us enough time to prepare for our date and also allows us some evening leisure time. [end]\n\n[sentiment] Agreement on Time [end]\n\n[response] I'm happy with the proposed time of 6 PM, that works well for me too. Let's go ahead with this plan. [end]"}}, {"from": "GM", "to": "GM", "timestamp": "2024-09-12T19:30:42.945746", "action": {"type": "parse", "content": "[reason] Your suggestion seems reasonable as it gives us enough time to prepare for our date and also allows us some evening leisure time. [end]\n\n[sentiment] Agreement on Time [end]\n\n[response] I'm happy with the proposed time of 6 PM, that works well for me too. Let's go ahead with this plan. [end] conforms to rules"}}], [{"from": "GM", "to": "Player 1", "timestamp": "2024-09-12T19:30:42.945809", "action": {"type": "send message", "content": "Casey Rivers 's Message:  I'm happy with the proposed time of 6 PM, that works well for me too. Let's go ahead with this plan. [end]\n"}}, {"from": "Player 1", "to": "GM", "timestamp": "2024-09-12T19:30:49.286066", "action": {"type": "get message", "content": "[reason] It's great to hear that you're also available at 6 PM! [end]\n\n[sentiment] Agreement on Location [end]\n\n[response] I was thinking about having our date at a traditional Japanese tea house. What do you think? [end]"}}, {"from": "GM", "to": "GM", "timestamp": "2024-09-12T19:30:49.286334", "action": {"type": "parse", "content": "[reason] It's great to hear that you're also available at 6 PM! [end]\n\n[sentiment] Agreement on Location [end]\n\n[response] I was thinking about having our date at a traditional Japanese tea house. What do you think? [end] conforms to rules"}}, {"from": "GM", "to": "GM", "timestamp": "2024-09-12T19:30:49.286409", "action": {"type": "mismatch time agreement", "content": "no time agreement, mismatched sentiment"}}], [{"from": "GM", "to": "Player 2", "timestamp": "2024-09-12T19:30:49.286530", "action": {"type": "send message", "content": "Sakura Nakamura 's Message:  I was thinking about having our date at a traditional Japanese tea house. What do you think? [end]\n"}}, {"from": "Player 2", "to": "GM", "timestamp": "2024-09-12T19:30:56.585402", "action": {"type": "get message", "content": "[reason] A traditional Japanese tea house sounds like an excellent idea, as it aligns with both of our interests and personalities. [end]\n\n[sentiment] Agreement on Location [end]\n\n[response] That's a great suggestion! I love the idea of having our date at a traditional Japanese tea house. Let's go for it. [end]"}}, {"from": "GM", "to": "GM", "timestamp": "2024-09-12T19:30:56.585645", "action": {"type": "parse", "content": "[reason] A traditional Japanese tea house sounds like an excellent idea, as it aligns with both of our interests and personalities. [end]\n\n[sentiment] Agreement on Location [end]\n\n[response] That's a great suggestion! I love the idea of having our date at a traditional Japanese tea house. Let's go for it. [end] conforms to rules"}}, {"from": "GM", "to": "GM", "timestamp": "2024-09-12T19:30:56.585691", "action": {"type": "location agreement", "content": "agreement on location successful"}}], [{"from": "GM", "to": "Player 1", "timestamp": "2024-09-12T19:30:56.585755", "action": {"type": "send message", "content": "Casey Rivers 's Message:  That's a great suggestion! I love the idea of having our date at a traditional Japanese tea house. Let's go for it. [end]\n"}}, {"from": "Player 1", "to": "GM", "timestamp": "2024-09-12T19:31:04.440526", "action": {"type": "get message", "content": "[reason] A tea house is perfect for us to connect and enjoy each other's company while appreciating tradition. [end]\n\n[sentiment] Agreement on Action [end]\n\n[response] Now that we've agreed on the location, let's decide what kind of tea ceremony we'd like to experience together. I could show you some traditional techniques if you're interested? [end]"}}, {"from": "GM", "to": "GM", "timestamp": "2024-09-12T19:31:04.440820", "action": {"type": "parse", "content": "[reason] A tea house is perfect for us to connect and enjoy each other's company while appreciating tradition. [end]\n\n[sentiment] Agreement on Action [end]\n\n[response] Now that we've agreed on the location, let's decide what kind of tea ceremony we'd like to experience together. I could show you some traditional techniques if you're interested? [end] conforms to rules"}}, {"from": "GM", "to": "GM", "timestamp": "2024-09-12T19:31:04.440925", "action": {"type": "mismatch location agreement", "content": "no location agreement, mismatched sentiment"}}], [{"from": "GM", "to": "Player 2", "timestamp": "2024-09-12T19:31:04.441078", "action": {"type": "send message", "content": "Sakura Nakamura 's Message:  Now that we've agreed on the location, let's decide what kind of tea ceremony we'd like to experience together. I could show you some traditional techniques if you're interested? [end]\n"}}, {"from": "Player 2", "to": "GM", "timestamp": "2024-09-12T19:31:12.255669", "action": {"type": "get message", "content": "[reason] That sounds wonderful! I'm always eager to learn new things and would love to see those traditional techniques in action. [end]\n\n[sentiment] Agreement on Action [end]\n\n[response] Yes, please share your expertise! I'd be thrilled to experience a traditional tea ceremony with you. Let's do it! [end]"}}, {"from": "GM", "to": "GM", "timestamp": "2024-09-12T19:31:12.255852", "action": {"type": "parse", "content": "[reason] That sounds wonderful! I'm always eager to learn new things and would love to see those traditional techniques in action. [end]\n\n[sentiment] Agreement on Action [end]\n\n[response] Yes, please share your expertise! I'd be thrilled to experience a traditional tea ceremony with you. Let's do it! [end] conforms to rules"}}, {"from": "GM", "to": "GM", "timestamp": "2024-09-12T19:31:12.255897", "action": {"type": "action agreement", "content": "agreement on action successful"}}], [{"from": "GM", "to": "Player 1", "timestamp": "2024-09-12T19:31:12.255940", "action": {"type": "send message", "content": "Casey Rivers 's Message:  Yes, please share your expertise! I'd be thrilled to experience a traditional tea ceremony with you. Let's do it! [end]\n"}}, {"from": "Player 1", "to": "GM", "timestamp": "2024-09-12T19:31:19.963648", "action": {"type": "get message", "content": "[reason] I'm glad you're excited about learning the traditional tea ceremony together. [end]\n\n[sentiment] Overall Agreement [end]\n\n[response] Great! We've agreed on time, location, and action for our first date. Looking forward to sharing this experience with you. [end]"}}, {"from": "GM", "to": "GM", "timestamp": "2024-09-12T19:31:19.963934", "action": {"type": "parse", "content": "[reason] I'm glad you're excited about learning the traditional tea ceremony together. [end]\n\n[sentiment] Overall Agreement [end]\n\n[response] Great! We've agreed on time, location, and action for our first date. Looking forward to sharing this experience with you. [end] conforms to rules"}}, {"from": "GM", "to": "GM", "timestamp": "2024-09-12T19:31:19.964015", "action": {"type": "mismatch action agreement", "content": "no action agreement, mismatched sentiment"}}], [{"from": "GM", "to": "Player 2", "timestamp": "2024-09-12T19:31:19.964148", "action": {"type": "send message", "content": "Sakura Nakamura 's Message:  Great! We've agreed on time, location, and action for our first date. Looking forward to sharing this experience with you. [end]\n"}}, {"from": "Player 2", "to": "GM", "timestamp": "2024-09-12T19:31:28.472107", "action": {"type": "get message", "content": "[reason] I'm really excited about our upcoming date too! Thank you for being so thoughtful in planning it all out. [end]\n\n[sentiment] Overall Agreement [end]\n\n[response] Me too, Casey! It's going to be a memorable experience. Let's make the most of it. Cheers to our first date! [end]"}}, {"from": "GM", "to": "GM", "timestamp": "2024-09-12T19:31:28.472383", "action": {"type": "parse", "content": "[reason] I'm really excited about our upcoming date too! Thank you for being so thoughtful in planning it all out. [end]\n\n[sentiment] Overall Agreement [end]\n\n[response] Me too, Casey! It's going to be a memorable experience. Let's make the most of it. Cheers to our first date! [end] conforms to rules"}}, {"from": "GM", "to": "GM", "timestamp": "2024-09-12T19:31:28.472447", "action": {"type": "overall agreement", "content": "game successful"}}]], "max_turns": 20, "completed_turns": 8, "time_agreement": false, "location_agreement": true, "action_agreement": true}