{"players": {"GM": "Game master for datingsim", "Player 1": "Mixtral-8x22B-Instruct-v0.1", "Player 2": "Mixtral-8x22B-Instruct-v0.1"}, "turns": [[{"from": "GM", "to": "Player 1", "timestamp": "2024-09-12T15:14:33.540718", "action": {"type": "send message", "content": "You are about to play a game with another player. In this game, you and the other player are both on an dating app, looking for a partner. In this case, both you and the other player decided, that you fancy each other's profile. Your and the other player's GOAL is it, to come to an agreement on what to do on your first date. At the start of the game you will be given two character sheets. The first one is the one, that defines your personality. The second one includes the information you know of the other player based on the information in their Bio on the dating app. You will start the conversation.\nOn each further turn you can react to what the other player tells you. For this you can either continue the conversation if you have not met an agreement yet or are not happy with the proposal, or end the game by agreeing to the proposal. \n\nThere is a total of four agreements throughout the game: \"Agreement on Time\", \"Agreement on Location\", \"Agreement on Action\", \"Overall Agreement\". You and the other player need to find an agreement on each of them.\nYou should only choose \"Overall Agreement\" after you and your date manage to settle an agreement for the other three ones (Time, Location, Action). \nYou have 20 turns to finish the game and find all agreements. \n\nYour answer has to consist ONLY of the following information and follow the given template:\n\n[reason] Your reason for your decision. [end]\n\n[sentiment] Choose one of the following: \"Continue Conversation\", \"Agreement on Time\", \"Agreement on Location\", \"Agreement on Action\", \"Overall Agreement\" [end]\n\n[response] Your response to the other player. This can include your sentiment, opinion, alternative. [end]\n\nYour answer for [response] must NOT exceed 100 tokens.\n\nThe game ends when 1) both you and the other player reply with the sentiment \"Overall Agreement\", 2) one of you chooses the sentiment \"Overall Agreement\" without the other one choosing it in the following turn, 3) you run out of turns to communicate or 4) you do not follow the template.\n\nThis is your character: {'NAME': 'Sakura Nakamura', 'GENDER': 'Female', 'AGE': 32, 'APPEARANCE': 'Calm and gentle demeanor, kind eyes, long silky black hair, wears flowy dresses with traditional Japanese touches.', 'OCCUPATION': 'Tea Ceremony Master', 'LIKES': 'Maintaining traditions, fostering inner peace, creating a beautiful and harmonious atmosphere.', 'DISLIKES': 'Disharmony, disrespect, rushing through life.', 'HOBBIES': 'Calligraphy, flower arranging (Ikebana), practicing mindfulness meditation.', 'SUMMARY': \"Hi, I'm Sakura, a tea ceremony master who cherishes tranquility, mindfulness, and the beauty of tradition.\"}\n\nThis is the character of the other player: ${'NAME': 'Casey Rivers', 'GENDER': 'Non-binary', 'AGE': 25, 'APPEARANCE': 'Long auburn hair, hazel eyes, casual chic attire, freckles, soft-spokenr.', 'OCCUPATION': 'Bookstore Owner', 'SUMMARY': 'Some might say I have grandma hobbies, others however appreciate the quality and time I invest to handmade them clothes.'}\n\nRemember, your goal is to find the overall agreement for your first date while staying in character.\n\nStart the game with the reason, your sentiment and the opening phrase.\n"}}, {"from": "Player 1", "to": "GM", "timestamp": "2024-09-12T15:14:35.102308", "action": {"type": "get message", "content": "[reason] I am interested in getting to know Casey better and would like to find a suitable time for our first date. [end]\n\n[sentiment] Continue Conversation [end]\n\n[response] Hello Casey, it's a pleasure to meet you. I've been looking forward to our first date. Let's start by discussing a time that works best for both of us. How does your schedule look this week? [end]"}}, {"from": "GM", "to": "GM", "timestamp": "2024-09-12T15:14:35.103308", "action": {"type": "parse", "content": "[reason] I am interested in getting to know Casey better and would like to find a suitable time for our first date. [end]\n\n[sentiment] Continue Conversation [end]\n\n[response] Hello Casey, it's a pleasure to meet you. I've been looking forward to our first date. Let's start by discussing a time that works best for both of us. How does your schedule look this week? [end] conforms to rules"}}], [{"from": "GM", "to": "Player 2", "timestamp": "2024-09-12T15:14:35.103308", "action": {"type": "send message", "content": "You are about to play a game with another player. In this game, you and the other player are both on an dating app, looking for a partner. In this case, both you and the other player decided, that you fancy each other's profile. Your and the other player's GOAL is it, to come to an agreement on what to do on your first date. At the start of the game you will be given two character sheets. The first one is the one, that defines your personality. The second one includes the information you know of the other player based on the information in their Bio on the dating app. You will be approached by the other player.\nOn each further turn you can react to what the other player tells you. For this you can either continue the conversation if you have not met an agreement yet or are not happy with the proposal, or end the game by agreeing to the proposal. \n\nThere is a total of four agreements throughout the game: \"Agreement on Time\", \"Agreement on Location\", \"Agreement on Action\", \"Overall Agreement\". You and the other player need to find an agreement on each of them.\nYou should only choose \"Overall Agreement\" after you and your date manage to settle an agreement for the other three ones (Time, Location, Action). \nYou have 20 turns to finish the game and find all agreements. \n\nYour answer has to consist ONLY of the following information and follow the given template:\n\n[reason] Your reason for your decision. [end]\n\n[sentiment] Choose one of the following: \"Continue Conversation\", \"Agreement on Time\", \"Agreement on Location\", \"Agreement on Action\", \"Overall Agreement\" [end]\n\n[response] Your response to the other player. This can include your sentiment, opinion, alternative. [end]\n\nYour answer for [response] must NOT exceed 100 tokens.\n\nThe game ends when 1) both you and the other player reply with the sentiment \"Overall Agreement\", 2) one of you chooses the sentiment \"Overall Agreement\" without the other one choosing it in the following turn, 3) you run out of turns to communicate or 4) you do not follow the template.\n\nThis is your character: {'NAME': 'Casey Rivers', 'GENDER': 'Non-binary', 'AGE': 25, 'APPEARANCE': 'Long auburn hair, hazel eyes, casual chic attire, freckles, soft-spokenr.', 'OCCUPATION': 'Bookstore Owner', 'LIKES': 'Poetry, herbal tea, rainy days.', 'DISLIKES': 'Loud environments, fast fashion, injustice.', 'HOBBIES': 'Writing, gardening, knitting.', 'SUMMARY': 'Some might say I have grandma hobbies, others however appreciate the quality and time I invest to handmade them clothes.'}\n\nThis is the character of the other player: ${'NAME': 'Sakura Nakamura', 'GENDER': 'Female', 'AGE': 32, 'APPEARANCE': 'Calm and gentle demeanor, kind eyes, long silky black hair, wears flowy dresses with traditional Japanese touches.', 'OCCUPATION': 'Tea Ceremony Master', 'SUMMARY': \"Hi, I'm Sakura, a tea ceremony master who cherishes tranquility, mindfulness, and the beauty of tradition.\"}\n\nRemember, your goal is to find the overall agreement for your first date while staying in character.\n\nContinue the game with the reason, your sentiment and an answer phrase to the first message of the other player:\n\nMessage:  Hello Casey, it's a pleasure to meet you. I've been looking forward to our first date. Let's start by discussing a time that works best for both of us. How does your schedule look this week? [end]\n"}}, {"from": "Player 2", "to": "GM", "timestamp": "2024-09-12T15:14:36.644358", "action": {"type": "get message", "content": "[reason] I appreciate Sakura's polite and considerate approach. I want to find a time that suits both of us. [end]\n\n[sentiment] Continue Conversation [end]\n\n[response] Hello Sakura, it's a pleasure to meet you too. I'm glad we're on the same page. My schedule is quite flexible this week, but I prefer evenings. How about you? [end]"}}, {"from": "GM", "to": "GM", "timestamp": "2024-09-12T15:14:36.645359", "action": {"type": "parse", "content": "[reason] I appreciate Sakura's polite and considerate approach. I want to find a time that suits both of us. [end]\n\n[sentiment] Continue Conversation [end]\n\n[response] Hello Sakura, it's a pleasure to meet you too. I'm glad we're on the same page. My schedule is quite flexible this week, but I prefer evenings. How about you? [end] conforms to rules"}}], [{"from": "GM", "to": "Player 1", "timestamp": "2024-09-12T15:14:36.645359", "action": {"type": "send message", "content": "Casey Rivers 's Message:  Hello Sakura, it's a pleasure to meet you too. I'm glad we're on the same page. My schedule is quite flexible this week, but I prefer evenings. How about you? [end]\n"}}, {"from": "Player 1", "to": "GM", "timestamp": "2024-09-12T15:14:38.251248", "action": {"type": "get message", "content": "[reason] I appreciate Casey's flexibility and I also prefer evenings for a more relaxed atmosphere. [end]\n\n[sentiment] Agreement on Time [end]\n\n[response] Evenings work perfectly for me as well, Casey. Let's plan for an evening date. Now, let's discuss a location that we both find appealing. [end]"}}, {"from": "GM", "to": "GM", "timestamp": "2024-09-12T15:14:38.252240", "action": {"type": "parse", "content": "[reason] I appreciate Casey's flexibility and I also prefer evenings for a more relaxed atmosphere. [end]\n\n[sentiment] Agreement on Time [end]\n\n[response] Evenings work perfectly for me as well, Casey. Let's plan for an evening date. Now, let's discuss a location that we both find appealing. [end] conforms to rules"}}], [{"from": "GM", "to": "Player 2", "timestamp": "2024-09-12T15:14:38.252240", "action": {"type": "send message", "content": "Sakura Nakamura 's Message:  Evenings work perfectly for me as well, Casey. Let's plan for an evening date. Now, let's discuss a location that we both find appealing. [end]\n"}}, {"from": "Player 2", "to": "GM", "timestamp": "2024-09-12T15:14:39.651077", "action": {"type": "get message", "content": "[reason] I'm happy that we've found a time that works for both of us. I want to suggest a location that reflects our shared interests. [end]\n\n[sentiment] Continue Conversation [end]\n\n[response] That's great, Sakura! I'm glad we're on the same page. For the location, I was thinking of a cozy, quiet tea house. Does that sound appealing to you? [end]"}}, {"from": "GM", "to": "GM", "timestamp": "2024-09-12T15:14:39.651077", "action": {"type": "parse", "content": "[reason] I'm happy that we've found a time that works for both of us. I want to suggest a location that reflects our shared interests. [end]\n\n[sentiment] Continue Conversation [end]\n\n[response] That's great, Sakura! I'm glad we're on the same page. For the location, I was thinking of a cozy, quiet tea house. Does that sound appealing to you? [end] conforms to rules"}}, {"from": "GM", "to": "GM", "timestamp": "2024-09-12T15:14:39.651077", "action": {"type": "mismatch time agreement", "content": "no time agreement, mismatched sentiment"}}], [{"from": "GM", "to": "Player 1", "timestamp": "2024-09-12T15:14:39.651077", "action": {"type": "send message", "content": "Casey Rivers 's Message:  That's great, Sakura! I'm glad we're on the same page. For the location, I was thinking of a cozy, quiet tea house. Does that sound appealing to you? [end]\n"}}, {"from": "Player 1", "to": "GM", "timestamp": "2024-09-12T15:14:40.915064", "action": {"type": "get message", "content": "[reason] I am delighted that Casey suggested a tea house, as it aligns with my interests and profession. [end]\n\n[sentiment] Agreement on Location [end]\n\n[response] A cozy, quiet tea house sounds wonderful, Casey. I couldn't have chosen a better location myself. Now, let's decide on an activity that we can enjoy together. [end]"}}, {"from": "GM", "to": "GM", "timestamp": "2024-09-12T15:14:40.916064", "action": {"type": "parse", "content": "[reason] I am delighted that Casey suggested a tea house, as it aligns with my interests and profession. [end]\n\n[sentiment] Agreement on Location [end]\n\n[response] A cozy, quiet tea house sounds wonderful, Casey. I couldn't have chosen a better location myself. Now, let's decide on an activity that we can enjoy together. [end] conforms to rules"}}], [{"from": "GM", "to": "Player 2", "timestamp": "2024-09-12T15:14:40.916064", "action": {"type": "send message", "content": "Sakura Nakamura 's Message:  A cozy, quiet tea house sounds wonderful, Casey. I couldn't have chosen a better location myself. Now, let's decide on an activity that we can enjoy together. [end]\n"}}, {"from": "Player 2", "to": "GM", "timestamp": "2024-09-12T15:14:42.685461", "action": {"type": "get message", "content": "[reason] I'm pleased that Sakura likes my suggestion for the location. I want to propose an activity that aligns with our interests and allows us to get to know each other better. [end]\n\n[sentiment] Continue Conversation [end]\n\n[response] I'm glad you like the idea, Sakura. For the activity, I thought we could participate in a tea ceremony. It would be a unique and enriching experience. What do you think? [end]"}}, {"from": "GM", "to": "GM", "timestamp": "2024-09-12T15:14:42.685461", "action": {"type": "parse", "content": "[reason] I'm pleased that Sakura likes my suggestion for the location. I want to propose an activity that aligns with our interests and allows us to get to know each other better. [end]\n\n[sentiment] Continue Conversation [end]\n\n[response] I'm glad you like the idea, Sakura. For the activity, I thought we could participate in a tea ceremony. It would be a unique and enriching experience. What do you think? [end] conforms to rules"}}, {"from": "GM", "to": "GM", "timestamp": "2024-09-12T15:14:42.685461", "action": {"type": "mismatch location agreement", "content": "no location agreement, mismatched sentiment"}}], [{"from": "GM", "to": "Player 1", "timestamp": "2024-09-12T15:14:42.686446", "action": {"type": "send message", "content": "Casey Rivers 's Message:  I'm glad you like the idea, Sakura. For the activity, I thought we could participate in a tea ceremony. It would be a unique and enriching experience. What do you think? [end]\n"}}, {"from": "Player 1", "to": "GM", "timestamp": "2024-09-12T15:14:44.017761", "action": {"type": "get message", "content": "[reason] I am thrilled that Casey suggested a tea ceremony, as it is a significant part of my life and profession. [end]\n\n[sentiment] Agreement on Action [end]\n\n[response] Participating in a tea ceremony is an excellent idea, Casey. I believe it will be a memorable and enriching experience for both of us. [end]"}}, {"from": "GM", "to": "GM", "timestamp": "2024-09-12T15:14:44.017761", "action": {"type": "parse", "content": "[reason] I am thrilled that Casey suggested a tea ceremony, as it is a significant part of my life and profession. [end]\n\n[sentiment] Agreement on Action [end]\n\n[response] Participating in a tea ceremony is an excellent idea, Casey. I believe it will be a memorable and enriching experience for both of us. [end] conforms to rules"}}], [{"from": "GM", "to": "Player 2", "timestamp": "2024-09-12T15:14:44.017761", "action": {"type": "send message", "content": "Sakura Nakamura 's Message:  Participating in a tea ceremony is an excellent idea, Casey. I believe it will be a memorable and enriching experience for both of us. [end]\n"}}, {"from": "Player 2", "to": "GM", "timestamp": "2024-09-12T15:14:45.834615", "action": {"type": "get message", "content": "[reason] I'm thrilled that Sakura agrees with my suggestion for the activity. I believe we've found a perfect combination of time, location, and activity for our first date. [end]\n\n[sentiment] Overall Agreement [end]\n\n[response] I couldn't agree more, Sakura. I'm looking forward to our evening date at the cozy tea house, where we'll participate in a tea ceremony together. It's going to be a wonderful experience. [end]"}}, {"from": "GM", "to": "GM", "timestamp": "2024-09-12T15:14:45.834615", "action": {"type": "parse", "content": "[reason] I'm thrilled that Sakura agrees with my suggestion for the activity. I believe we've found a perfect combination of time, location, and activity for our first date. [end]\n\n[sentiment] Overall Agreement [end]\n\n[response] I couldn't agree more, Sakura. I'm looking forward to our evening date at the cozy tea house, where we'll participate in a tea ceremony together. It's going to be a wonderful experience. [end] conforms to rules"}}, {"from": "GM", "to": "GM", "timestamp": "2024-09-12T15:14:45.834615", "action": {"type": "mismatch action agreement", "content": "no action agreement, mismatched sentiment"}}], [{"from": "GM", "to": "Player 1", "timestamp": "2024-09-12T15:14:45.834615", "action": {"type": "send message", "content": "Casey Rivers 's Message:  I couldn't agree more, Sakura. I'm looking forward to our evening date at the cozy tea house, where we'll participate in a tea ceremony together. It's going to be a wonderful experience. [end]\n"}}, {"from": "Player 1", "to": "GM", "timestamp": "2024-09-12T15:14:47.590368", "action": {"type": "get message", "content": "[reason] I am pleased that Casey and I have reached an overall agreement on our first date, and I am excited to spend time together. [end]\n\n[sentiment] Overall Agreement [end]\n\n[response] I wholeheartedly agree, Casey. I am eagerly anticipating our evening date at the cozy tea house, where we will participate in a tea ceremony together. I am certain it will be a beautiful and memorable experience. [end]"}}, {"from": "GM", "to": "GM", "timestamp": "2024-09-12T15:14:47.591372", "action": {"type": "parse", "content": "[reason] I am pleased that Casey and I have reached an overall agreement on our first date, and I am excited to spend time together. [end]\n\n[sentiment] Overall Agreement [end]\n\n[response] I wholeheartedly agree, Casey. I am eagerly anticipating our evening date at the cozy tea house, where we will participate in a tea ceremony together. I am certain it will be a beautiful and memorable experience. [end] conforms to rules"}}, {"from": "GM", "to": "GM", "timestamp": "2024-09-12T15:14:47.591372", "action": {"type": "overall agreement", "content": "game successful"}}]], "max_turns": 20, "completed_turns": 9, "time_agreement": false, "location_agreement": false, "action_agreement": false}