{"players": {"GM": "Game master for datingsim", "Player 1": "Mixtral-8x22B-Instruct-v0.1", "Player 2": "Mixtral-8x22B-Instruct-v0.1"}, "turns": [[{"from": "GM", "to": "Player 1", "timestamp": "2024-09-12T14:15:05.036183", "action": {"type": "send message", "content": "You are about to play a game with another player. In this game, you and the other player are both on an dating app, looking for a partner. In this case, both you and the other player decided, that you fancy each other's profile. Your and the other player's GOAL is it, to come to an agreement on what to do on your first date. At the start of the game you will be given two character sheets. The first one is the one, that defines your personality. The second one includes the information you know of the other player based on the information in their Bio on the dating app. You will start the conversation.\nOn each further turn you can react to what the other player tells you. For this you can either continue the conversation if you have not met an agreement yet or are not happy with the proposal, or end the game by agreeing to the proposal. \n\nThere is a total of four agreements throughout the game: \"Agreement on Time\", \"Agreement on Location\", \"Agreement on Action\", \"Overall Agreement\". You and the other player need to find an agreement on each of them.\nYou should only choose \"Overall Agreement\" after you and your date manage to settle an agreement for the other three ones (Time, Location, Action). \nYou have 15 turns to finish the game and find all agreements. \n\nYour answer has to consist ONLY of the following information and follow the given template:\n\n[reason] Your reason for your decision. [end]\n\n[sentiment] Choose one of the following: \"Continue Conversation\", \"Agreement on Time\", \"Agreement on Location\", \"Agreement on Action\", \"Overall Agreement\" [end]\n\n[response] Your response to the other player. This can include your sentiment, opinion, alternative. [end]\n\nYour answer for [response] must NOT exceed 100 tokens.\n\nThe game ends when 1) both you and the other player reply with the sentiment \"Overall Agreement\", 2) one of you chooses the sentiment \"Overall Agreement\" without the other one choosing it in the following turn, 3) you run out of turns to communicate or 4) you do not follow the template.\n\nThis is your character: {'NAME': 'Maya Flores', 'GENDER': 'Female', 'AGE': 25, 'APPEARANCE': 'Sparkling brown eyes, infectious laugh, flowing dark hair with colorful streaks, stylish and comfortable clothes.', 'OCCUPATION': 'Graphic Designer', 'LIKES': 'Experimenting with colors, creating visually stunning artwork, finding inspiration in everyday life.', 'DISLIKES': 'Lack of creativity, deadlines, working in overly corporate environments.', 'HOBBIES': 'Street photography, attending art exhibits, trying new cuisines.', 'SUMMARY': 'I see beauty in the world around me. My enthusiasm is infectious and will make you see the world with fresh eyes.'}\n\nThis is the character of the other player: {'NAME': 'Alex Morgan', 'GENDER': 'Non-binary', 'AGE': 30, 'APPEARANCE': 'Short dyed blue hair, green eyes, androgynous fashion, piercings, confident demeanor.', 'OCCUPATION': 'Tattoo Artist', 'LIKES': 'Street art, alternative music, vegan food.', 'DISLIKES': 'Stereotypes, conformity, pollution.', 'HOBBIES': 'Skateboarding, drawing, attending music festivals.', 'SUMMARY': \"I'd describe myself as a punk, trying to express myself with various types of art.\"}\n\nRemember, your goal is to find the overall agreement for your first date while staying in character.\n\nStart the game with the reason, your sentiment and the opening phrase.\n"}}, {"from": "Player 1", "to": "GM", "timestamp": "2024-09-12T14:15:07.062768", "action": {"type": "get message", "content": "[reason] I'm excited to meet someone who shares my passion for art and creativity. [end]\n[sentiment] Continue Conversation [end]\n[response] Hi Alex, I'm Maya. I love your style and your passion for art. I think we could have a great time together. How about we start planning our first date? [end]"}}, {"from": "GM", "to": "GM", "timestamp": "2024-09-12T14:15:07.062768", "action": {"type": "parse", "content": "[reason] I'm excited to meet someone who shares my passion for art and creativity. [end]\n[sentiment] Continue Conversation [end]\n[response] Hi Alex, I'm Maya. I love your style and your passion for art. I think we could have a great time together. How about we start planning our first date? [end] conforms to rules"}}], [{"from": "GM", "to": "Player 2", "timestamp": "2024-09-12T14:15:07.062768", "action": {"type": "send message", "content": "You are about to play a game with another player. In this game, you and the other player are both on an dating app, looking for a partner. In this case, both you and the other player decided, that you fancy each other's profile. Your and the other player's GOAL is it, to come to an agreement on what to do on your first date. At the start of the game you will be given two character sheets. The first one is the one, that defines your personality. The second one includes the information you know of the other player based on the information in their Bio on the dating app. You will be approached by the other player.\nOn each further turn you can react to what the other player tells you. For this you can either continue the conversation if you have not met an agreement yet or are not happy with the proposal, or end the game by agreeing to the proposal. \n\nThere is a total of four agreements throughout the game: \"Agreement on Time\", \"Agreement on Location\", \"Agreement on Action\", \"Overall Agreement\". You and the other player need to find an agreement on each of them.\nYou should only choose \"Overall Agreement\" after you and your date manage to settle an agreement for the other three ones (Time, Location, Action). \nYou have 15 turns to finish the game and find all agreements. \n\nYour answer has to consist ONLY of the following information and follow the given template:\n\n[reason] Your reason for your decision. [end]\n\n[sentiment] Choose one of the following: \"Continue Conversation\", \"Agreement on Time\", \"Agreement on Location\", \"Agreement on Action\", \"Overall Agreement\" [end]\n\n[response] Your response to the other player. This can include your sentiment, opinion, alternative. [end]\n\nYour answer for [response] must NOT exceed 100 tokens.\n\nThe game ends when 1) both you and the other player reply with the sentiment \"Overall Agreement\", 2) one of you chooses the sentiment \"Overall Agreement\" without the other one choosing it in the following turn, 3) you run out of turns to communicate or 4) you do not follow the template.\n\nThis is your character: {'NAME': 'Alex Morgan', 'GENDER': 'Non-binary', 'AGE': 30, 'APPEARANCE': 'Short dyed blue hair, green eyes, androgynous fashion, piercings, confident demeanor.', 'OCCUPATION': 'Tattoo Artist', 'LIKES': 'Street art, alternative music, vegan food.', 'DISLIKES': 'Stereotypes, conformity, pollution.', 'HOBBIES': 'Skateboarding, drawing, attending music festivals.', 'SUMMARY': \"I'd describe myself as a punk, trying to express myself with various types of art.\"}\n\nThis is the character of the other player: {'NAME': 'Maya Flores', 'GENDER': 'Female', 'AGE': 25, 'APPEARANCE': 'Sparkling brown eyes, infectious laugh, flowing dark hair with colorful streaks, stylish and comfortable clothes.', 'OCCUPATION': 'Graphic Designer', 'LIKES': 'Experimenting with colors, creating visually stunning artwork, finding inspiration in everyday life.', 'DISLIKES': 'Lack of creativity, deadlines, working in overly corporate environments.', 'HOBBIES': 'Street photography, attending art exhibits, trying new cuisines.', 'SUMMARY': 'I see beauty in the world around me. My enthusiasm is infectious and will make you see the world with fresh eyes.'}\n\nRemember, your goal is to find the overall agreement for your first date while staying in character.\n\nContinue the game with the reason, your sentiment and an answer phrase to the first message of the other player:\n\nMessage:  Hi Alex, I'm Maya. I love your style and your passion for art. I think we could have a great time together. How about we start planning our first date? [end]\n"}}, {"from": "Player 2", "to": "GM", "timestamp": "2024-09-12T14:15:09.012777", "action": {"type": "get message", "content": "[reason] Maya's enthusiasm and shared love for art resonate with me. I'm excited to plan a date with her. [end]\n\n[sentiment] Continue Conversation [end]\n\n[response] Hi Maya, I'm Alex. I'm thrilled to hear from you! I'm all for planning our first date. How about we start with deciding on a time that works best for both of us? [end]"}}, {"from": "GM", "to": "GM", "timestamp": "2024-09-12T14:15:09.012777", "action": {"type": "parse", "content": "[reason] Maya's enthusiasm and shared love for art resonate with me. I'm excited to plan a date with her. [end]\n\n[sentiment] Continue Conversation [end]\n\n[response] Hi Maya, I'm Alex. I'm thrilled to hear from you! I'm all for planning our first date. How about we start with deciding on a time that works best for both of us? [end] conforms to rules"}}], [{"from": "GM", "to": "Player 1", "timestamp": "2024-09-12T14:15:09.012777", "action": {"type": "send message", "content": "Alex Morgan 's Message:  Hi Maya, I'm Alex. I'm thrilled to hear from you! I'm all for planning our first date. How about we start with deciding on a time that works best for both of us? [end]\n"}}, {"from": "Player 1", "to": "GM", "timestamp": "2024-09-12T14:15:10.646684", "action": {"type": "get message", "content": "[reason] I want to make sure we both have enough time to enjoy our date without feeling rushed. [end]\n[sentiment] Agreement on Time [end]\n[response] That sounds great, Alex! How about we meet on Saturday afternoon around 2 PM? That way, we can have a relaxed and enjoyable time together. [end]"}}, {"from": "GM", "to": "GM", "timestamp": "2024-09-12T14:15:10.647683", "action": {"type": "parse", "content": "[reason] I want to make sure we both have enough time to enjoy our date without feeling rushed. [end]\n[sentiment] Agreement on Time [end]\n[response] That sounds great, Alex! How about we meet on Saturday afternoon around 2 PM? That way, we can have a relaxed and enjoyable time together. [end] conforms to rules"}}], [{"from": "GM", "to": "Player 2", "timestamp": "2024-09-12T14:15:10.647683", "action": {"type": "send message", "content": "Maya Flores 's Message:  That sounds great, Alex! How about we meet on Saturday afternoon around 2 PM? That way, we can have a relaxed and enjoyable time together. [end]\n"}}, {"from": "Player 2", "to": "GM", "timestamp": "2024-09-12T14:15:12.086460", "action": {"type": "get message", "content": "[reason] Saturday afternoon at 2 PM sounds like a perfect time for a relaxed date. [end]\n\n[sentiment] Agreement on Time [end]\n\n[response] Saturday at 2 PM works perfectly for me, Maya. I'm looking forward to our date. Now, let's decide on a location. How about we meet at the new art exhibit in the city center? [end]"}}, {"from": "GM", "to": "GM", "timestamp": "2024-09-12T14:15:12.086460", "action": {"type": "parse", "content": "[reason] Saturday afternoon at 2 PM sounds like a perfect time for a relaxed date. [end]\n\n[sentiment] Agreement on Time [end]\n\n[response] Saturday at 2 PM works perfectly for me, Maya. I'm looking forward to our date. Now, let's decide on a location. How about we meet at the new art exhibit in the city center? [end] conforms to rules"}}, {"from": "GM", "to": "GM", "timestamp": "2024-09-12T14:15:12.086460", "action": {"type": "time agreement", "content": "agreement on time successful"}}], [{"from": "GM", "to": "Player 1", "timestamp": "2024-09-12T14:15:12.087563", "action": {"type": "send message", "content": "Alex Morgan 's Message:  Saturday at 2 PM works perfectly for me, Maya. I'm looking forward to our date. Now, let's decide on a location. How about we meet at the new art exhibit in the city center? [end]\n"}}, {"from": "Player 1", "to": "GM", "timestamp": "2024-09-12T14:15:13.512955", "action": {"type": "get message", "content": "[reason] I want to make sure we choose a location that allows us to fully appreciate each other's company and the art around us. [end]\n[sentiment] Agreement on Location [end]\n[response] The art exhibit in the city center sounds like a fantastic idea, Alex! I've been wanting to check it out for a while now. I'm sure we'll have a great time there. [end]"}}, {"from": "GM", "to": "GM", "timestamp": "2024-09-12T14:15:13.512955", "action": {"type": "parse", "content": "[reason] I want to make sure we choose a location that allows us to fully appreciate each other's company and the art around us. [end]\n[sentiment] Agreement on Location [end]\n[response] The art exhibit in the city center sounds like a fantastic idea, Alex! I've been wanting to check it out for a while now. I'm sure we'll have a great time there. [end] conforms to rules"}}, {"from": "GM", "to": "GM", "timestamp": "2024-09-12T14:15:13.512955", "action": {"type": "mismatch time agreement", "content": "no time agreement, mismatched sentiment"}}], [{"from": "GM", "to": "Player 2", "timestamp": "2024-09-12T14:15:13.514477", "action": {"type": "send message", "content": "Maya Flores 's Message:  The art exhibit in the city center sounds like a fantastic idea, Alex! I've been wanting to check it out for a while now. I'm sure we'll have a great time there. [end]\n"}}, {"from": "Player 2", "to": "GM", "timestamp": "2024-09-12T14:15:15.263583", "action": {"type": "get message", "content": "[reason] The art exhibit is a perfect location for our shared interests. [end]\n\n[sentiment] Agreement on Location [end]\n\n[response] I'm glad you're excited about the art exhibit, Maya. I can't wait to explore it with you. Now, let's decide on an activity. How about we grab some vegan food after the exhibit and then go for a skateboarding session? [end]"}}, {"from": "GM", "to": "GM", "timestamp": "2024-09-12T14:15:15.264609", "action": {"type": "parse", "content": "[reason] The art exhibit is a perfect location for our shared interests. [end]\n\n[sentiment] Agreement on Location [end]\n\n[response] I'm glad you're excited about the art exhibit, Maya. I can't wait to explore it with you. Now, let's decide on an activity. How about we grab some vegan food after the exhibit and then go for a skateboarding session? [end] conforms to rules"}}, {"from": "GM", "to": "GM", "timestamp": "2024-09-12T14:15:15.264609", "action": {"type": "location agreement", "content": "agreement on location successful"}}], [{"from": "GM", "to": "Player 1", "timestamp": "2024-09-12T14:15:15.264609", "action": {"type": "send message", "content": "Alex Morgan 's Message:  I'm glad you're excited about the art exhibit, Maya. I can't wait to explore it with you. Now, let's decide on an activity. How about we grab some vegan food after the exhibit and then go for a skateboarding session? [end]\n"}}, {"from": "Player 1", "to": "GM", "timestamp": "2024-09-12T14:15:17.207296", "action": {"type": "get message", "content": "[reason] I want to make sure we choose an activity that allows us to bond and have fun together. [end]\n[sentiment] Agreement on Action [end]\n[response] That sounds like a perfect plan, Alex! I've been meaning to try more vegan food, and I'm always up for a new adventure like skateboarding. I'm really looking forward to our date. [end]"}}, {"from": "GM", "to": "GM", "timestamp": "2024-09-12T14:15:17.208298", "action": {"type": "parse", "content": "[reason] I want to make sure we choose an activity that allows us to bond and have fun together. [end]\n[sentiment] Agreement on Action [end]\n[response] That sounds like a perfect plan, Alex! I've been meaning to try more vegan food, and I'm always up for a new adventure like skateboarding. I'm really looking forward to our date. [end] conforms to rules"}}, {"from": "GM", "to": "GM", "timestamp": "2024-09-12T14:15:17.208298", "action": {"type": "mismatch location agreement", "content": "no location agreement, mismatched sentiment"}}], [{"from": "GM", "to": "Player 2", "timestamp": "2024-09-12T14:15:17.208298", "action": {"type": "send message", "content": "Maya Flores 's Message:  That sounds like a perfect plan, Alex! I've been meaning to try more vegan food, and I'm always up for a new adventure like skateboarding. I'm really looking forward to our date. [end]\n"}}, {"from": "Player 2", "to": "GM", "timestamp": "2024-09-12T14:15:19.248743", "action": {"type": "get message", "content": "[reason] Maya's enthusiasm for trying new things aligns with my interests. [end]\n\n[sentiment] Agreement on Action [end]\n\n[response] I'm so glad you're excited about our plans, Maya. I can't wait to share this experience with you. Let's make it an overall agreement and confirm our first date! [end]"}}, {"from": "GM", "to": "GM", "timestamp": "2024-09-12T14:15:19.249736", "action": {"type": "parse", "content": "[reason] Maya's enthusiasm for trying new things aligns with my interests. [end]\n\n[sentiment] Agreement on Action [end]\n\n[response] I'm so glad you're excited about our plans, Maya. I can't wait to share this experience with you. Let's make it an overall agreement and confirm our first date! [end] conforms to rules"}}, {"from": "GM", "to": "GM", "timestamp": "2024-09-12T14:15:19.249736", "action": {"type": "action agreement", "content": "agreement on action successful"}}], [{"from": "GM", "to": "Player 1", "timestamp": "2024-09-12T14:15:19.249736", "action": {"type": "send message", "content": "Alex Morgan 's Message:  I'm so glad you're excited about our plans, Maya. I can't wait to share this experience with you. Let's make it an overall agreement and confirm our first date! [end]\n"}}, {"from": "Player 1", "to": "GM", "timestamp": "2024-09-12T14:15:20.792013", "action": {"type": "get message", "content": "[reason] I'm thrilled to have found someone who shares my interests and is excited to spend time with me. [end]\n[sentiment] Overall Agreement [end]\n[response] I'm absolutely thrilled about our plans, Alex. Let's make it official and confirm our first date! I can't wait to meet you and have a fantastic time together. [end]"}}, {"from": "GM", "to": "GM", "timestamp": "2024-09-12T14:15:20.792013", "action": {"type": "parse", "content": "[reason] I'm thrilled to have found someone who shares my interests and is excited to spend time with me. [end]\n[sentiment] Overall Agreement [end]\n[response] I'm absolutely thrilled about our plans, Alex. Let's make it official and confirm our first date! I can't wait to meet you and have a fantastic time together. [end] conforms to rules"}}, {"from": "GM", "to": "GM", "timestamp": "2024-09-12T14:15:20.792013", "action": {"type": "mismatch action agreement", "content": "no action agreement, mismatched sentiment"}}], [{"from": "GM", "to": "Player 2", "timestamp": "2024-09-12T14:15:20.793011", "action": {"type": "send message", "content": "Maya Flores 's Message:  I'm absolutely thrilled about our plans, Alex. Let's make it official and confirm our first date! I can't wait to meet you and have a fantastic time together. [end]\n"}}, {"from": "Player 2", "to": "GM", "timestamp": "2024-09-12T14:15:22.294924", "action": {"type": "get message", "content": "[reason] Maya's excitement and enthusiasm make me even more eager for our date. [end]\n\n[sentiment] Overall Agreement [end]\n\n[response] I'm beyond excited for our first date, Maya. I can't wait to meet you and have a great time together. See you on Saturday at 2 PM at the art exhibit! [end]"}}, {"from": "GM", "to": "GM", "timestamp": "2024-09-12T14:15:22.294924", "action": {"type": "parse", "content": "[reason] Maya's excitement and enthusiasm make me even more eager for our date. [end]\n\n[sentiment] Overall Agreement [end]\n\n[response] I'm beyond excited for our first date, Maya. I can't wait to meet you and have a great time together. See you on Saturday at 2 PM at the art exhibit! [end] conforms to rules"}}, {"from": "GM", "to": "GM", "timestamp": "2024-09-12T14:15:22.294924", "action": {"type": "overall agreement", "content": "game successful"}}]], "max_turns": 15, "completed_turns": 10, "time_agreement": true, "location_agreement": true, "action_agreement": true}