{"players": {"GM": "Game master for datingsim", "Player 1": "Mixtral-8x22B-Instruct-v0.1", "Player 2": "Mixtral-8x22B-Instruct-v0.1"}, "turns": [[{"from": "GM", "to": "Player 1", "timestamp": "2024-09-12T14:53:23.842533", "action": {"type": "send message", "content": "You are about to play a game with another player. In this game, you and the other player are both on an dating app, looking for a partner. In this case, both you and the other player decided, that you fancy each other's profile. Your and the other player's GOAL is it, to come to an agreement on what to do on your first date. At the start of the game you will be given two character sheets. The first one is the one, that defines your personality. The second one includes the information you know of the other player based on the information in their Bio on the dating app. You will start the conversation.\nOn each further turn you can react to what the other player tells you. For this you can either continue the conversation if you have not met an agreement yet or are not happy with the proposal, or end the game by agreeing to the proposal. \n\nThere is a total of four agreements throughout the game: \"Agreement on Time\", \"Agreement on Location\", \"Agreement on Action\", \"Overall Agreement\". You and the other player need to find an agreement on each of them.\nYou should only choose \"Overall Agreement\" after you and your date manage to settle an agreement for the other three ones (Time, Location, Action). \nYou have 15 turns to finish the game and find all agreements. \n\nYour answer has to consist ONLY of the following information and follow the given template:\n\n[reason] Your reason for your decision. [end]\n\n[sentiment] Choose one of the following: \"Continue Conversation\", \"Agreement on Time\", \"Agreement on Location\", \"Agreement on Action\", \"Overall Agreement\" [end]\n\n[response] Your response to the other player. This can include your sentiment, opinion, alternative. [end]\n\nYour answer for [response] must NOT exceed 100 tokens.\n\nThe game ends when 1) both you and the other player reply with the sentiment \"Overall Agreement\", 2) one of you chooses the sentiment \"Overall Agreement\" without the other one choosing it in the following turn, 3) you run out of turns to communicate or 4) you do not follow the template.\n\nThis is your character: {'NAME': 'Sophia Martinez', 'GENDER': 'Female', 'AGE': 27, 'APPEARANCE': 'Curly dark hair, brown eyes, petite, stylish outfits, warm smile.', 'OCCUPATION': 'Graphic Designer', 'LIKES': 'Art galleries, spicy food, romantic movies.', 'DISLIKES': 'Cold weather, arrogance, traffic.', 'HOBBIES': 'Painting, dancing, yoga.', 'SUMMARY': 'Just a girl, preferring and enjoying the warm summer days.'}\n\nThis is the character of the other player: ${'NAME': 'Emily Chen', 'SUMMARY': 'I have a sweet tooth and enjoy calm evenings.'}\n\nRemember, your goal is to find the overall agreement for your first date while staying in character.\n\nStart the game with the reason, your sentiment and the opening phrase.\n"}}, {"from": "Player 1", "to": "GM", "timestamp": "2024-09-12T14:53:25.325939", "action": {"type": "get message", "content": "[reason] I'm excited to meet Emily and want to start the conversation on a positive note. [end]\n\n[sentiment] Continue Conversation [end]\n\n[response] Hi Emily, it's great to connect with someone who shares a love for calm evenings. I'm Sophia, a graphic designer with a passion for art galleries and spicy food. How about we start planning our first date? [end]"}}, {"from": "GM", "to": "GM", "timestamp": "2024-09-12T14:53:25.325939", "action": {"type": "parse", "content": "[reason] I'm excited to meet Emily and want to start the conversation on a positive note. [end]\n\n[sentiment] Continue Conversation [end]\n\n[response] Hi Emily, it's great to connect with someone who shares a love for calm evenings. I'm Sophia, a graphic designer with a passion for art galleries and spicy food. How about we start planning our first date? [end] conforms to rules"}}], [{"from": "GM", "to": "Player 2", "timestamp": "2024-09-12T14:53:25.325939", "action": {"type": "send message", "content": "You are about to play a game with another player. In this game, you and the other player are both on an dating app, looking for a partner. In this case, both you and the other player decided, that you fancy each other's profile. Your and the other player's GOAL is it, to come to an agreement on what to do on your first date. At the start of the game you will be given two character sheets. The first one is the one, that defines your personality. The second one includes the information you know of the other player based on the information in their Bio on the dating app. You will be approached by the other player.\nOn each further turn you can react to what the other player tells you. For this you can either continue the conversation if you have not met an agreement yet or are not happy with the proposal, or end the game by agreeing to the proposal. \n\nThere is a total of four agreements throughout the game: \"Agreement on Time\", \"Agreement on Location\", \"Agreement on Action\", \"Overall Agreement\". You and the other player need to find an agreement on each of them.\nYou should only choose \"Overall Agreement\" after you and your date manage to settle an agreement for the other three ones (Time, Location, Action). \nYou have 15 turns to finish the game and find all agreements. \n\nYour answer has to consist ONLY of the following information and follow the given template:\n\n[reason] Your reason for your decision. [end]\n\n[sentiment] Choose one of the following: \"Continue Conversation\", \"Agreement on Time\", \"Agreement on Location\", \"Agreement on Action\", \"Overall Agreement\" [end]\n\n[response] Your response to the other player. This can include your sentiment, opinion, alternative. [end]\n\nYour answer for [response] must NOT exceed 100 tokens.\n\nThe game ends when 1) both you and the other player reply with the sentiment \"Overall Agreement\", 2) one of you chooses the sentiment \"Overall Agreement\" without the other one choosing it in the following turn, 3) you run out of turns to communicate or 4) you do not follow the template.\n\nThis is your character: {'NAME': 'Emily Chen', 'GENDER': 'Female', 'AGE': 31, 'APPEARANCE': 'Long black hair, almond-shaped eyes, medium height, elegant fashion, calm demeanor.', 'OCCUPATION': 'Pediatrician', 'LIKES': 'Baking, classical music, beach sunsets.', 'DISLIKES': 'Loud noises, clutter, spicy food.', 'HOBBIES': 'Playing piano, reading, baking desserts.', 'SUMMARY': 'I have a sweet tooth and enjoy calm evenings.'}\n\nThis is the character of the other player: ${'NAME': 'Sophia Martinez', 'SUMMARY': 'Just a girl, preferring and enjoying the warm summer days.'}\n\nRemember, your goal is to find the overall agreement for your first date while staying in character.\n\nContinue the game with the reason, your sentiment and an answer phrase to the first message of the other player:\n\nMessage:  Hi Emily, it's great to connect with someone who shares a love for calm evenings. I'm Sophia, a graphic designer with a passion for art galleries and spicy food. How about we start planning our first date? [end]\n"}}, {"from": "Player 2", "to": "GM", "timestamp": "2024-09-12T14:53:26.982357", "action": {"type": "get message", "content": "[reason] Sophia's interest in art galleries and spicy food is noted, but I prefer calmer activities and milder flavors. [end]\n\n[sentiment] Continue Conversation [end]\n\n[response] Hi Sophia, it's lovely to meet you! I appreciate your enthusiasm for art galleries, but I'm not a fan of spicy food. Perhaps we can find a common ground for our first date? [end]"}}, {"from": "GM", "to": "GM", "timestamp": "2024-09-12T14:53:26.982357", "action": {"type": "parse", "content": "[reason] Sophia's interest in art galleries and spicy food is noted, but I prefer calmer activities and milder flavors. [end]\n\n[sentiment] Continue Conversation [end]\n\n[response] Hi Sophia, it's lovely to meet you! I appreciate your enthusiasm for art galleries, but I'm not a fan of spicy food. Perhaps we can find a common ground for our first date? [end] conforms to rules"}}], [{"from": "GM", "to": "Player 1", "timestamp": "2024-09-12T14:53:26.982357", "action": {"type": "send message", "content": "Emily Chen 's Message:  Hi Sophia, it's lovely to meet you! I appreciate your enthusiasm for art galleries, but I'm not a fan of spicy food. Perhaps we can find a common ground for our first date? [end]\n"}}, {"from": "Player 1", "to": "GM", "timestamp": "2024-09-12T14:53:28.585239", "action": {"type": "get message", "content": "[reason] Emily has expressed her dislike for spicy food, so I want to suggest an alternative that we both might enjoy. [end]\n\n[sentiment] Continue Conversation [end]\n\n[response] Hi Emily, I completely understand. How about we visit an art gallery and then grab some dessert at a cozy café? I know you have a sweet tooth, and I'm sure we can find something delicious to share. [end]"}}, {"from": "GM", "to": "GM", "timestamp": "2024-09-12T14:53:28.586238", "action": {"type": "parse", "content": "[reason] Emily has expressed her dislike for spicy food, so I want to suggest an alternative that we both might enjoy. [end]\n\n[sentiment] Continue Conversation [end]\n\n[response] Hi Emily, I completely understand. How about we visit an art gallery and then grab some dessert at a cozy café? I know you have a sweet tooth, and I'm sure we can find something delicious to share. [end] conforms to rules"}}], [{"from": "GM", "to": "Player 2", "timestamp": "2024-09-12T14:53:28.586238", "action": {"type": "send message", "content": "Sophia Martinez 's Message:  Hi Emily, I completely understand. How about we visit an art gallery and then grab some dessert at a cozy café? I know you have a sweet tooth, and I'm sure we can find something delicious to share. [end]\n"}}, {"from": "Player 2", "to": "GM", "timestamp": "2024-09-12T14:53:30.067760", "action": {"type": "get message", "content": "[reason] Sophia's suggestion of visiting an art gallery and then going for dessert sounds like a great balance between our interests. [end]\n\n[sentiment] Agreement on Action [end]\n\n[response] Hi Sophia, I love your idea of visiting an art gallery and then indulging in some dessert at a cozy café. That sounds like a perfect first date! [end]"}}, {"from": "GM", "to": "GM", "timestamp": "2024-09-12T14:53:30.068757", "action": {"type": "parse", "content": "[reason] Sophia's suggestion of visiting an art gallery and then going for dessert sounds like a great balance between our interests. [end]\n\n[sentiment] Agreement on Action [end]\n\n[response] Hi Sophia, I love your idea of visiting an art gallery and then indulging in some dessert at a cozy café. That sounds like a perfect first date! [end] conforms to rules"}}], [{"from": "GM", "to": "Player 1", "timestamp": "2024-09-12T14:53:30.068757", "action": {"type": "send message", "content": "Emily Chen 's Message:  Hi Sophia, I love your idea of visiting an art gallery and then indulging in some dessert at a cozy café. That sounds like a perfect first date! [end]\n"}}, {"from": "Player 1", "to": "GM", "timestamp": "2024-09-12T14:53:31.624984", "action": {"type": "get message", "content": "[reason] Emily has agreed to the location and action for our first date, so I want to propose a time that works for both of us. [end]\n\n[sentiment] Agreement on Time [end]\n\n[response] That's wonderful, Emily! How does Saturday afternoon sound to you? We can spend a few hours at the gallery and then head to the café for some dessert. [end]"}}, {"from": "GM", "to": "GM", "timestamp": "2024-09-12T14:53:31.624984", "action": {"type": "parse", "content": "[reason] Emily has agreed to the location and action for our first date, so I want to propose a time that works for both of us. [end]\n\n[sentiment] Agreement on Time [end]\n\n[response] That's wonderful, Emily! How does Saturday afternoon sound to you? We can spend a few hours at the gallery and then head to the café for some dessert. [end] conforms to rules"}}, {"from": "GM", "to": "GM", "timestamp": "2024-09-12T14:53:31.624984", "action": {"type": "mismatch action agreement", "content": "no action agreement, mismatched sentiment"}}], [{"from": "GM", "to": "Player 2", "timestamp": "2024-09-12T14:53:31.624984", "action": {"type": "send message", "content": "Sophia Martinez 's Message:  That's wonderful, Emily! How does Saturday afternoon sound to you? We can spend a few hours at the gallery and then head to the café for some dessert. [end]\n"}}, {"from": "Player 2", "to": "GM", "timestamp": "2024-09-12T14:53:33.001837", "action": {"type": "get message", "content": "[reason] Saturday afternoon is a great time for our date, as it allows us to enjoy the art gallery and have a relaxed time at the café. [end]\n\n[sentiment] Agreement on Time [end]\n\n[response] Hi Sophia, Saturday afternoon works perfectly for me. I'm looking forward to spending a few hours at the gallery and then enjoying some dessert at the café. [end]"}}, {"from": "GM", "to": "GM", "timestamp": "2024-09-12T14:53:33.002831", "action": {"type": "parse", "content": "[reason] Saturday afternoon is a great time for our date, as it allows us to enjoy the art gallery and have a relaxed time at the café. [end]\n\n[sentiment] Agreement on Time [end]\n\n[response] Hi Sophia, Saturday afternoon works perfectly for me. I'm looking forward to spending a few hours at the gallery and then enjoying some dessert at the café. [end] conforms to rules"}}, {"from": "GM", "to": "GM", "timestamp": "2024-09-12T14:53:33.002831", "action": {"type": "time agreement", "content": "agreement on time successful"}}], [{"from": "GM", "to": "Player 1", "timestamp": "2024-09-12T14:53:33.002831", "action": {"type": "send message", "content": "Emily Chen 's Message:  Hi Sophia, Saturday afternoon works perfectly for me. I'm looking forward to spending a few hours at the gallery and then enjoying some dessert at the café. [end]\n"}}, {"from": "Player 1", "to": "GM", "timestamp": "2024-09-12T14:53:34.682711", "action": {"type": "get message", "content": "[reason] Emily has agreed to the time for our first date, so I want to confirm the overall agreement and express my excitement for our upcoming date. [end]\n\n[sentiment] Overall Agreement [end]\n\n[response] I'm thrilled to hear that, Emily! It's a date then - Saturday afternoon at the art gallery followed by dessert at the café. I can't wait to meet you and enjoy a lovely afternoon together. [end]"}}, {"from": "GM", "to": "GM", "timestamp": "2024-09-12T14:53:34.683715", "action": {"type": "parse", "content": "[reason] Emily has agreed to the time for our first date, so I want to confirm the overall agreement and express my excitement for our upcoming date. [end]\n\n[sentiment] Overall Agreement [end]\n\n[response] I'm thrilled to hear that, Emily! It's a date then - Saturday afternoon at the art gallery followed by dessert at the café. I can't wait to meet you and enjoy a lovely afternoon together. [end] conforms to rules"}}, {"from": "GM", "to": "GM", "timestamp": "2024-09-12T14:53:34.683715", "action": {"type": "mismatch time agreement", "content": "no time agreement, mismatched sentiment"}}], [{"from": "GM", "to": "Player 2", "timestamp": "2024-09-12T14:53:34.683715", "action": {"type": "send message", "content": "Sophia Martinez 's Message:  I'm thrilled to hear that, Emily! It's a date then - Saturday afternoon at the art gallery followed by dessert at the café. I can't wait to meet you and enjoy a lovely afternoon together. [end]\n"}}, {"from": "Player 2", "to": "GM", "timestamp": "2024-09-12T14:53:36.314213", "action": {"type": "get message", "content": "[reason] Sophia and I have agreed on the time, location, and action for our first date. [end]\n\n[sentiment] Overall Agreement [end]\n\n[response] Hi Sophia, I'm really excited for our first date on Saturday afternoon! I can't wait to meet you and enjoy a wonderful time together at the art gallery and the café. See you then! [end]"}}, {"from": "GM", "to": "GM", "timestamp": "2024-09-12T14:53:36.314213", "action": {"type": "parse", "content": "[reason] Sophia and I have agreed on the time, location, and action for our first date. [end]\n\n[sentiment] Overall Agreement [end]\n\n[response] Hi Sophia, I'm really excited for our first date on Saturday afternoon! I can't wait to meet you and enjoy a wonderful time together at the art gallery and the café. See you then! [end] conforms to rules"}}, {"from": "GM", "to": "GM", "timestamp": "2024-09-12T14:53:36.315222", "action": {"type": "overall agreement", "content": "game successful"}}]], "max_turns": 15, "completed_turns": 8, "time_agreement": true, "location_agreement": false, "action_agreement": false}