{"players": {"GM": "Game master for datingsim", "Player 1": "Mixtral-8x22B-Instruct-v0.1", "Player 2": "Mixtral-8x22B-Instruct-v0.1"}, "turns": [[{"from": "GM", "to": "Player 1", "timestamp": "2024-09-12T14:50:23.602753", "action": {"type": "send message", "content": "You are about to play a game with another player. In this game, you and the other player are both on an dating app, looking for a partner. In this case, both you and the other player decided, that you fancy each other's profile. Your and the other player's GOAL is it, to come to an agreement on what to do on your first date. At the start of the game you will be given two character sheets. The first one is the one, that defines your personality. The second one includes the information you know of the other player based on the information in their Bio on the dating app. You will start the conversation.\nOn each further turn you can react to what the other player tells you. For this you can either continue the conversation if you have not met an agreement yet or are not happy with the proposal, or end the game by agreeing to the proposal. \n\nThere is a total of four agreements throughout the game: \"Agreement on Time\", \"Agreement on Location\", \"Agreement on Action\", \"Overall Agreement\". You and the other player need to find an agreement on each of them.\nYou should only choose \"Overall Agreement\" after you and your date manage to settle an agreement for the other three ones (Time, Location, Action). \nYou have 15 turns to finish the game and find all agreements. \n\nYour answer has to consist ONLY of the following information and follow the given template:\n\n[reason] Your reason for your decision. [end]\n\n[sentiment] Choose one of the following: \"Continue Conversation\", \"Agreement on Time\", \"Agreement on Location\", \"Agreement on Action\", \"Overall Agreement\" [end]\n\n[response] Your response to the other player. This can include your sentiment, opinion, alternative. [end]\n\nYour answer for [response] must NOT exceed 100 tokens.\n\nThe game ends when 1) both you and the other player reply with the sentiment \"Overall Agreement\", 2) one of you chooses the sentiment \"Overall Agreement\" without the other one choosing it in the following turn, 3) you run out of turns to communicate or 4) you do not follow the template.\n\nThis is your character: {'NAME': 'Riley Taylor', 'GENDER': 'Non-binary', 'AGE': 38, 'APPEARANCE': 'Short silver hair, dark eyes, modern professional attire, glasses, calm and composed.', 'OCCUPATION': 'Architect', 'LIKES': 'Modern design, sustainability, jazz music.', 'DISLIKES': 'Wastefulness, misinformation, extreme heat.', 'HOBBIES': 'Sketching, visiting art museums, playing the saxophone.', 'SUMMARY': 'I am an architect with a passion for modern design and sustainability.'}\n\nThis is the character of the other player: ${'NAME': 'Taylor Jordan', 'GENDER': 'Non-binary', 'AGE': 29, 'APPEARANCE': 'Curly brown hair, warm brown eyes, eclectic fashion, colorful accessories, enthusiastic.', 'OCCUPATION': 'Event Planner', 'SUMMARY': 'Nothing describes me better than this: Party Owl through and through!'}\n\nRemember, your goal is to find the overall agreement for your first date while staying in character.\n\nStart the game with the reason, your sentiment and the opening phrase.\n"}}, {"from": "Player 1", "to": "GM", "timestamp": "2024-09-12T14:50:25.241090", "action": {"type": "get message", "content": "[reason] I am interested in getting to know Taylor Jordan better and finding a shared interest for our first date. [end]\n\n[sentiment] Continue Conversation [end]\n\n[response] Hi Taylor, I'm Riley Taylor. I'm really glad we matched! I've been admiring your profile and I'm excited to learn more about you. I was thinking, since we both have busy schedules, we could find a time that works best for both of us. How about we start with that? [end]"}}, {"from": "GM", "to": "GM", "timestamp": "2024-09-12T14:50:25.241090", "action": {"type": "parse", "content": "[reason] I am interested in getting to know Taylor Jordan better and finding a shared interest for our first date. [end]\n\n[sentiment] Continue Conversation [end]\n\n[response] Hi Taylor, I'm Riley Taylor. I'm really glad we matched! I've been admiring your profile and I'm excited to learn more about you. I was thinking, since we both have busy schedules, we could find a time that works best for both of us. How about we start with that? [end] conforms to rules"}}], [{"from": "GM", "to": "Player 2", "timestamp": "2024-09-12T14:50:25.241090", "action": {"type": "send message", "content": "You are about to play a game with another player. In this game, you and the other player are both on an dating app, looking for a partner. In this case, both you and the other player decided, that you fancy each other's profile. Your and the other player's GOAL is it, to come to an agreement on what to do on your first date. At the start of the game you will be given two character sheets. The first one is the one, that defines your personality. The second one includes the information you know of the other player based on the information in their Bio on the dating app. You will be approached by the other player.\nOn each further turn you can react to what the other player tells you. For this you can either continue the conversation if you have not met an agreement yet or are not happy with the proposal, or end the game by agreeing to the proposal. \n\nThere is a total of four agreements throughout the game: \"Agreement on Time\", \"Agreement on Location\", \"Agreement on Action\", \"Overall Agreement\". You and the other player need to find an agreement on each of them.\nYou should only choose \"Overall Agreement\" after you and your date manage to settle an agreement for the other three ones (Time, Location, Action). \nYou have 15 turns to finish the game and find all agreements. \n\nYour answer has to consist ONLY of the following information and follow the given template:\n\n[reason] Your reason for your decision. [end]\n\n[sentiment] Choose one of the following: \"Continue Conversation\", \"Agreement on Time\", \"Agreement on Location\", \"Agreement on Action\", \"Overall Agreement\" [end]\n\n[response] Your response to the other player. This can include your sentiment, opinion, alternative. [end]\n\nYour answer for [response] must NOT exceed 100 tokens.\n\nThe game ends when 1) both you and the other player reply with the sentiment \"Overall Agreement\", 2) one of you chooses the sentiment \"Overall Agreement\" without the other one choosing it in the following turn, 3) you run out of turns to communicate or 4) you do not follow the template.\n\nThis is your character: {'NAME': 'Taylor Jordan', 'GENDER': 'Non-binary', 'AGE': 29, 'APPEARANCE': 'Curly brown hair, warm brown eyes, eclectic fashion, colorful accessories, enthusiastic.', 'OCCUPATION': 'Event Planner', 'LIKES': 'Festivals, fashion, spicy cuisine.', 'DISLIKES': 'Monotony, pessimism, early mornings.', 'HOBBIES': 'Dancing, crafting, exploring new restaurants.', 'SUMMARY': 'Nothing describes me better than this: Party Owl through and through!'}\n\nThis is the character of the other player: ${'NAME': 'Riley Taylor', 'GENDER': 'Non-binary', 'AGE': 38, 'APPEARANCE': 'Short silver hair, dark eyes, modern professional attire, glasses, calm and composed.', 'OCCUPATION': 'Architect', 'SUMMARY': 'I am an architect with a passion for modern design and sustainability.'}\n\nRemember, your goal is to find the overall agreement for your first date while staying in character.\n\nContinue the game with the reason, your sentiment and an answer phrase to the first message of the other player:\n\nMessage:  Hi Taylor, I'm Riley Taylor. I'm really glad we matched! I've been admiring your profile and I'm excited to learn more about you. I was thinking, since we both have busy schedules, we could find a time that works best for both of us. How about we start with that? [end]\n"}}, {"from": "Player 2", "to": "GM", "timestamp": "2024-09-12T14:50:26.838419", "action": {"type": "get message", "content": "[reason] Riley seems considerate and proactive, which aligns with my preference for efficient planning. I appreciate their suggestion to find a mutually convenient time. [end]\n\n[sentiment] Continue Conversation [end]\n\n[response] Hi Riley, it's great to connect with you too! I'm all for finding a time that suits us both. How about we aim for a weekend evening? I'm not a morning person, so I'd prefer something later in the day. [end]"}}, {"from": "GM", "to": "GM", "timestamp": "2024-09-12T14:50:26.838419", "action": {"type": "parse", "content": "[reason] Riley seems considerate and proactive, which aligns with my preference for efficient planning. I appreciate their suggestion to find a mutually convenient time. [end]\n\n[sentiment] Continue Conversation [end]\n\n[response] Hi Riley, it's great to connect with you too! I'm all for finding a time that suits us both. How about we aim for a weekend evening? I'm not a morning person, so I'd prefer something later in the day. [end] conforms to rules"}}], [{"from": "GM", "to": "Player 1", "timestamp": "2024-09-12T14:50:26.838419", "action": {"type": "send message", "content": "Taylor Jordan 's Message:  Hi Riley, it's great to connect with you too! I'm all for finding a time that suits us both. How about we aim for a weekend evening? I'm not a morning person, so I'd prefer something later in the day. [end]\n"}}, {"from": "Player 1", "to": "GM", "timestamp": "2024-09-12T14:50:28.294477", "action": {"type": "get message", "content": "[reason] I appreciate Taylor's suggestion for a weekend evening and agree that it would be a good time for our first date. [end]\n\n[sentiment] Agreement on Time [end]\n\n[response] A weekend evening sounds perfect to me, Taylor. I'm not much of a morning person either. Now that we have a time set, let's discuss where we should go for our first date. [end]"}}, {"from": "GM", "to": "GM", "timestamp": "2024-09-12T14:50:28.294477", "action": {"type": "parse", "content": "[reason] I appreciate Taylor's suggestion for a weekend evening and agree that it would be a good time for our first date. [end]\n\n[sentiment] Agreement on Time [end]\n\n[response] A weekend evening sounds perfect to me, Taylor. I'm not much of a morning person either. Now that we have a time set, let's discuss where we should go for our first date. [end] conforms to rules"}}], [{"from": "GM", "to": "Player 2", "timestamp": "2024-09-12T14:50:28.294477", "action": {"type": "send message", "content": "Riley Taylor 's Message:  A weekend evening sounds perfect to me, Taylor. I'm not much of a morning person either. Now that we have a time set, let's discuss where we should go for our first date. [end]\n"}}, {"from": "Player 2", "to": "GM", "timestamp": "2024-09-12T14:50:29.853130", "action": {"type": "get message", "content": "[reason] I'm glad Riley agrees with my preference for a weekend evening. Now that we have an agreement on time, it's time to decide on a location. [end]\n\n[sentiment] Continue Conversation [end]\n\n[response] That's fantastic, Riley! I'm glad we're on the same page. As for the location, I'd love to explore a new restaurant or a cozy café. What do you think? [end]"}}, {"from": "GM", "to": "GM", "timestamp": "2024-09-12T14:50:29.853130", "action": {"type": "parse", "content": "[reason] I'm glad Riley agrees with my preference for a weekend evening. Now that we have an agreement on time, it's time to decide on a location. [end]\n\n[sentiment] Continue Conversation [end]\n\n[response] That's fantastic, Riley! I'm glad we're on the same page. As for the location, I'd love to explore a new restaurant or a cozy café. What do you think? [end] conforms to rules"}}, {"from": "GM", "to": "GM", "timestamp": "2024-09-12T14:50:29.854050", "action": {"type": "mismatch time agreement", "content": "no time agreement, mismatched sentiment"}}], [{"from": "GM", "to": "Player 1", "timestamp": "2024-09-12T14:50:29.854050", "action": {"type": "send message", "content": "Taylor Jordan 's Message:  That's fantastic, Riley! I'm glad we're on the same page. As for the location, I'd love to explore a new restaurant or a cozy café. What do you think? [end]\n"}}, {"from": "Player 1", "to": "GM", "timestamp": "2024-09-12T14:50:31.472659", "action": {"type": "get message", "content": "[reason] I appreciate Taylor's suggestion for a new restaurant or cozy café, and I think it would be a great opportunity to try something new together. [end]\n\n[sentiment] Agreement on Location [end]\n\n[response] A new restaurant or cozy café sounds like a wonderful idea, Taylor. I'm always up for trying new places. Now, let's decide on what we'd like to do during our date. [end]"}}, {"from": "GM", "to": "GM", "timestamp": "2024-09-12T14:50:31.472659", "action": {"type": "parse", "content": "[reason] I appreciate Taylor's suggestion for a new restaurant or cozy café, and I think it would be a great opportunity to try something new together. [end]\n\n[sentiment] Agreement on Location [end]\n\n[response] A new restaurant or cozy café sounds like a wonderful idea, Taylor. I'm always up for trying new places. Now, let's decide on what we'd like to do during our date. [end] conforms to rules"}}], [{"from": "GM", "to": "Player 2", "timestamp": "2024-09-12T14:50:31.473659", "action": {"type": "send message", "content": "Riley Taylor 's Message:  A new restaurant or cozy café sounds like a wonderful idea, Taylor. I'm always up for trying new places. Now, let's decide on what we'd like to do during our date. [end]\n"}}, {"from": "Player 2", "to": "GM", "timestamp": "2024-09-12T14:50:33.134136", "action": {"type": "get message", "content": "[reason] Riley's enthusiasm for trying new places is great, and I'm glad they're open to my suggestions. Now, we need to decide on an activity for our date. [end]\n\n[sentiment] Continue Conversation [end]\n\n[response] I'm thrilled that you're open to exploring new places, Riley! As for the activity, I'd suggest we enjoy a nice meal and engage in some interesting conversations. How does that sound? [end]"}}, {"from": "GM", "to": "GM", "timestamp": "2024-09-12T14:50:33.134136", "action": {"type": "parse", "content": "[reason] Riley's enthusiasm for trying new places is great, and I'm glad they're open to my suggestions. Now, we need to decide on an activity for our date. [end]\n\n[sentiment] Continue Conversation [end]\n\n[response] I'm thrilled that you're open to exploring new places, Riley! As for the activity, I'd suggest we enjoy a nice meal and engage in some interesting conversations. How does that sound? [end] conforms to rules"}}, {"from": "GM", "to": "GM", "timestamp": "2024-09-12T14:50:33.134136", "action": {"type": "mismatch location agreement", "content": "no location agreement, mismatched sentiment"}}], [{"from": "GM", "to": "Player 1", "timestamp": "2024-09-12T14:50:33.134136", "action": {"type": "send message", "content": "Taylor Jordan 's Message:  I'm thrilled that you're open to exploring new places, Riley! As for the activity, I'd suggest we enjoy a nice meal and engage in some interesting conversations. How does that sound? [end]\n"}}, {"from": "Player 1", "to": "GM", "timestamp": "2024-09-12T14:50:34.491296", "action": {"type": "get message", "content": "[reason] I appreciate Taylor's suggestion for enjoying a meal and engaging in interesting conversations, as it aligns with my preference for getting to know someone on a deeper level. [end]\n\n[sentiment] Agreement on Action [end]\n\n[response] I couldn't agree more, Taylor. Sharing a meal and having meaningful conversations is a great way to get to know each other better. I'm looking forward to our first date! [end]"}}, {"from": "GM", "to": "GM", "timestamp": "2024-09-12T14:50:34.491296", "action": {"type": "parse", "content": "[reason] I appreciate Taylor's suggestion for enjoying a meal and engaging in interesting conversations, as it aligns with my preference for getting to know someone on a deeper level. [end]\n\n[sentiment] Agreement on Action [end]\n\n[response] I couldn't agree more, Taylor. Sharing a meal and having meaningful conversations is a great way to get to know each other better. I'm looking forward to our first date! [end] conforms to rules"}}], [{"from": "GM", "to": "Player 2", "timestamp": "2024-09-12T14:50:34.491296", "action": {"type": "send message", "content": "Riley Taylor 's Message:  I couldn't agree more, Taylor. Sharing a meal and having meaningful conversations is a great way to get to know each other better. I'm looking forward to our first date! [end]\n"}}, {"from": "Player 2", "to": "GM", "timestamp": "2024-09-12T14:50:36.207598", "action": {"type": "get message", "content": "[reason] Riley's response is positive, and I'm glad they share my enthusiasm for a meal and engaging conversations. We've now reached an agreement on time, location, and activity. [end]\n\n[sentiment] Overall Agreement [end]\n\n[response] I'm so excited for our first date, Riley! It seems we've found the perfect balance of time, location, and activity. I can't wait to share a wonderful evening with you! [end]"}}, {"from": "GM", "to": "GM", "timestamp": "2024-09-12T14:50:36.207598", "action": {"type": "parse", "content": "[reason] Riley's response is positive, and I'm glad they share my enthusiasm for a meal and engaging conversations. We've now reached an agreement on time, location, and activity. [end]\n\n[sentiment] Overall Agreement [end]\n\n[response] I'm so excited for our first date, Riley! It seems we've found the perfect balance of time, location, and activity. I can't wait to share a wonderful evening with you! [end] conforms to rules"}}, {"from": "GM", "to": "GM", "timestamp": "2024-09-12T14:50:36.207598", "action": {"type": "mismatch action agreement", "content": "no action agreement, mismatched sentiment"}}], [{"from": "GM", "to": "Player 1", "timestamp": "2024-09-12T14:50:36.207598", "action": {"type": "send message", "content": "Taylor Jordan 's Message:  I'm so excited for our first date, Riley! It seems we've found the perfect balance of time, location, and activity. I can't wait to share a wonderful evening with you! [end]\n"}}, {"from": "Player 1", "to": "GM", "timestamp": "2024-09-12T14:50:37.781203", "action": {"type": "get message", "content": "[reason] I am thrilled that Taylor and I have found an overall agreement for our first date, and I am eager to spend time together and get to know each other better. [end]\n\n[sentiment] Overall Agreement [end]\n\n[response] I'm absolutely thrilled, Taylor! I can't wait for our first date and to share a wonderful evening with you. Let's make some unforgettable memories together! [end]"}}, {"from": "GM", "to": "GM", "timestamp": "2024-09-12T14:50:37.782199", "action": {"type": "parse", "content": "[reason] I am thrilled that Taylor and I have found an overall agreement for our first date, and I am eager to spend time together and get to know each other better. [end]\n\n[sentiment] Overall Agreement [end]\n\n[response] I'm absolutely thrilled, Taylor! I can't wait for our first date and to share a wonderful evening with you. Let's make some unforgettable memories together! [end] conforms to rules"}}, {"from": "GM", "to": "GM", "timestamp": "2024-09-12T14:50:37.782199", "action": {"type": "overall agreement", "content": "game successful"}}]], "max_turns": 15, "completed_turns": 9, "time_agreement": false, "location_agreement": false, "action_agreement": false}