{"players": {"GM": "Game master for datingsim", "Player 1": "openchat-3.6-8b", "Player 2": "openchat-3.6-8b"}, "turns": [[{"from": "GM", "to": "Player 1", "timestamp": "2024-09-12T18:22:56.189732", "action": {"type": "send message", "content": "You are about to play a game with another player. In this game, you and the other player are both on an dating app, looking for a partner. In this case, both you and the other player decided, that you fancy each other's profile. Your and the other player's GOAL is it, to come to an agreement on what to do on your first date. At the start of the game you will be given two character sheets. The first one is the one, that defines your personality. The second one includes the information you know of the other player based on the information in their Bio on the dating app. You will start the conversation.\nOn each further turn you can react to what the other player tells you. For this you can either continue the conversation if you have not met an agreement yet or are not happy with the proposal, or end the game by agreeing to the proposal. \n\nThere is a total of four agreements throughout the game: \"Agreement on Time\", \"Agreement on Location\", \"Agreement on Action\", \"Overall Agreement\". You and the other player need to find an agreement on each of them.\nYou should only choose \"Overall Agreement\" after you and your date manage to settle an agreement for the other three ones (Time, Location, Action). \nYou have 15 turns to finish the game and find all agreements. \n\nYour answer has to consist ONLY of the following information and follow the given template:\n\n[reason] Your reason for your decision. [end]\n\n[sentiment] Choose one of the following: \"Continue Conversation\", \"Agreement on Time\", \"Agreement on Location\", \"Agreement on Action\", \"Overall Agreement\" [end]\n\n[response] Your response to the other player. This can include your sentiment, opinion, alternative. [end]\n\nYour answer for [response] must NOT exceed 100 tokens.\n\nThe game ends when 1) both you and the other player reply with the sentiment \"Overall Agreement\", 2) one of you chooses the sentiment \"Overall Agreement\" without the other one choosing it in the following turn, 3) you run out of turns to communicate or 4) you do not follow the template.\n\nThis is your character: {'NAME': 'Maya Flores', 'GENDER': 'Female', 'AGE': 25, 'APPEARANCE': 'Sparkling brown eyes, infectious laugh, flowing dark hair with colorful streaks, stylish and comfortable clothes.', 'OCCUPATION': 'Graphic Designer', 'LIKES': 'Experimenting with colors, creating visually stunning artwork, finding inspiration in everyday life.', 'DISLIKES': 'Lack of creativity, deadlines, working in overly corporate environments.', 'HOBBIES': 'Street photography, attending art exhibits, trying new cuisines.', 'SUMMARY': 'I see beauty in the world around me. My enthusiasm is infectious and will make you see the world with fresh eyes.'}\n\nThis is the character of the other player: ${'NAME': 'Maya Flores', 'GENDER': 'Female', 'AGE': 25, 'APPEARANCE': 'Sparkling brown eyes, infectious laugh, flowing dark hair with colorful streaks, stylish and comfortable clothes.', 'OCCUPATION': 'Graphic Designer', 'LIKES': 'Experimenting with colors, creating visually stunning artwork, finding inspiration in everyday life.', 'DISLIKES': 'Lack of creativity, deadlines, working in overly corporate environments.', 'HOBBIES': 'Street photography, attending art exhibits, trying new cuisines.', 'SUMMARY': 'I see beauty in the world around me. My enthusiasm is infectious and will make you see the world with fresh eyes.'}\n\nRemember, your goal is to find the overall agreement for your first date while staying in character.\n\nStart the game with the reason, your sentiment and the opening phrase.\n"}}, {"from": "Player 1", "to": "GM", "timestamp": "2024-09-12T18:23:00.983806", "action": {"type": "get message", "content": "[reason] I'm really excited about getting to know you better! [end]\n\n[sentiment] Continue Conversation [end]\n\n[response] That's great to hear! What do you think about going for a walk in the park on Saturday? It would be a nice way to get to know each other. [end]"}}, {"from": "GM", "to": "GM", "timestamp": "2024-09-12T18:23:00.984632", "action": {"type": "parse", "content": "[reason] I'm really excited about getting to know you better! [end]\n\n[sentiment] Continue Conversation [end]\n\n[response] That's great to hear! What do you think about going for a walk in the park on Saturday? It would be a nice way to get to know each other. [end] conforms to rules"}}], [{"from": "GM", "to": "Player 2", "timestamp": "2024-09-12T18:23:00.984697", "action": {"type": "send message", "content": "You are about to play a game with another player. In this game, you and the other player are both on an dating app, looking for a partner. In this case, both you and the other player decided, that you fancy each other's profile. Your and the other player's GOAL is it, to come to an agreement on what to do on your first date. At the start of the game you will be given two character sheets. The first one is the one, that defines your personality. The second one includes the information you know of the other player based on the information in their Bio on the dating app. You will be approached by the other player.\nOn each further turn you can react to what the other player tells you. For this you can either continue the conversation if you have not met an agreement yet or are not happy with the proposal, or end the game by agreeing to the proposal. \n\nThere is a total of four agreements throughout the game: \"Agreement on Time\", \"Agreement on Location\", \"Agreement on Action\", \"Overall Agreement\". You and the other player need to find an agreement on each of them.\nYou should only choose \"Overall Agreement\" after you and your date manage to settle an agreement for the other three ones (Time, Location, Action). \nYou have 15 turns to finish the game and find all agreements. \n\nYour answer has to consist ONLY of the following information and follow the given template:\n\n[reason] Your reason for your decision. [end]\n\n[sentiment] Choose one of the following: \"Continue Conversation\", \"Agreement on Time\", \"Agreement on Location\", \"Agreement on Action\", \"Overall Agreement\" [end]\n\n[response] Your response to the other player. This can include your sentiment, opinion, alternative. [end]\n\nYour answer for [response] must NOT exceed 100 tokens.\n\nThe game ends when 1) both you and the other player reply with the sentiment \"Overall Agreement\", 2) one of you chooses the sentiment \"Overall Agreement\" without the other one choosing it in the following turn, 3) you run out of turns to communicate or 4) you do not follow the template.\n\nThis is your character: {'NAME': 'Maya Flores', 'GENDER': 'Female', 'AGE': 25, 'APPEARANCE': 'Sparkling brown eyes, infectious laugh, flowing dark hair with colorful streaks, stylish and comfortable clothes.', 'OCCUPATION': 'Graphic Designer', 'LIKES': 'Experimenting with colors, creating visually stunning artwork, finding inspiration in everyday life.', 'DISLIKES': 'Lack of creativity, deadlines, working in overly corporate environments.', 'HOBBIES': 'Street photography, attending art exhibits, trying new cuisines.', 'SUMMARY': 'I see beauty in the world around me. My enthusiasm is infectious and will make you see the world with fresh eyes.'}\n\nThis is the character of the other player: ${'NAME': 'Maya Flores', 'GENDER': 'Female', 'AGE': 25, 'APPEARANCE': 'Sparkling brown eyes, infectious laugh, flowing dark hair with colorful streaks, stylish and comfortable clothes.', 'OCCUPATION': 'Graphic Designer', 'LIKES': 'Experimenting with colors, creating visually stunning artwork, finding inspiration in everyday life.', 'DISLIKES': 'Lack of creativity, deadlines, working in overly corporate environments.', 'HOBBIES': 'Street photography, attending art exhibits, trying new cuisines.', 'SUMMARY': 'I see beauty in the world around me. My enthusiasm is infectious and will make you see the world with fresh eyes.'}\n\nRemember, your goal is to find the overall agreement for your first date while staying in character.\n\nContinue the game with the reason, your sentiment and an answer phrase to the first message of the other player:\n\nMessage:  That's great to hear! What do you think about going for a walk in the park on Saturday? It would be a nice way to get to know each other. [end]\n"}}, {"from": "Player 2", "to": "GM", "timestamp": "2024-09-12T18:23:08.154477", "action": {"type": "get message", "content": "[reason] Your proposal sounds lovely, but I'm not sure if it will give us enough time to really get to know each other. [end]\n\n[sentiment] Agreement on Time [end]\n\n[response] How about we go for a walk in the park on Sunday instead? That way we have more time to chat and get to know each other better. [end]"}}, {"from": "GM", "to": "GM", "timestamp": "2024-09-12T18:23:08.154767", "action": {"type": "parse", "content": "[reason] Your proposal sounds lovely, but I'm not sure if it will give us enough time to really get to know each other. [end]\n\n[sentiment] Agreement on Time [end]\n\n[response] How about we go for a walk in the park on Sunday instead? That way we have more time to chat and get to know each other better. [end] conforms to rules"}}], [{"from": "GM", "to": "Player 1", "timestamp": "2024-09-12T18:23:08.154851", "action": {"type": "send message", "content": "Maya Flores 's Message:  How about we go for a walk in the park on Sunday instead? That way we have more time to chat and get to know each other better. [end]\n"}}, {"from": "Player 1", "to": "GM", "timestamp": "2024-09-12T18:23:14.889707", "action": {"type": "get message", "content": "[reason] I think that's a great idea! It gives us more time to chat and get to know each other better. [end]\n\n[sentiment] Agreement on Time [end]\n\n[response] Sounds perfect, let's do it! What about the location? [end]"}}, {"from": "GM", "to": "GM", "timestamp": "2024-09-12T18:23:14.889932", "action": {"type": "parse", "content": "[reason] I think that's a great idea! It gives us more time to chat and get to know each other better. [end]\n\n[sentiment] Agreement on Time [end]\n\n[response] Sounds perfect, let's do it! What about the location? [end] conforms to rules"}}, {"from": "GM", "to": "GM", "timestamp": "2024-09-12T18:23:14.889999", "action": {"type": "time agreement", "content": "agreement on time successful"}}], [{"from": "GM", "to": "Player 2", "timestamp": "2024-09-12T18:23:14.890117", "action": {"type": "send message", "content": "Maya Flores 's Message:  Sounds perfect, let's do it! What about the location? [end]\n"}}, {"from": "Player 2", "to": "GM", "timestamp": "2024-09-12T18:23:22.538567", "action": {"type": "get message", "content": "[reason] I agree, going for a walk in the park on Sunday is a great idea. Now, let's talk about where we should meet. [end]\n\n[sentiment] Agreement on Time [end]\n\n[response] How about we meet at the park near my house? It's a beautiful place and it'll be easy to find. [end]"}}, {"from": "GM", "to": "GM", "timestamp": "2024-09-12T18:23:22.538800", "action": {"type": "parse", "content": "[reason] I agree, going for a walk in the park on Sunday is a great idea. Now, let's talk about where we should meet. [end]\n\n[sentiment] Agreement on Time [end]\n\n[response] How about we meet at the park near my house? It's a beautiful place and it'll be easy to find. [end] conforms to rules"}}, {"from": "GM", "to": "GM", "timestamp": "2024-09-12T18:23:22.538874", "action": {"type": "already agreed", "content": "Agreement on Time was already achieved."}}], [{"from": "GM", "to": "Player 1", "timestamp": "2024-09-12T18:23:22.538989", "action": {"type": "send message", "content": "Maya Flores 's Message:  How about we meet at the park near my house? It's a beautiful place and it'll be easy to find. [end]\n"}}, {"from": "Player 1", "to": "GM", "timestamp": "2024-09-12T18:23:30.927638", "action": {"type": "get message", "content": "[reason] That sounds like a great idea! The park near your house seems like a perfect location for our first date. [end]\n\n[sentiment] Agreement on Location [end]\n\n[response] Awesome, I'm looking forward to seeing the park and getting to know you better. Now let's decide what we'll do there. [end]"}}, {"from": "GM", "to": "GM", "timestamp": "2024-09-12T18:23:30.928058", "action": {"type": "parse", "content": "[reason] That sounds like a great idea! The park near your house seems like a perfect location for our first date. [end]\n\n[sentiment] Agreement on Location [end]\n\n[response] Awesome, I'm looking forward to seeing the park and getting to know you better. Now let's decide what we'll do there. [end] conforms to rules"}}, {"from": "GM", "to": "GM", "timestamp": "2024-09-12T18:23:30.928349", "action": {"type": "mismatch time agreement", "content": "no time agreement, mismatched sentiment"}}], [{"from": "GM", "to": "Player 2", "timestamp": "2024-09-12T18:23:30.928741", "action": {"type": "send message", "content": "Maya Flores 's Message:  Awesome, I'm looking forward to seeing the park and getting to know you better. Now let's decide what we'll do there. [end]\n"}}, {"from": "Player 2", "to": "GM", "timestamp": "2024-09-12T18:23:40.071069", "action": {"type": "get message", "content": "[reason] That sounds like a great plan! I think it would be fun to go for a walk together and maybe even stop at a café or restaurant nearby. What do you think? [end]\n\n[sentiment] Agreement on Location [end]\n\n[response] I love the idea of stopping by a café or restaurant after our walk. It'll be a nice way to relax and chat more. Let's go for it! [end]"}}, {"from": "GM", "to": "GM", "timestamp": "2024-09-12T18:23:40.071398", "action": {"type": "parse", "content": "[reason] That sounds like a great plan! I think it would be fun to go for a walk together and maybe even stop at a café or restaurant nearby. What do you think? [end]\n\n[sentiment] Agreement on Location [end]\n\n[response] I love the idea of stopping by a café or restaurant after our walk. It'll be a nice way to relax and chat more. Let's go for it! [end] conforms to rules"}}, {"from": "GM", "to": "GM", "timestamp": "2024-09-12T18:23:40.071484", "action": {"type": "location agreement", "content": "agreement on location successful"}}], [{"from": "GM", "to": "Player 1", "timestamp": "2024-09-12T18:23:40.071638", "action": {"type": "send message", "content": "Maya Flores 's Message:  I love the idea of stopping by a café or restaurant after our walk. It'll be a nice way to relax and chat more. Let's go for it! [end]\n"}}, {"from": "Player 1", "to": "GM", "timestamp": "2024-09-12T18:23:48.041742", "action": {"type": "get message", "content": "[reason] That sounds like a great plan! A café or restaurant would be perfect for relaxing and chatting more. [end]\n\n[sentiment] Agreement on Action [end]\n\n[response] Perfect, I'm excited about our first date already! Are we all set? [end]"}}, {"from": "GM", "to": "GM", "timestamp": "2024-09-12T18:23:48.042101", "action": {"type": "parse", "content": "[reason] That sounds like a great plan! A café or restaurant would be perfect for relaxing and chatting more. [end]\n\n[sentiment] Agreement on Action [end]\n\n[response] Perfect, I'm excited about our first date already! Are we all set? [end] conforms to rules"}}, {"from": "GM", "to": "GM", "timestamp": "2024-09-12T18:23:48.042182", "action": {"type": "mismatch location agreement", "content": "no location agreement, mismatched sentiment"}}], [{"from": "GM", "to": "Player 2", "timestamp": "2024-09-12T18:23:48.042505", "action": {"type": "send message", "content": "Maya Flores 's Message:  Perfect, I'm excited about our first date already! Are we all set? [end]\n"}}, {"from": "Player 2", "to": "GM", "timestamp": "2024-09-12T18:23:57.422812", "action": {"type": "get message", "content": "[reason] Yes, I think we've covered everything. It sounds like a great plan to meet at the park near my house on Sunday and then go for a walk together before stopping by a café or restaurant. Let's do it! [end]\n\n[sentiment] Overall Agreement [end]\n\n[response] Yay, I'm so excited for our date! See you on Sunday. [end]"}}, {"from": "GM", "to": "GM", "timestamp": "2024-09-12T18:23:57.423075", "action": {"type": "parse", "content": "[reason] Yes, I think we've covered everything. It sounds like a great plan to meet at the park near my house on Sunday and then go for a walk together before stopping by a café or restaurant. Let's do it! [end]\n\n[sentiment] Overall Agreement [end]\n\n[response] Yay, I'm so excited for our date! See you on Sunday. [end] conforms to rules"}}, {"from": "GM", "to": "GM", "timestamp": "2024-09-12T18:23:57.423111", "action": {"type": "mismatch action agreement", "content": "no action agreement, mismatched sentiment"}}], [{"from": "GM", "to": "Player 1", "timestamp": "2024-09-12T18:23:57.423166", "action": {"type": "send message", "content": "Maya Flores 's Message:  Yay, I'm so excited for our date! See you on Sunday. [end]\n"}}, {"from": "Player 1", "to": "GM", "timestamp": "2024-09-12T18:24:04.755521", "action": {"type": "get message", "content": "[reason] I'm thrilled too! Looking forward to meeting you and having a great time. See you on Sunday! [end]\n\n[sentiment] Overall Agreement [end]"}}, {"from": "GM", "to": "GM", "timestamp": "2024-09-12T18:24:04.755857", "action": {"type": "invalid format: pattern", "content": "Aborted game because of invalid format: pattern"}}]], "max_turns": 15, "completed_turns": 8, "time_agreement": true, "location_agreement": true, "action_agreement": false}