{"players": {"GM": "Game master for datingsim", "Player 1": "openchat-3.6-8b", "Player 2": "openchat-3.6-8b"}, "turns": [[{"from": "GM", "to": "Player 1", "timestamp": "2024-09-12T18:54:36.235205", "action": {"type": "send message", "content": "You are about to play a game with another player. In this game, you and the other player are both on an dating app, looking for a partner. In this case, both you and the other player decided, that you fancy each other's profile. Your and the other player's GOAL is it, to come to an agreement on what to do on your first date. At the start of the game you will be given two character sheets. The first one is the one, that defines your personality. The second one includes the information you know of the other player based on the information in their Bio on the dating app. You will start the conversation.\nOn each further turn you can react to what the other player tells you. For this you can either continue the conversation if you have not met an agreement yet or are not happy with the proposal, or end the game by agreeing to the proposal. \n\nThere is a total of four agreements throughout the game: \"Agreement on Time\", \"Agreement on Location\", \"Agreement on Action\", \"Overall Agreement\". You and the other player need to find an agreement on each of them.\nYou should only choose \"Overall Agreement\" after you and your date manage to settle an agreement for the other three ones (Time, Location, Action). \nYou have 15 turns to finish the game and find all agreements. \n\nYour answer has to consist ONLY of the following information and follow the given template:\n\n[reason] Your reason for your decision. [end]\n\n[sentiment] Choose one of the following: \"Continue Conversation\", \"Agreement on Time\", \"Agreement on Location\", \"Agreement on Action\", \"Overall Agreement\" [end]\n\n[response] Your response to the other player. This can include your sentiment, opinion, alternative. [end]\n\nYour answer for [response] must NOT exceed 100 tokens.\n\nThe game ends when 1) both you and the other player reply with the sentiment \"Overall Agreement\", 2) one of you chooses the sentiment \"Overall Agreement\" without the other one choosing it in the following turn, 3) you run out of turns to communicate or 4) you do not follow the template.\n\nThis is your character: {'NAME': 'Riley Taylor', 'GENDER': 'Non-binary', 'AGE': 38, 'APPEARANCE': 'Short silver hair, dark eyes, modern professional attire, glasses, calm and composed.', 'OCCUPATION': 'Architect', 'LIKES': 'Modern design, sustainability, jazz music.', 'DISLIKES': 'Wastefulness, misinformation, extreme heat.', 'HOBBIES': 'Sketching, visiting art museums, playing the saxophone.', 'SUMMARY': 'I am an architect with a passion for modern design and sustainability.'}\n\nThis is the character of the other player: ${'NAME': 'Taylor Jordan', 'GENDER': 'Non-binary', 'AGE': 29, 'APPEARANCE': 'Curly brown hair, warm brown eyes, eclectic fashion, colorful accessories, enthusiastic.', 'OCCUPATION': 'Event Planner', 'SUMMARY': 'Nothing describes me better than this: Party Owl through and through!'}\n\nRemember, your goal is to find the overall agreement for your first date while staying in character.\n\nStart the game with the reason, your sentiment and the opening phrase.\n"}}, {"from": "Player 1", "to": "GM", "timestamp": "2024-09-12T18:54:42.595468", "action": {"type": "get message", "content": "[reason] I'm really looking forward to getting to know you better. [end]\n\n[sentiment] Continue Conversation [end]\n\n[response] That's great! What do you think about going to a jazz club for our first date? It would be perfect since we both like jazz music and it's a nice way to relax and get to know each other better. [end]"}}, {"from": "GM", "to": "GM", "timestamp": "2024-09-12T18:54:42.595747", "action": {"type": "parse", "content": "[reason] I'm really looking forward to getting to know you better. [end]\n\n[sentiment] Continue Conversation [end]\n\n[response] That's great! What do you think about going to a jazz club for our first date? It would be perfect since we both like jazz music and it's a nice way to relax and get to know each other better. [end] conforms to rules"}}], [{"from": "GM", "to": "Player 2", "timestamp": "2024-09-12T18:54:42.595835", "action": {"type": "send message", "content": "You are about to play a game with another player. In this game, you and the other player are both on an dating app, looking for a partner. In this case, both you and the other player decided, that you fancy each other's profile. Your and the other player's GOAL is it, to come to an agreement on what to do on your first date. At the start of the game you will be given two character sheets. The first one is the one, that defines your personality. The second one includes the information you know of the other player based on the information in their Bio on the dating app. You will be approached by the other player.\nOn each further turn you can react to what the other player tells you. For this you can either continue the conversation if you have not met an agreement yet or are not happy with the proposal, or end the game by agreeing to the proposal. \n\nThere is a total of four agreements throughout the game: \"Agreement on Time\", \"Agreement on Location\", \"Agreement on Action\", \"Overall Agreement\". You and the other player need to find an agreement on each of them.\nYou should only choose \"Overall Agreement\" after you and your date manage to settle an agreement for the other three ones (Time, Location, Action). \nYou have 15 turns to finish the game and find all agreements. \n\nYour answer has to consist ONLY of the following information and follow the given template:\n\n[reason] Your reason for your decision. [end]\n\n[sentiment] Choose one of the following: \"Continue Conversation\", \"Agreement on Time\", \"Agreement on Location\", \"Agreement on Action\", \"Overall Agreement\" [end]\n\n[response] Your response to the other player. This can include your sentiment, opinion, alternative. [end]\n\nYour answer for [response] must NOT exceed 100 tokens.\n\nThe game ends when 1) both you and the other player reply with the sentiment \"Overall Agreement\", 2) one of you chooses the sentiment \"Overall Agreement\" without the other one choosing it in the following turn, 3) you run out of turns to communicate or 4) you do not follow the template.\n\nThis is your character: {'NAME': 'Taylor Jordan', 'GENDER': 'Non-binary', 'AGE': 29, 'APPEARANCE': 'Curly brown hair, warm brown eyes, eclectic fashion, colorful accessories, enthusiastic.', 'OCCUPATION': 'Event Planner', 'LIKES': 'Festivals, fashion, spicy cuisine.', 'DISLIKES': 'Monotony, pessimism, early mornings.', 'HOBBIES': 'Dancing, crafting, exploring new restaurants.', 'SUMMARY': 'Nothing describes me better than this: Party Owl through and through!'}\n\nThis is the character of the other player: ${'NAME': 'Riley Taylor', 'GENDER': 'Non-binary', 'AGE': 38, 'APPEARANCE': 'Short silver hair, dark eyes, modern professional attire, glasses, calm and composed.', 'OCCUPATION': 'Architect', 'SUMMARY': 'I am an architect with a passion for modern design and sustainability.'}\n\nRemember, your goal is to find the overall agreement for your first date while staying in character.\n\nContinue the game with the reason, your sentiment and an answer phrase to the first message of the other player:\n\nMessage:  That's great! What do you think about going to a jazz club for our first date? It would be perfect since we both like jazz music and it's a nice way to relax and get to know each other better. [end]\n"}}, {"from": "Player 2", "to": "GM", "timestamp": "2024-09-12T18:54:51.106183", "action": {"type": "get message", "content": "[reason] I'm glad that you suggested a jazz club, as I really enjoy listening to jazz music. However, I think it might be more fun if we could also incorporate some of my hobbies into the date. How about going to a jazz club and then visiting a new restaurant? [end]\n\n[sentiment] Agreement on Location [end]\n\n[response] That sounds like a great idea! Going to a jazz club is perfect for relaxing, but adding in a visit to a new restaurant will make it even more fun. I'm excited about our date already. [end]"}}, {"from": "GM", "to": "GM", "timestamp": "2024-09-12T18:54:51.106532", "action": {"type": "parse", "content": "[reason] I'm glad that you suggested a jazz club, as I really enjoy listening to jazz music. However, I think it might be more fun if we could also incorporate some of my hobbies into the date. How about going to a jazz club and then visiting a new restaurant? [end]\n\n[sentiment] Agreement on Location [end]\n\n[response] That sounds like a great idea! Going to a jazz club is perfect for relaxing, but adding in a visit to a new restaurant will make it even more fun. I'm excited about our date already. [end] conforms to rules"}}], [{"from": "GM", "to": "Player 1", "timestamp": "2024-09-12T18:54:51.106638", "action": {"type": "send message", "content": "Taylor Jordan 's Message:  That sounds like a great idea! Going to a jazz club is perfect for relaxing, but adding in a visit to a new restaurant will make it even more fun. I'm excited about our date already. [end]\n"}}, {"from": "Player 1", "to": "GM", "timestamp": "2024-09-12T18:54:57.335284", "action": {"type": "get message", "content": "[reason] I think that's a wonderful suggestion. It would be nice to try out a new restaurant as well. [end]\n\n[sentiment] Agreement on Action [end]\n\n[response] That sounds like a plan! What time do you think we should go? [end]"}}, {"from": "GM", "to": "GM", "timestamp": "2024-09-12T18:54:57.335560", "action": {"type": "parse", "content": "[reason] I think that's a wonderful suggestion. It would be nice to try out a new restaurant as well. [end]\n\n[sentiment] Agreement on Action [end]\n\n[response] That sounds like a plan! What time do you think we should go? [end] conforms to rules"}}, {"from": "GM", "to": "GM", "timestamp": "2024-09-12T18:54:57.335636", "action": {"type": "mismatch location agreement", "content": "no location agreement, mismatched sentiment"}}], [{"from": "GM", "to": "Player 2", "timestamp": "2024-09-12T18:54:57.335765", "action": {"type": "send message", "content": "Riley Taylor 's Message:  That sounds like a plan! What time do you think we should go? [end]\n"}}, {"from": "Player 2", "to": "GM", "timestamp": "2024-09-12T18:55:05.165895", "action": {"type": "get message", "content": "[reason] I think going on the date during the weekend would be ideal, as it will give us more time to enjoy each other's company. How about Saturday evening around 7 pm? [end]\n\n[sentiment] Agreement on Time [end]\n\n[response] That works perfectly for me! Saturday evening at 7 pm sounds great. I'm looking forward to our date already. [end]"}}, {"from": "GM", "to": "GM", "timestamp": "2024-09-12T18:55:05.166175", "action": {"type": "parse", "content": "[reason] I think going on the date during the weekend would be ideal, as it will give us more time to enjoy each other's company. How about Saturday evening around 7 pm? [end]\n\n[sentiment] Agreement on Time [end]\n\n[response] That works perfectly for me! Saturday evening at 7 pm sounds great. I'm looking forward to our date already. [end] conforms to rules"}}, {"from": "GM", "to": "GM", "timestamp": "2024-09-12T18:55:05.166256", "action": {"type": "mismatch action agreement", "content": "no action agreement, mismatched sentiment"}}], [{"from": "GM", "to": "Player 1", "timestamp": "2024-09-12T18:55:05.166389", "action": {"type": "send message", "content": "Taylor Jordan 's Message:  That works perfectly for me! Saturday evening at 7 pm sounds great. I'm looking forward to our date already. [end]\n"}}, {"from": "Player 1", "to": "GM", "timestamp": "2024-09-12T18:55:12.149296", "action": {"type": "get message", "content": "[reason] I'm glad that it's convenient for you. [end]\n\n[sentiment] Agreement on Time [end]\n\n[response] Great, so we'll meet at the jazz club on Saturday evening at 7 pm. Now we just need to decide on a location. Any ideas? [end]"}}, {"from": "GM", "to": "GM", "timestamp": "2024-09-12T18:55:12.149593", "action": {"type": "parse", "content": "[reason] I'm glad that it's convenient for you. [end]\n\n[sentiment] Agreement on Time [end]\n\n[response] Great, so we'll meet at the jazz club on Saturday evening at 7 pm. Now we just need to decide on a location. Any ideas? [end] conforms to rules"}}, {"from": "GM", "to": "GM", "timestamp": "2024-09-12T18:55:12.149669", "action": {"type": "time agreement", "content": "agreement on time successful"}}], [{"from": "GM", "to": "Player 2", "timestamp": "2024-09-12T18:55:12.149790", "action": {"type": "send message", "content": "Riley Taylor 's Message:  Great, so we'll meet at the jazz club on Saturday evening at 7 pm. Now we just need to decide on a location. Any ideas? [end]\n"}}, {"from": "Player 2", "to": "GM", "timestamp": "2024-09-12T18:55:20.967218", "action": {"type": "get message", "content": "[reason] I was thinking about going to a new restaurant that recently opened up in town. It's called \"The Spicy Owl\" and it serves some amazing spicy cuisine. What do you think? [end]\n\n[sentiment] Agreement on Location [end]\n\n[response] That sounds perfect! I love trying out new restaurants, especially ones with spicy food. I'm really looking forward to our date now. [end]"}}, {"from": "GM", "to": "GM", "timestamp": "2024-09-12T18:55:20.967586", "action": {"type": "parse", "content": "[reason] I was thinking about going to a new restaurant that recently opened up in town. It's called \"The Spicy Owl\" and it serves some amazing spicy cuisine. What do you think? [end]\n\n[sentiment] Agreement on Location [end]\n\n[response] That sounds perfect! I love trying out new restaurants, especially ones with spicy food. I'm really looking forward to our date now. [end] conforms to rules"}}, {"from": "GM", "to": "GM", "timestamp": "2024-09-12T18:55:20.967703", "action": {"type": "mismatch time agreement", "content": "no time agreement, mismatched sentiment"}}], [{"from": "GM", "to": "Player 1", "timestamp": "2024-09-12T18:55:20.967828", "action": {"type": "send message", "content": "Taylor Jordan 's Message:  That sounds perfect! I love trying out new restaurants, especially ones with spicy food. I'm really looking forward to our date now. [end]\n"}}, {"from": "Player 1", "to": "GM", "timestamp": "2024-09-12T18:55:28.071016", "action": {"type": "get message", "content": "[reason] Spicy food is always a good idea! [end]\n\n[sentiment] Agreement on Action [end]\n\n[response] Perfect! Now we just need to decide where to meet for our first date. Any suggestions? [end]"}}, {"from": "GM", "to": "GM", "timestamp": "2024-09-12T18:55:28.071361", "action": {"type": "parse", "content": "[reason] Spicy food is always a good idea! [end]\n\n[sentiment] Agreement on Action [end]\n\n[response] Perfect! Now we just need to decide where to meet for our first date. Any suggestions? [end] conforms to rules"}}, {"from": "GM", "to": "GM", "timestamp": "2024-09-12T18:55:28.071455", "action": {"type": "mismatch location agreement", "content": "no location agreement, mismatched sentiment"}}], [{"from": "GM", "to": "Player 2", "timestamp": "2024-09-12T18:55:28.071602", "action": {"type": "send message", "content": "Riley Taylor 's Message:  Perfect! Now we just need to decide where to meet for our first date. Any suggestions? [end]\n"}}, {"from": "Player 2", "to": "GM", "timestamp": "2024-09-12T18:55:37.859515", "action": {"type": "get message", "content": "[reason] How about meeting at the entrance of the jazz club? That way, it's easy for both of us to find each other and start enjoying our evening together. [end]\n\n[sentiment] Agreement on Location [end]\n\n[response] Great idea! Meeting at the entrance of the jazz club is perfect. It will make it easy for us to find each other and begin our fun evening. I'm excited about our date already. [end]"}}, {"from": "GM", "to": "GM", "timestamp": "2024-09-12T18:55:37.859845", "action": {"type": "parse", "content": "[reason] How about meeting at the entrance of the jazz club? That way, it's easy for both of us to find each other and start enjoying our evening together. [end]\n\n[sentiment] Agreement on Location [end]\n\n[response] Great idea! Meeting at the entrance of the jazz club is perfect. It will make it easy for us to find each other and begin our fun evening. I'm excited about our date already. [end] conforms to rules"}}, {"from": "GM", "to": "GM", "timestamp": "2024-09-12T18:55:37.859914", "action": {"type": "mismatch action agreement", "content": "no action agreement, mismatched sentiment"}}], [{"from": "GM", "to": "Player 1", "timestamp": "2024-09-12T18:55:37.860025", "action": {"type": "send message", "content": "Taylor Jordan 's Message:  Great idea! Meeting at the entrance of the jazz club is perfect. It will make it easy for us to find each other and begin our fun evening. I'm excited about our date already. [end]\n"}}, {"from": "Player 1", "to": "GM", "timestamp": "2024-09-12T18:55:47.248929", "action": {"type": "get message", "content": "[reason] That's a great suggestion, Taylor. The entrance of the jazz club sounds like a good place to meet up. [end]\n\n[sentiment] Agreement on Location [end]\n\n[response] Excellent! So we'll meet at the entrance of the jazz club on Saturday evening at 7 pm for our first date. Now that all the agreements are settled, I think it's time for an Overall Agreement. [end]"}}, {"from": "GM", "to": "GM", "timestamp": "2024-09-12T18:55:47.249292", "action": {"type": "parse", "content": "[reason] That's a great suggestion, Taylor. The entrance of the jazz club sounds like a good place to meet up. [end]\n\n[sentiment] Agreement on Location [end]\n\n[response] Excellent! So we'll meet at the entrance of the jazz club on Saturday evening at 7 pm for our first date. Now that all the agreements are settled, I think it's time for an Overall Agreement. [end] conforms to rules"}}, {"from": "GM", "to": "GM", "timestamp": "2024-09-12T18:55:47.249376", "action": {"type": "location agreement", "content": "agreement on location successful"}}], [{"from": "GM", "to": "Player 2", "timestamp": "2024-09-12T18:55:47.249642", "action": {"type": "send message", "content": "Riley Taylor 's Message:  Excellent! So we'll meet at the entrance of the jazz club on Saturday evening at 7 pm for our first date. Now that all the agreements are settled, I think it's time for an Overall Agreement. [end]\n"}}, {"from": "Player 2", "to": "GM", "timestamp": "2024-09-12T18:55:57.531053", "action": {"type": "get message", "content": "[reason] I agree, let's make an Overall Agreement now that we've settled on the Time, Location, and Action for our first date. It's going to be a great evening! [end]\n\n[sentiment] Overall Agreement [end]\n\n[response] Absolutely! Meeting at the entrance of the jazz club on Saturday evening at 7 pm is perfect. I'm really looking forward to our first date together. [end]"}}, {"from": "GM", "to": "GM", "timestamp": "2024-09-12T18:55:57.531369", "action": {"type": "parse", "content": "[reason] I agree, let's make an Overall Agreement now that we've settled on the Time, Location, and Action for our first date. It's going to be a great evening! [end]\n\n[sentiment] Overall Agreement [end]\n\n[response] Absolutely! Meeting at the entrance of the jazz club on Saturday evening at 7 pm is perfect. I'm really looking forward to our first date together. [end] conforms to rules"}}, {"from": "GM", "to": "GM", "timestamp": "2024-09-12T18:55:57.531441", "action": {"type": "mismatch location agreement", "content": "no location agreement, mismatched sentiment"}}], [{"from": "GM", "to": "Player 1", "timestamp": "2024-09-12T18:55:57.531731", "action": {"type": "send message", "content": "Taylor Jordan 's Message:  Absolutely! Meeting at the entrance of the jazz club on Saturday evening at 7 pm is perfect. I'm really looking forward to our first date together. [end]\n"}}, {"from": "Player 1", "to": "GM", "timestamp": "2024-09-12T18:56:06.624110", "action": {"type": "get message", "content": "[reason] It seems like we've found a great plan for our first date. [end]\n\n[sentiment] Overall Agreement [end]\n\n[response] That's wonderful, Taylor! I'm excited about our first date on Saturday evening at 7 pm at the entrance of the jazz club. Let's make it happen! [end]"}}, {"from": "GM", "to": "GM", "timestamp": "2024-09-12T18:56:06.624466", "action": {"type": "parse", "content": "[reason] It seems like we've found a great plan for our first date. [end]\n\n[sentiment] Overall Agreement [end]\n\n[response] That's wonderful, Taylor! I'm excited about our first date on Saturday evening at 7 pm at the entrance of the jazz club. Let's make it happen! [end] conforms to rules"}}, {"from": "GM", "to": "GM", "timestamp": "2024-09-12T18:56:06.624546", "action": {"type": "overall agreement", "content": "game successful"}}]], "max_turns": 15, "completed_turns": 11, "time_agreement": true, "location_agreement": true, "action_agreement": false}