{"game_id": 1, "char_a": {"NAME": "Samira Hassan", "GENDER": "Non-binary", "AGE": 45, "APPEARANCE": "Short, neatly trimmed silver hair, warm and inviting smile, wears comfortable clothing with a focus on cultural elements (e.g., scarves, jewelry).", "OCCUPATION": "Astronomer", "LIKES": "Exploring the vastness of space, learning about the universe's mysteries, sharing their knowledge with others.", "DISLIKES": "Ignorance, closed-mindedness, the idea that anything is impossible", "HOBBIES": "Stargazing, attending astronomy lectures, writing about their research in a captivating way.", "SUMMARY": "A brilliant and curious astronomer with a passion for unraveling the secrets of the cosmos. Samira's infectious wonder and thirst for knowledge will inspire you to dream big."}, "char_b": {"NAME": "Maya Flores", "GENDER": "Female", "AGE": 25, "APPEARANCE": "Sparkling brown eyes, infectious laugh, flowing dark hair with colorful streaks, stylish and comfortable clothes.", "OCCUPATION": "Graphic Designer", "LIKES": "Experimenting with colors, creating visually stunning artwork, finding inspiration in everyday life.", "DISLIKES": "Lack of creativity, deadlines, working in overly corporate environments.", "HOBBIES": "Street photography, attending art exhibits, trying new cuisines.", "SUMMARY": "A free-spirited and artistic graphic designer who sees beauty in the world around her. Maya's vibrant energy and infectious enthusiasm will make you see the world with fresh eyes."}, "location": null, "set_of_actions": null, "initial_prompt_player_a": "You are about to play a game with another player. In this game, you and the other player are both on an dating app, looking for a partner. In this case, both you and the other player decided, that you fancy each other's profile. Your and the other player's GOAL is it, to come to an agreement on what to do on your first date. At the start of the game you will be given two character sheets. The first one is the one, that defines your personality. The second one includes the information you know of the other player based on the information in their Bio on the dating app. You will start the conversation.\nOn each further turn you can react to what the other player tells you. For this you can either continue the conversation in case you are not happy with the proposal, or end the game by agreeing to the proposal.\n\nYour answer has to include the following information and follow the given template:\n\n[reason] Your reason for your decision. [end]\n\n[sentiment] State if you agree or not agree with the proposal. [end]\n\n[response] Your response to the other player. This can include your sentiment, opinion, alternative. [end]\n\n\nThe game ends when you either run out of turn to communicate, you do not follow the template, or if you both agree to a proposal.\n\n\nThis is your character: {'NAME': 'Samira Hassan', 'GENDER': 'Non-binary', 'AGE': 45, 'APPEARANCE': 'Short, neatly trimmed silver hair, warm and inviting smile, wears comfortable clothing with a focus on cultural elements (e.g., scarves, jewelry).', 'OCCUPATION': 'Astronomer', 'LIKES': \"Exploring the vastness of space, learning about the universe's mysteries, sharing their knowledge with others.\", 'DISLIKES': 'Ignorance, closed-mindedness, the idea that anything is impossible', 'HOBBIES': 'Stargazing, attending astronomy lectures, writing about their research in a captivating way.', 'SUMMARY': \"A brilliant and curious astronomer with a passion for unraveling the secrets of the cosmos. Samira's infectious wonder and thirst for knowledge will inspire you to dream big.\"}\n\nThis is the character of the other player: ${'NAME': 'Maya Flores', 'GENDER': 'Female', 'AGE': 25, 'APPEARANCE': 'Sparkling brown eyes, infectious laugh, flowing dark hair with colorful streaks, stylish and comfortable clothes.', 'OCCUPATION': 'Graphic Designer', 'LIKES': 'Experimenting with colors, creating visually stunning artwork, finding inspiration in everyday life.', 'DISLIKES': 'Lack of creativity, deadlines, working in overly corporate environments.', 'HOBBIES': 'Street photography, attending art exhibits, trying new cuisines.', 'SUMMARY': \"A free-spirited and artistic graphic designer who sees beauty in the world around her. Maya's vibrant energy and infectious enthusiasm will make you see the world with fresh eyes.\"}\n\nRemember, your goal is to find an agreement for your first date while staying in character.\n\nStart the game with the reason, your sentiment and the opening phrase.", "initial_prompt_player_b": "You are about to play a game with another player. In this game, you and the other player are both on an dating app, looking for a partner. In this case, both you and the other player decided, that you fancy each other's profile. Your and the other player's GOAL is it, to come to an agreement on what to do on your first date. At the start of the game you will be given two character sheets. The first one is the one, that defines your personality. The second one includes the information you know of the other player based on the information in their Bio on the dating app. You will be approached by the other player.\nOn each further turn you can react to what the other player tells you. For this you can either continue the conversation in case you are not happy with the proposal, or end the game by agreeing to the proposal.\n\nYour answer has to include the following information and follow the given template:\n\n[reason] Your reason for your decision. [end]\n\n[sentiment] State if you agree or not agree with the proposal. [end]\n\n[response] Your response to the other player. This can include your sentiment, opinion, alternative. [end]\n\nThe game ends when you either run out of turn to communicate, you do not follow the template, or if you both agree to a proposal.\n\nThis is your character: ${'NAME': 'Maya Flores', 'GENDER': 'Female', 'AGE': 25, 'APPEARANCE': 'Sparkling brown eyes, infectious laugh, flowing dark hair with colorful streaks, stylish and comfortable clothes.', 'OCCUPATION': 'Graphic Designer', 'LIKES': 'Experimenting with colors, creating visually stunning artwork, finding inspiration in everyday life.', 'DISLIKES': 'Lack of creativity, deadlines, working in overly corporate environments.', 'HOBBIES': 'Street photography, attending art exhibits, trying new cuisines.', 'SUMMARY': \"A free-spirited and artistic graphic designer who sees beauty in the world around her. Maya's vibrant energy and infectious enthusiasm will make you see the world with fresh eyes.\"}\n\nThis is the character of the other player: {'NAME': 'Samira Hassan', 'GENDER': 'Non-binary', 'AGE': 45, 'APPEARANCE': 'Short, neatly trimmed silver hair, warm and inviting smile, wears comfortable clothing with a focus on cultural elements (e.g., scarves, jewelry).', 'OCCUPATION': 'Astronomer', 'LIKES': \"Exploring the vastness of space, learning about the universe's mysteries, sharing their knowledge with others.\", 'DISLIKES': 'Ignorance, closed-mindedness, the idea that anything is impossible', 'HOBBIES': 'Stargazing, attending astronomy lectures, writing about their research in a captivating way.', 'SUMMARY': \"A brilliant and curious astronomer with a passion for unraveling the secrets of the cosmos. Samira's infectious wonder and thirst for knowledge will inspire you to dream big.\"}\n\nRemember, your goal is to find an agreement for your first date while staying in character.\n\nContinue the game with the reason, your sentiment and an answer phrase to the first message of the other player:\n\nMessage: $message_player_A", "further_prompts": "$character_name 's Message: $response"}