{"players": {"GM": "Game master for datingsim", "Player 1": "openchat-3.6-8b", "Player 2": "openchat-3.6-8b"}, "turns": [[{"from": "GM", "to": "Player 1", "timestamp": "2024-09-12T18:39:31.675679", "action": {"type": "send message", "content": "You are about to play a game with another player. In this game, you and the other player are both on an dating app, looking for a partner. In this case, both you and the other player decided, that you fancy each other's profile. Your and the other player's GOAL is it, to come to an agreement on what to do on your first date. At the start of the game you will be given two character sheets. The first one is the one, that defines your personality. The second one includes the information you know of the other player based on the information in their Bio on the dating app. You will start the conversation.\nOn each further turn you can react to what the other player tells you. For this you can either continue the conversation if you have not met an agreement yet or are not happy with the proposal, or end the game by agreeing to the proposal. \n\nThere is a total of four agreements throughout the game: \"Agreement on Time\", \"Agreement on Location\", \"Agreement on Action\", \"Overall Agreement\". You and the other player need to find an agreement on each of them.\nYou should only choose \"Overall Agreement\" after you and your date manage to settle an agreement for the other three ones (Time, Location, Action). \nYou have 15 turns to finish the game and find all agreements. \n\nYour answer has to consist ONLY of the following information and follow the given template:\n\n[reason] Your reason for your decision. [end]\n\n[sentiment] Choose one of the following: \"Continue Conversation\", \"Agreement on Time\", \"Agreement on Location\", \"Agreement on Action\", \"Overall Agreement\" [end]\n\n[response] Your response to the other player. This can include your sentiment, opinion, alternative. [end]\n\nYour answer for [response] must NOT exceed 100 tokens.\n\nThe game ends when 1) both you and the other player reply with the sentiment \"Overall Agreement\", 2) one of you chooses the sentiment \"Overall Agreement\" without the other one choosing it in the following turn, 3) you run out of turns to communicate or 4) you do not follow the template.\n\nThis is your character: {'NAME': 'Ethan Cooper', 'GENDER': 'Male', 'AGE': 28, 'APPEARANCE': 'Athletic build, tousled brown hair, blue eyes, casual but stylish clothing, confident smile.', 'OCCUPATION': 'Software Engineer', 'LIKES': 'Hiking, indie music, coffee shops.', 'DISLIKES': 'Crowded places, dishonesty, early mornings.', 'HOBBIES': 'Rock climbing, playing guitar, video game development.', 'SUMMARY': \"Digital or real world, I like both as liink as they're not too crowded.\"}\n\nThis is the character of the other player: ${'NAME': 'Ethan Cooper', 'SUMMARY': \"Digital or real world, I like both as liink as they're not too crowded.\"}\n\nRemember, your goal is to find the overall agreement for your first date while staying in character.\n\nStart the game with the reason, your sentiment and the opening phrase.\n"}}, {"from": "Player 1", "to": "GM", "timestamp": "2024-09-12T18:39:35.170018", "action": {"type": "get message", "content": "[reason] Your profile caught my eye because of our shared interests. [end]\n\n[sentiment] Continue Conversation [end]\n\n[response] That's great! What do you think about going hiking together? It's something we both like. [end]"}}, {"from": "GM", "to": "GM", "timestamp": "2024-09-12T18:39:35.170395", "action": {"type": "parse", "content": "[reason] Your profile caught my eye because of our shared interests. [end]\n\n[sentiment] Continue Conversation [end]\n\n[response] That's great! What do you think about going hiking together? It's something we both like. [end] conforms to rules"}}], [{"from": "GM", "to": "Player 2", "timestamp": "2024-09-12T18:39:35.170526", "action": {"type": "send message", "content": "You are about to play a game with another player. In this game, you and the other player are both on an dating app, looking for a partner. In this case, both you and the other player decided, that you fancy each other's profile. Your and the other player's GOAL is it, to come to an agreement on what to do on your first date. At the start of the game you will be given two character sheets. The first one is the one, that defines your personality. The second one includes the information you know of the other player based on the information in their Bio on the dating app. You will be approached by the other player.\nOn each further turn you can react to what the other player tells you. For this you can either continue the conversation if you have not met an agreement yet or are not happy with the proposal, or end the game by agreeing to the proposal. \n\nThere is a total of four agreements throughout the game: \"Agreement on Time\", \"Agreement on Location\", \"Agreement on Action\", \"Overall Agreement\". You and the other player need to find an agreement on each of them.\nYou should only choose \"Overall Agreement\" after you and your date manage to settle an agreement for the other three ones (Time, Location, Action). \nYou have 15 turns to finish the game and find all agreements. \n\nYour answer has to consist ONLY of the following information and follow the given template:\n\n[reason] Your reason for your decision. [end]\n\n[sentiment] Choose one of the following: \"Continue Conversation\", \"Agreement on Time\", \"Agreement on Location\", \"Agreement on Action\", \"Overall Agreement\" [end]\n\n[response] Your response to the other player. This can include your sentiment, opinion, alternative. [end]\n\nYour answer for [response] must NOT exceed 100 tokens.\n\nThe game ends when 1) both you and the other player reply with the sentiment \"Overall Agreement\", 2) one of you chooses the sentiment \"Overall Agreement\" without the other one choosing it in the following turn, 3) you run out of turns to communicate or 4) you do not follow the template.\n\nThis is your character: {'NAME': 'Ethan Cooper', 'GENDER': 'Male', 'AGE': 28, 'APPEARANCE': 'Athletic build, tousled brown hair, blue eyes, casual but stylish clothing, confident smile.', 'OCCUPATION': 'Software Engineer', 'LIKES': 'Hiking, indie music, coffee shops.', 'DISLIKES': 'Crowded places, dishonesty, early mornings.', 'HOBBIES': 'Rock climbing, playing guitar, video game development.', 'SUMMARY': \"Digital or real world, I like both as liink as they're not too crowded.\"}\n\nThis is the character of the other player: ${'NAME': 'Ethan Cooper', 'SUMMARY': \"Digital or real world, I like both as liink as they're not too crowded.\"}\n\nRemember, your goal is to find the overall agreement for your first date while staying in character.\n\nContinue the game with the reason, your sentiment and an answer phrase to the first message of the other player:\n\nMessage:  That's great! What do you think about going hiking together? It's something we both like. [end]\n"}}, {"from": "Player 2", "to": "GM", "timestamp": "2024-09-12T18:39:41.317742", "action": {"type": "get message", "content": "[reason] I'm glad that we have common interests. However, I prefer rock climbing over hiking as it is more challenging and less crowded. [end]\n\n[sentiment] Agreement on Action [end]\n\n[response] I think rock climbing would be a great idea! It's something we both enjoy and it's less crowded than hiking. [end]"}}, {"from": "GM", "to": "GM", "timestamp": "2024-09-12T18:39:41.318256", "action": {"type": "parse", "content": "[reason] I'm glad that we have common interests. However, I prefer rock climbing over hiking as it is more challenging and less crowded. [end]\n\n[sentiment] Agreement on Action [end]\n\n[response] I think rock climbing would be a great idea! It's something we both enjoy and it's less crowded than hiking. [end] conforms to rules"}}], [{"from": "GM", "to": "Player 1", "timestamp": "2024-09-12T18:39:41.318388", "action": {"type": "send message", "content": "Ethan Cooper 's Message:  I think rock climbing would be a great idea! It's something we both enjoy and it's less crowded than hiking. [end]\n"}}, {"from": "Player 1", "to": "GM", "timestamp": "2024-09-12T18:39:47.791188", "action": {"type": "get message", "content": "[reason] Rock climbing sounds fun, but I'm not sure if we both have the equipment or experience to do that. [end]\n\n[sentiment] Agreement on Action [end]\n\n[response] How about we go for a walk in the park instead? It's less crowded and still allows us to enjoy each other's company. [end]"}}, {"from": "GM", "to": "GM", "timestamp": "2024-09-12T18:39:47.791406", "action": {"type": "parse", "content": "[reason] Rock climbing sounds fun, but I'm not sure if we both have the equipment or experience to do that. [end]\n\n[sentiment] Agreement on Action [end]\n\n[response] How about we go for a walk in the park instead? It's less crowded and still allows us to enjoy each other's company. [end] conforms to rules"}}, {"from": "GM", "to": "GM", "timestamp": "2024-09-12T18:39:47.791475", "action": {"type": "action agreement", "content": "agreement on action successful"}}], [{"from": "GM", "to": "Player 2", "timestamp": "2024-09-12T18:39:47.791602", "action": {"type": "send message", "content": "Ethan Cooper 's Message:  How about we go for a walk in the park instead? It's less crowded and still allows us to enjoy each other's company. [end]\n"}}, {"from": "Player 2", "to": "GM", "timestamp": "2024-09-12T18:39:55.483236", "action": {"type": "get message", "content": "[reason] I agree that going for a walk is a good idea, but I prefer rock climbing or hiking as it gives me more exercise and challenges. [end]\n\n[sentiment] Agreement on Action [end]\n\n[response] I understand your preference for more challenging activities. How about we compromise and go for a hike in the park? It's less crowded than other places and still allows us to enjoy each other's company. [end]"}}, {"from": "GM", "to": "GM", "timestamp": "2024-09-12T18:39:55.483569", "action": {"type": "parse", "content": "[reason] I agree that going for a walk is a good idea, but I prefer rock climbing or hiking as it gives me more exercise and challenges. [end]\n\n[sentiment] Agreement on Action [end]\n\n[response] I understand your preference for more challenging activities. How about we compromise and go for a hike in the park? It's less crowded than other places and still allows us to enjoy each other's company. [end] conforms to rules"}}, {"from": "GM", "to": "GM", "timestamp": "2024-09-12T18:39:55.483670", "action": {"type": "already agreed", "content": "Agreement on Action was already achieved."}}], [{"from": "GM", "to": "Player 1", "timestamp": "2024-09-12T18:39:55.483898", "action": {"type": "send message", "content": "Ethan Cooper 's Message:  I understand your preference for more challenging activities. How about we compromise and go for a hike in the park? It's less crowded than other places and still allows us to enjoy each other's company. [end]\n"}}, {"from": "Player 1", "to": "GM", "timestamp": "2024-09-12T18:40:02.231702", "action": {"type": "get message", "content": "[reason] That sounds like a good idea, especially since it combines our love of hiking with a more relaxed setting. [end]\n\n[sentiment] Agreement on Action [end]\n\n[response] I agree! Let's plan the date for this weekend. What day works best for you? [end]"}}, {"from": "GM", "to": "GM", "timestamp": "2024-09-12T18:40:02.232151", "action": {"type": "parse", "content": "[reason] That sounds like a good idea, especially since it combines our love of hiking with a more relaxed setting. [end]\n\n[sentiment] Agreement on Action [end]\n\n[response] I agree! Let's plan the date for this weekend. What day works best for you? [end] conforms to rules"}}, {"from": "GM", "to": "GM", "timestamp": "2024-09-12T18:40:02.232219", "action": {"type": "already agreed", "content": "Agreement on Action was already achieved."}}], [{"from": "GM", "to": "Player 2", "timestamp": "2024-09-12T18:40:02.232330", "action": {"type": "send message", "content": "Ethan Cooper 's Message:  I agree! Let's plan the date for this weekend. What day works best for you? [end]\n"}}, {"from": "Player 2", "to": "GM", "timestamp": "2024-09-12T18:40:09.946230", "action": {"type": "get message", "content": "[reason] That sounds like a great idea! I'm free on Saturday, so that would be perfect. [end]\n\n[sentiment] Agreement on Time [end]\n\n[response] Awesome! Saturday it is. How about we meet at the park around 2 pm? It's less crowded and gives us plenty of time to enjoy our hike. [end]"}}, {"from": "GM", "to": "GM", "timestamp": "2024-09-12T18:40:09.946464", "action": {"type": "parse", "content": "[reason] That sounds like a great idea! I'm free on Saturday, so that would be perfect. [end]\n\n[sentiment] Agreement on Time [end]\n\n[response] Awesome! Saturday it is. How about we meet at the park around 2 pm? It's less crowded and gives us plenty of time to enjoy our hike. [end] conforms to rules"}}, {"from": "GM", "to": "GM", "timestamp": "2024-09-12T18:40:09.946504", "action": {"type": "mismatch action agreement", "content": "no action agreement, mismatched sentiment"}}], [{"from": "GM", "to": "Player 1", "timestamp": "2024-09-12T18:40:09.946574", "action": {"type": "send message", "content": "Ethan Cooper 's Message:  Awesome! Saturday it is. How about we meet at the park around 2 pm? It's less crowded and gives us plenty of time to enjoy our hike. [end]\n"}}, {"from": "Player 1", "to": "GM", "timestamp": "2024-09-12T18:40:17.430587", "action": {"type": "get message", "content": "[reason] That time works great for me too. I'm looking forward to spending time with you. [end]\n\n[sentiment] Agreement on Time [end]\n\n[response] Great! See you at 2 pm on Saturday then. What should we do if the weather is bad? [end]"}}, {"from": "GM", "to": "GM", "timestamp": "2024-09-12T18:40:17.430854", "action": {"type": "parse", "content": "[reason] That time works great for me too. I'm looking forward to spending time with you. [end]\n\n[sentiment] Agreement on Time [end]\n\n[response] Great! See you at 2 pm on Saturday then. What should we do if the weather is bad? [end] conforms to rules"}}, {"from": "GM", "to": "GM", "timestamp": "2024-09-12T18:40:17.430890", "action": {"type": "time agreement", "content": "agreement on time successful"}}], [{"from": "GM", "to": "Player 2", "timestamp": "2024-09-12T18:40:17.430951", "action": {"type": "send message", "content": "Ethan Cooper 's Message:  Great! See you at 2 pm on Saturday then. What should we do if the weather is bad? [end]\n"}}, {"from": "Player 2", "to": "GM", "timestamp": "2024-09-12T18:40:26.494396", "action": {"type": "get message", "content": "[reason] That sounds good, I'm looking forward to it. If the weather is bad, we can always go for a walk or find an indoor activity like a coffee shop. [end]\n\n[sentiment] Agreement on Time [end]\n\n[response] Perfect! We'll have a great time no matter what the weather brings. Let's meet at the park around 2 pm on Saturday and enjoy our hike together. [end]"}}, {"from": "GM", "to": "GM", "timestamp": "2024-09-12T18:40:26.496248", "action": {"type": "parse", "content": "[reason] That sounds good, I'm looking forward to it. If the weather is bad, we can always go for a walk or find an indoor activity like a coffee shop. [end]\n\n[sentiment] Agreement on Time [end]\n\n[response] Perfect! We'll have a great time no matter what the weather brings. Let's meet at the park around 2 pm on Saturday and enjoy our hike together. [end] conforms to rules"}}, {"from": "GM", "to": "GM", "timestamp": "2024-09-12T18:40:26.496457", "action": {"type": "already agreed", "content": "Agreement on Time was already achieved."}}], [{"from": "GM", "to": "Player 1", "timestamp": "2024-09-12T18:40:26.496594", "action": {"type": "send message", "content": "Ethan Cooper 's Message:  Perfect! We'll have a great time no matter what the weather brings. Let's meet at the park around 2 pm on Saturday and enjoy our hike together. [end]\n"}}, {"from": "Player 1", "to": "GM", "timestamp": "2024-09-12T18:40:34.161726", "action": {"type": "get message", "content": "[reason] I'm glad we could agree on a plan for our first date. [end]\n\n[sentiment] Overall Agreement [end]\n\n[response] Thanks for agreeing to the hike! Looking forward to meeting you at the park on Saturday. See you then! [end]"}}, {"from": "GM", "to": "GM", "timestamp": "2024-09-12T18:40:34.162051", "action": {"type": "parse", "content": "[reason] I'm glad we could agree on a plan for our first date. [end]\n\n[sentiment] Overall Agreement [end]\n\n[response] Thanks for agreeing to the hike! Looking forward to meeting you at the park on Saturday. See you then! [end] conforms to rules"}}, {"from": "GM", "to": "GM", "timestamp": "2024-09-12T18:40:34.162132", "action": {"type": "mismatch time agreement", "content": "no time agreement, mismatched sentiment"}}], [{"from": "GM", "to": "Player 2", "timestamp": "2024-09-12T18:40:34.162265", "action": {"type": "send message", "content": "Ethan Cooper 's Message:  Thanks for agreeing to the hike! Looking forward to meeting you at the park on Saturday. See you then! [end]\n"}}, {"from": "Player 2", "to": "GM", "timestamp": "2024-09-12T18:40:43.528086", "action": {"type": "get message", "content": "[reason] I'm excited too! It's going to be a fun day. See you at the park around 2 pm on Saturday. Have a great time until then! [end]\n\n[sentiment] Overall Agreement [end]\n\n[response] Thanks, Ethan! I'll see you at the park on Saturday. Can't wait to hike and get to know each other better. [end]"}}, {"from": "GM", "to": "GM", "timestamp": "2024-09-12T18:40:43.528425", "action": {"type": "parse", "content": "[reason] I'm excited too! It's going to be a fun day. See you at the park around 2 pm on Saturday. Have a great time until then! [end]\n\n[sentiment] Overall Agreement [end]\n\n[response] Thanks, Ethan! I'll see you at the park on Saturday. Can't wait to hike and get to know each other better. [end] conforms to rules"}}, {"from": "GM", "to": "GM", "timestamp": "2024-09-12T18:40:43.528482", "action": {"type": "overall agreement", "content": "game successful"}}]], "max_turns": 15, "completed_turns": 10, "time_agreement": true, "location_agreement": false, "action_agreement": true}